#include "track_tiles.h"

const uint16_t track_tiles[TRACK_TILE_COUNT][TRACK_TILE_PIXELS] =
{
    [TRACK_TILE_GRASS] = {
        0x256C, 0x256C, 0x256C, 0x256C, 0x256C, 0x256C, 0x256C, 0x256C, 0x256C, 0x256C, 0x256C, 0x256C, 0x256C, 0x256C, 0x256C, 0x256C, 0x256C, 0x256C, 0x256C, 0x256C, 0x256C, 0x256C, 0x256C, 0x256C, 0x256C, 0x256C, 0x256C, 0x256C, 0x256C, 0x256C, 0x256C, 0x256C,
        0x256C, 0x256C, 0x256C, 0x256C, 0x256C, 0x256C, 0x256C, 0x256C, 0x256C, 0x256C, 0x256C, 0x256C, 0x256C, 0x256C, 0x256C, 0x256C, 0x256C, 0x256C, 0x256C, 0x256C, 0x256C, 0x256C, 0x256C, 0x256C, 0x256C, 0x256C, 0x256C, 0x256C, 0x256C, 0x256C, 0x256C, 0x256C,
        0x256C, 0x256C, 0x256C, 0x256C, 0x256C, 0x256C, 0x256C, 0x256C, 0x256C, 0x256C, 0x256C, 0x256C, 0x256C, 0x256C, 0x2DCC, 0x2DED, 0x256C, 0x256C, 0x256C, 0x256C, 0x256C, 0x256C, 0x256C, 0x256C, 0x256C, 0x256C, 0x256C, 0x256C, 0x256C, 0x256C, 0x256C, 0x256C,
        0x256C, 0x256C, 0x256C, 0x256C, 0x256C, 0x256C, 0x256C, 0x256C, 0x256C, 0x256C, 0x256C, 0x256C, 0x256C, 0x256C, 0x2DCD, 0x2DCD, 0x2DCD, 0x2D8C, 0x2DCD, 0x2DCD, 0x256C, 0x256C, 0x256C, 0x256C, 0x256C, 0x256C, 0x256C, 0x256C, 0x256C, 0x256C, 0x256C, 0x256C,
        0x256C, 0x256C, 0x256C, 0x256C, 0x256C, 0x256C, 0x256C, 0x256C, 0x256C, 0x256C, 0x256C, 0x256C, 0x256C, 0x256C, 0x2DCC, 0x2DCC, 0x2DCC, 0x2DCC, 0x2DCC, 0x256C, 0x256C, 0x256C, 0x256C, 0x256C, 0x256C, 0x256C, 0x256C, 0x256C, 0x256C, 0x256C, 0x256C, 0x256C,
        0x256C, 0x256C, 0x256C, 0x256C, 0x256C, 0x256C, 0x256C, 0x256C, 0x256C, 0x256C, 0x256C, 0x256C, 0x256C, 0x2DAC, 0x2DAC, 0x2DAC, 0x2DAC, 0x2DAC, 0x2DAC, 0x256C, 0x256C, 0x256C, 0x256C, 0x256C, 0x256C, 0x256C, 0x256C, 0x256C, 0x256C, 0x256C, 0x256C, 0x256C,
        0x256C, 0x256C, 0x256C, 0x256C, 0x256C, 0x256C, 0x256C, 0x256C, 0x256C, 0x256C, 0x256C, 0x256C, 0x256C, 0x2D8C, 0x2D8C, 0x2D8C, 0x2D8C, 0x2D8C, 0x2D8C, 0x2D8C, 0x256C, 0x256C, 0x256C, 0x256C, 0x256C, 0x256C, 0x256C, 0x256C, 0x256C, 0x256C, 0x256C, 0x256C,
        0x256C, 0x256C, 0x256C, 0x256C, 0x256C, 0x256C, 0x256C, 0x256C, 0x256C, 0x256C, 0x256C, 0x256C, 0x256C, 0x256C, 0x256C, 0x256C, 0x256C, 0x256C, 0x256C, 0x256C, 0x256C, 0x256C, 0x256C, 0x256C, 0x256C, 0x256C, 0x256C, 0x256C, 0x256C, 0x256C, 0x256C, 0x256C,
        0x256C, 0x256C, 0x256C, 0x256C, 0x256C, 0x256C, 0x256C, 0x256C, 0x256C, 0x256C, 0x256C, 0x256C, 0x256C, 0x256C, 0x256C, 0x256C, 0x256C, 0x256C, 0x256C, 0x256C, 0x256C, 0x256C, 0x256C, 0x256C, 0x256C, 0x256C, 0x256C, 0x256C, 0x256C, 0x256C, 0x256C, 0x256C,
        0x256C, 0x256C, 0x256C, 0x256C, 0x256C, 0x256C, 0x256C, 0x256C, 0x256C, 0x256C, 0x256C, 0x256C, 0x256C, 0x256C, 0x256C, 0x256C, 0x256C, 0x256C, 0x256C, 0x256C, 0x256C, 0x256C, 0x256C, 0x256C, 0x256C, 0x256C, 0x256C, 0x256C, 0x256C, 0x256C, 0x256C, 0x256C,
        0x256C, 0x256C, 0x256C, 0x256C, 0x256C, 0x256C, 0x256C, 0x256C, 0x2DED, 0x2DCD, 0x256C, 0x256C, 0x256C, 0x256C, 0x256C, 0x256C, 0x256C, 0x256C, 0x256C, 0x256C, 0x256C, 0x256C, 0x256C, 0x256C, 0x256C, 0x256C, 0x256C, 0x256C, 0x256C, 0x256C, 0x256C, 0x256C,
        0x256C, 0x256C, 0x256C, 0x256C, 0x2DCD, 0x2DCD, 0x256C, 0x2DAC, 0x2DCD, 0x2DCD, 0x256C, 0x256C, 0x256C, 0x256C, 0x256C, 0x256C, 0x256C, 0x256C, 0x256C, 0x256C, 0x256C, 0x256C, 0x256C, 0x256C, 0x256C, 0x256C, 0x256C, 0x256C, 0x256C, 0x256C, 0x256C, 0x256C,
        0x256C, 0x256C, 0x256C, 0x256C, 0x256C, 0x2DCC, 0x2DCC, 0x2DCC, 0x2DCC, 0x2DCC, 0x256C, 0x256C, 0x256C, 0x256C, 0x256C, 0x256C, 0x256C, 0x256C, 0x256C, 0x256C, 0x256C, 0x256C, 0x256C, 0x256C, 0x256C, 0x256C, 0x256C, 0x256C, 0x256C, 0x256C, 0x256C, 0x256C,
        0x256C, 0x256C, 0x256C, 0x256C, 0x256C, 0x2DAC, 0x2DAC, 0x2DAC, 0x2DAC, 0x2DAC, 0x2DAC, 0x256C, 0x256C, 0x256C, 0x256C, 0x256C, 0x256C, 0x256C, 0x256C, 0x256C, 0x256C, 0x256C, 0x256C, 0x256C, 0x256C, 0x256C, 0x256C, 0x256C, 0x256C, 0x256C, 0x256C, 0x256C,
        0x256C, 0x256C, 0x256C, 0x256C, 0x2D8C, 0x2D8C, 0x2D8C, 0x2D8C, 0x2D8C, 0x2D8C, 0x2D8C, 0x256C, 0x256C, 0x256C, 0x256C, 0x256C, 0x256C, 0x256C, 0x256C, 0x256C, 0x256C, 0x256C, 0x2DED, 0x256C, 0x256C, 0x256C, 0x256C, 0x256C, 0x256C, 0x256C, 0x256C, 0x256C,
        0x256C, 0x256C, 0x256C, 0x256C, 0x256C, 0x256C, 0x256C, 0x256C, 0x256C, 0x256C, 0x256C, 0x256C, 0x256C, 0x256C, 0x256C, 0x256C, 0x256C, 0x256C, 0x256C, 0x256C, 0x256C, 0x256C, 0x2DED, 0x256C, 0x256C, 0x256C, 0x256C, 0x256C, 0x256C, 0x256C, 0x256C, 0x256C,
        0x256C, 0x256C, 0x256C, 0x256C, 0x256C, 0x256C, 0x256C, 0x256C, 0x256C, 0x256C, 0x256C, 0x256C, 0x256C, 0x256C, 0x256C, 0x256C, 0x256C, 0x256C, 0x256C, 0x256C, 0x256C, 0x256C, 0x2DCC, 0x2DCC, 0x256C, 0x256C, 0x256C, 0x256C, 0x256C, 0x256C, 0x256C, 0x256C,
        0x256C, 0x256C, 0x256C, 0x256C, 0x256C, 0x256C, 0x256C, 0x256C, 0x256C, 0x256C, 0x256C, 0x256C, 0x256C, 0x256C, 0x256C, 0x256C, 0x256C, 0x256C, 0x256C, 0x256C, 0x256C, 0x256C, 0x2DAC, 0x2DAC, 0x2DAC, 0x256C, 0x256C, 0x256C, 0x256C, 0x256C, 0x256C, 0x256C,
        0x256C, 0x256C, 0x256C, 0x256C, 0x256C, 0x256C, 0x256C, 0x256C, 0x256C, 0x256C, 0x256C, 0x256C, 0x256C, 0x256C, 0x256C, 0x256C, 0x256C, 0x256C, 0x256C, 0x256C, 0x2D8C, 0x2D8C, 0x2D8C, 0x2D8C, 0x2D8C, 0x256C, 0x256C, 0x256C, 0x256C, 0x256C, 0x256C, 0x256C,
        0x256C, 0x256C, 0x256C, 0x256C, 0x256C, 0x256C, 0x256C, 0x256C, 0x256C, 0x256C, 0x256C, 0x256C, 0x256C, 0x256C, 0x256C, 0x256C, 0x256C, 0x256C, 0x256C, 0x256C, 0x256C, 0x256C, 0x256C, 0x256C, 0x256C, 0x256C, 0x256C, 0x256C, 0x256C, 0x256C, 0x256C, 0x256C,
        0x256C, 0x256C, 0x256C, 0x256C, 0x256C, 0x256C, 0x256C, 0x256C, 0x256C, 0x256C, 0x256C, 0x256C, 0x256C, 0x256C, 0x256C, 0x256C, 0x256C, 0x256C, 0x256C, 0x256C, 0x256C, 0x256C, 0x256C, 0x256C, 0x256C, 0x256C, 0x256C, 0x2DED, 0x256C, 0x256C, 0x256C, 0x256C,
        0x256C, 0x256C, 0x256C, 0x256C, 0x256C, 0x256C, 0x256C, 0x256C, 0x256C, 0x256C, 0x256C, 0x256C, 0x256C, 0x256C, 0x256C, 0x256C, 0x256C, 0x256C, 0x256C, 0x256C, 0x256C, 0x256C, 0x256C, 0x256C, 0x256C, 0x256C, 0x256C, 0x2DED, 0x2D8C, 0x256C, 0x256C, 0x256C,
        0x256C, 0x256C, 0x256C, 0x256C, 0x256C, 0x256C, 0x256C, 0x256C, 0x256C, 0x256C, 0x256C, 0x256C, 0x256C, 0x256C, 0x256C, 0x256C, 0x256C, 0x256C, 0x256C, 0x256C, 0x256C, 0x256C, 0x256C, 0x256C, 0x256C, 0x256C, 0x256C, 0x2DCC, 0x2DCC, 0x256C, 0x256C, 0x256C,
        0x256C, 0x256C, 0x256C, 0x256C, 0x256C, 0x256C, 0x256C, 0x256C, 0x256C, 0x256C, 0x256C, 0x256C, 0x256C, 0x256C, 0x256C, 0x256C, 0x256C, 0x256C, 0x256C, 0x256C, 0x256C, 0x256C, 0x256C, 0x256C, 0x256C, 0x256C, 0x256C, 0x2DAC, 0x2DAC, 0x2DAC, 0x256C, 0x256C,
        0x256C, 0x256C, 0x256C, 0x256C, 0x256C, 0x256C, 0x256C, 0x256C, 0x256C, 0x256C, 0x256C, 0x256C, 0x256C, 0x256C, 0x256C, 0x256C, 0x256C, 0x256C, 0x256C, 0x256C, 0x256C, 0x256C, 0x256C, 0x256C, 0x256C, 0x258C, 0x2D8C, 0x2D8C, 0x2D8C, 0x2D8C, 0x256C, 0x256C,
        0x256C, 0x256C, 0x256C, 0x256C, 0x256C, 0x256C, 0x256C, 0x256C, 0x256C, 0x256C, 0x256C, 0x256C, 0x256C, 0x256C, 0x256C, 0x256C, 0x256C, 0x256C, 0x256C, 0x256C, 0x256C, 0x256C, 0x256C, 0x256C, 0x256C, 0x256C, 0x256C, 0x256C, 0x256C, 0x256C, 0x256C, 0x256C,
        0x256C, 0x256C, 0x256C, 0x256C, 0x256C, 0x256C, 0x256C, 0x256C, 0x256C, 0x256C, 0x256C, 0x256C, 0x256C, 0x256C, 0x256C, 0x256C, 0x256C, 0x256C, 0x256C, 0x256C, 0x256C, 0x256C, 0x256C, 0x256C, 0x256C, 0x256C, 0x256C, 0x256C, 0x256C, 0x256C, 0x256C, 0x256C,
        0x256C, 0x256C, 0x256C, 0x256C, 0x256C, 0x256C, 0x256C, 0x256C, 0x256C, 0x256C, 0x256C, 0x256C, 0x256C, 0x256C, 0x256C, 0x256C, 0x256C, 0x256C, 0x256C, 0x256C, 0x256C, 0x256C, 0x256C, 0x256C, 0x256C, 0x256C, 0x256C, 0x256C, 0x256C, 0x256C, 0x256C, 0x256C,
        0x256C, 0x256C, 0x256C, 0x256C, 0x256C, 0x256C, 0x256C, 0x256C, 0x256C, 0x256C, 0x256C, 0x256C, 0x256C, 0x256C, 0x256C, 0x256C, 0x256C, 0x256C, 0x256C, 0x256C, 0x256C, 0x256C, 0x256C, 0x256C, 0x256C, 0x256C, 0x256C, 0x256C, 0x256C, 0x256C, 0x256C, 0x256C,
        0x256C, 0x256C, 0x256C, 0x256C, 0x256C, 0x256C, 0x256C, 0x256C, 0x256C, 0x256C, 0x256C, 0x256C, 0x256C, 0x256C, 0x256C, 0x256C, 0x256C, 0x256C, 0x256C, 0x256C, 0x256C, 0x256C, 0x256C, 0x256C, 0x256C, 0x256C, 0x256C, 0x256C, 0x256C, 0x256C, 0x256C, 0x256C,
        0x256C, 0x256C, 0x256C, 0x256C, 0x256C, 0x256C, 0x256C, 0x256C, 0x256C, 0x256C, 0x256C, 0x256C, 0x256C, 0x256C, 0x256C, 0x256C, 0x256C, 0x256C, 0x256C, 0x256C, 0x256C, 0x256C, 0x256C, 0x256C, 0x256C, 0x256C, 0x256C, 0x256C, 0x256C, 0x256C, 0x256C, 0x256C,
        0x256C, 0x256C, 0x256C, 0x256C, 0x256C, 0x256C, 0x256C, 0x256C, 0x256C, 0x256C, 0x256C, 0x256C, 0x256C, 0x256C, 0x256C, 0x256C, 0x256C, 0x256C, 0x256C, 0x256C, 0x256C, 0x256C, 0x256C, 0x256C, 0x256C, 0x256C, 0x256C, 0x256C, 0x256C, 0x256C, 0x256C, 0x256C
    },
    [TRACK_TILE_ROAD_00] = {
        0x256C, 0x256C, 0xF79E, 0xF79E, 0xF79E, 0x256C, 0x256C, 0x256C, 0x256C, 0x256C, 0x256C, 0x256C, 0x256C, 0x256C, 0x256C, 0x256C, 0x256C, 0x256C, 0x256C, 0x256C, 0x256C, 0x256C, 0x256C, 0x256C, 0x256C, 0x256C, 0x256C, 0xF79E, 0xF79E, 0xF79E, 0x256C, 0x256C,
        0x256C, 0x256C, 0xF79E, 0xF79E, 0xF79E, 0x256C, 0x256C, 0x256C, 0x256C, 0x256C, 0x256C, 0x256C, 0x256C, 0x256C, 0x256C, 0x256C, 0x256C, 0x256C, 0x256C, 0x256C, 0x256C, 0x256C, 0x256C, 0x256C, 0x256C, 0x256C, 0x256C, 0xF79E, 0xF79E, 0xF79E, 0x256C, 0x256C,
        0x256C, 0x256C, 0xF79E, 0xF79E, 0xF79E, 0xF79E, 0xF79E, 0xF79E, 0xD165, 0xD165, 0xD165, 0xD165, 0xD165, 0xD165, 0xD165, 0xD165, 0xF79E, 0xF79E, 0xF79E, 0xF79E, 0xF79E, 0xF79E, 0xF79E, 0xF79E, 0xD165, 0xD165, 0xD165, 0xF79E, 0xF79E, 0xF79E, 0x256C, 0x256C,
        0x256C, 0x256C, 0xF79E, 0xF79E, 0xF79E, 0xF79E, 0xF79E, 0xF79E, 0xD165, 0xD165, 0xD165, 0xD165, 0xD165, 0xD165, 0xD165, 0xD165, 0xF79E, 0xF79E, 0xF79E, 0xF79E, 0xF79E, 0xF79E, 0xF79E, 0xF79E, 0xD165, 0xD165, 0xD165, 0xF79E, 0xF79E, 0xF79E, 0x256C, 0x256C,
        0x256C, 0x256C, 0xF79E, 0xF79E, 0xF79E, 0xF79E, 0xF79E, 0xF79E, 0xD165, 0xD165, 0xD165, 0xD165, 0xD165, 0xD165, 0xD165, 0xD165, 0xF79E, 0xF79E, 0xF79E, 0xF79E, 0xF79E, 0xF79E, 0xF79E, 0xF79E, 0xD165, 0xD165, 0xD165, 0xF79E, 0xF79E, 0xF79E, 0x256C, 0x256C,
        0x256C, 0x256C, 0xF79E, 0xF79E, 0xF79E, 0xA659, 0xA659, 0xA659, 0xA659, 0xA659, 0xA659, 0xA659, 0xA659, 0xA659, 0xA659, 0xA659, 0xA659, 0xA659, 0xA659, 0xA659, 0xA659, 0xA659, 0xA659, 0xA659, 0xA659, 0xA659, 0xA659, 0xF79E, 0xF79E, 0xF79E, 0x256C, 0x256C,
        0x256C, 0x256C, 0xF79E, 0xF79E, 0xF79E, 0xA659, 0xA659, 0xA659, 0xA659, 0xA659, 0xA659, 0xA659, 0xA659, 0xA659, 0xA659, 0xA659, 0xA659, 0xA659, 0xA659, 0xA659, 0xA659, 0xA659, 0xA659, 0xA659, 0xA659, 0xA659, 0xA659, 0xF79E, 0xF79E, 0xF79E, 0x256C, 0x256C,
        0x256C, 0x256C, 0xF79E, 0xF79E, 0xF79E, 0xA659, 0xA659, 0xA659, 0xA659, 0xA659, 0xA659, 0xA659, 0xA659, 0xA659, 0xA659, 0xA659, 0xA659, 0xA659, 0xA659, 0xA659, 0xA659, 0xA659, 0xA659, 0xA659, 0xA659, 0xA659, 0xA659, 0xF79E, 0xF79E, 0xF79E, 0x256C, 0x256C,
        0x256C, 0x256C, 0xD165, 0xD165, 0xD165, 0xA659, 0xA659, 0xA659, 0xA659, 0xA659, 0xA659, 0xA659, 0xA659, 0xA659, 0xA659, 0xA659, 0xA659, 0xA659, 0xA659, 0xA659, 0xA659, 0xA659, 0xA659, 0xA659, 0xA659, 0xA659, 0xA659, 0xD165, 0xD165, 0xD165, 0x256C, 0x256C,
        0x256C, 0x256C, 0xD165, 0xD165, 0xD165, 0xA659, 0xA659, 0xA659, 0xA659, 0xA659, 0xA659, 0xA659, 0xA659, 0xA659, 0xA659, 0xA659, 0xA659, 0xA659, 0xA659, 0xA659, 0xA659, 0xA659, 0xA659, 0xA659, 0xA659, 0xA659, 0xA659, 0xD165, 0xD165, 0xD165, 0x256C, 0x256C,
        0x256C, 0x256C, 0xD165, 0xD165, 0xD165, 0xA659, 0xA659, 0xA659, 0xA659, 0xA659, 0xA659, 0xA659, 0xA659, 0xA659, 0xA659, 0xA659, 0xA659, 0xA659, 0xA659, 0xA659, 0xA659, 0xA659, 0xA659, 0xA659, 0xA659, 0xA659, 0xA659, 0xD165, 0xD165, 0xD165, 0x256C, 0x256C,
        0x256C, 0x256C, 0xD165, 0xD165, 0xD165, 0xA659, 0xA659, 0xA659, 0xA659, 0xA659, 0xA659, 0xA659, 0xA659, 0xA659, 0xA659, 0xA659, 0xA659, 0xA659, 0xA659, 0xA659, 0xA659, 0xA659, 0xA659, 0xA659, 0xA659, 0xA659, 0xA659, 0xD165, 0xD165, 0xD165, 0x256C, 0x256C,
        0x256C, 0x256C, 0xD165, 0xD165, 0xD165, 0xA659, 0xA659, 0xA659, 0xA659, 0xA659, 0xA659, 0xA659, 0xA659, 0xA659, 0xA659, 0xA659, 0xA659, 0xA659, 0xA659, 0xA659, 0xA659, 0xA659, 0xA659, 0xA659, 0xA659, 0xA659, 0xA659, 0xD165, 0xD165, 0xD165, 0x256C, 0x256C,
        0x256C, 0x256C, 0xD165, 0xD165, 0xD165, 0xA659, 0xA659, 0xA659, 0xA659, 0xA659, 0xA659, 0xA659, 0xA659, 0xA659, 0xA659, 0xA659, 0xA659, 0xA659, 0xA659, 0xA659, 0xA659, 0xA659, 0xA659, 0xA659, 0xA659, 0xA659, 0xA659, 0xD165, 0xD165, 0xD165, 0x256C, 0x256C,
        0x256C, 0x256C, 0xD165, 0xD165, 0xD165, 0xA659, 0xA659, 0xA659, 0xA659, 0xA659, 0xA659, 0xA659, 0xA659, 0xA659, 0xA659, 0xA659, 0xA659, 0xA659, 0xA659, 0xA659, 0xA659, 0xA659, 0xA659, 0xA659, 0xA659, 0xA659, 0xA659, 0xD165, 0xD165, 0xD165, 0x256C, 0x256C,
        0x256C, 0x256C, 0xD165, 0xD165, 0xD165, 0xA659, 0xA659, 0xA659, 0xA659, 0xA659, 0xA659, 0xA659, 0xA659, 0xA659, 0xA659, 0xA659, 0xA659, 0xA659, 0xA659, 0xA659, 0xA659, 0xA659, 0xA659, 0xA659, 0xA659, 0xA659, 0xA659, 0xD165, 0xD165, 0xD165, 0x256C, 0x256C,
        0x256C, 0x256C, 0xF79E, 0xF79E, 0xF79E, 0xA659, 0xA659, 0xA659, 0xA659, 0xA659, 0xA659, 0xA659, 0xA659, 0xA659, 0xA659, 0xA659, 0xA659, 0xA659, 0xA659, 0xA659, 0xA659, 0xA659, 0xA659, 0xA659, 0xA659, 0xA659, 0xA659, 0xF79E, 0xF79E, 0xF79E, 0x256C, 0x256C,
        0x256C, 0x256C, 0xF79E, 0xF79E, 0xF79E, 0xA659, 0xA659, 0xA659, 0xA659, 0xA659, 0xA659, 0xA659, 0xA659, 0xA659, 0xA659, 0xA659, 0xA659, 0xA659, 0xA659, 0xA659, 0xA659, 0xA659, 0xA659, 0xA659, 0xA659, 0xA659, 0xA659, 0xF79E, 0xF79E, 0xF79E, 0x256C, 0x256C,
        0x256C, 0x256C, 0xF79E, 0xF79E, 0xF79E, 0xA659, 0xA659, 0xA659, 0xA659, 0xA659, 0xA659, 0xA659, 0xA659, 0xA659, 0xA659, 0xA659, 0xA659, 0xA659, 0xA659, 0xA659, 0xA659, 0xA659, 0xA659, 0xA659, 0xA659, 0xA659, 0xA659, 0xF79E, 0xF79E, 0xF79E, 0x256C, 0x256C,
        0x256C, 0x256C, 0xF79E, 0xF79E, 0xF79E, 0xA659, 0xA659, 0xA659, 0xA659, 0xA659, 0xA659, 0xA659, 0xA659, 0xA659, 0xA659, 0xA659, 0xA659, 0xA659, 0xA659, 0xA659, 0xA659, 0xA659, 0xA659, 0xA659, 0xA659, 0xA659, 0xA659, 0xF79E, 0xF79E, 0xF79E, 0x256C, 0x256C,
        0x256C, 0x256C, 0xF79E, 0xF79E, 0xF79E, 0xA659, 0xA659, 0xA659, 0xA659, 0xA659, 0xA659, 0xA659, 0xA659, 0xA659, 0xA659, 0xA659, 0xA659, 0xA659, 0xA659, 0xA659, 0xA659, 0xA659, 0xA659, 0xA659, 0xA659, 0xA659, 0xA659, 0xF79E, 0xF79E, 0xF79E, 0x256C, 0x256C,
        0x256C, 0x256C, 0xF79E, 0xF79E, 0xF79E, 0xA659, 0xA659, 0xA659, 0xA659, 0xA659, 0xA659, 0xA659, 0xA659, 0xA659, 0xA659, 0xA659, 0xA659, 0xA659, 0xA659, 0xA659, 0xA659, 0xA659, 0xA659, 0xA659, 0xA659, 0xA659, 0xA659, 0xF79E, 0xF79E, 0xF79E, 0x256C, 0x256C,
        0x256C, 0x256C, 0xF79E, 0xF79E, 0xF79E, 0xA659, 0xA659, 0xA659, 0xA659, 0xA659, 0xA659, 0xA659, 0xA659, 0xA659, 0xA659, 0xA659, 0xA659, 0xA659, 0xA659, 0xA659, 0xA659, 0xA659, 0xA659, 0xA659, 0xA659, 0xA659, 0xA659, 0xF79E, 0xF79E, 0xF79E, 0x256C, 0x256C,
        0x256C, 0x256C, 0xF79E, 0xF79E, 0xF79E, 0xA659, 0xA659, 0xA659, 0xA659, 0xA659, 0xA659, 0xA659, 0xA659, 0xA659, 0xA659, 0xA659, 0xA659, 0xA659, 0xA659, 0xA659, 0xA659, 0xA659, 0xA659, 0xA659, 0xA659, 0xA659, 0xA659, 0xF79E, 0xF79E, 0xF79E, 0x256C, 0x256C,
        0x256C, 0x256C, 0xD165, 0xD165, 0xD165, 0xA659, 0xA659, 0xA659, 0xA659, 0xA659, 0xA659, 0xA659, 0xA659, 0xA659, 0xA659, 0xA659, 0xA659, 0xA659, 0xA659, 0xA659, 0xA659, 0xA659, 0xA659, 0xA659, 0xA659, 0xA659, 0xA659, 0xD165, 0xD165, 0xD165, 0x256C, 0x256C,
        0x256C, 0x256C, 0xD165, 0xD165, 0xD165, 0xA659, 0xA659, 0xA659, 0xA659, 0xA659, 0xA659, 0xA659, 0xA659, 0xA659, 0xA659, 0xA659, 0xA659, 0xA659, 0xA659, 0xA659, 0xA659, 0xA659, 0xA659, 0xA659, 0xA659, 0xA659, 0xA659, 0xD165, 0xD165, 0xD165, 0x256C, 0x256C,
        0x256C, 0x256C, 0xD165, 0xD165, 0xD165, 0xA659, 0xA659, 0xA659, 0xA659, 0xA659, 0xA659, 0xA659, 0xA659, 0xA659, 0xA659, 0xA659, 0xA659, 0xA659, 0xA659, 0xA659, 0xA659, 0xA659, 0xA659, 0xA659, 0xA659, 0xA659, 0xA659, 0xD165, 0xD165, 0xD165, 0x256C, 0x256C,
        0x256C, 0x256C, 0xD165, 0xD165, 0xD165, 0xF79E, 0xF79E, 0xF79E, 0xD165, 0xD165, 0xD165, 0xD165, 0xD165, 0xD165, 0xD165, 0xD165, 0xF79E, 0xF79E, 0xF79E, 0xF79E, 0xF79E, 0xF79E, 0xF79E, 0xF79E, 0xD165, 0xD165, 0xD165, 0xD165, 0xD165, 0xD165, 0xD165, 0xD165,
        0x256C, 0x256C, 0xD165, 0xD165, 0xD165, 0xF79E, 0xF79E, 0xF79E, 0xD165, 0xD165, 0xD165, 0xD165, 0xD165, 0xD165, 0xD165, 0xD165, 0xF79E, 0xF79E, 0xF79E, 0xF79E, 0xF79E, 0xF79E, 0xF79E, 0xF79E, 0xD165, 0xD165, 0xD165, 0xD165, 0xD165, 0xD165, 0xD165, 0xD165,
        0x256C, 0x256C, 0xD165, 0xD165, 0xD165, 0xF79E, 0xF79E, 0xF79E, 0xD165, 0xD165, 0xD165, 0xD165, 0xD165, 0xD165, 0xD165, 0xD165, 0xF79E, 0xF79E, 0xF79E, 0xF79E, 0xF79E, 0xF79E, 0xF79E, 0xF79E, 0xD165, 0xD165, 0xD165, 0xD165, 0xD165, 0xD165, 0xD165, 0xD165,
        0x256C, 0x256C, 0xD165, 0xD165, 0xD165, 0x256C, 0x256C, 0x256C, 0x256C, 0x256C, 0x256C, 0x256C, 0x256C, 0x256C, 0x256C, 0x256C, 0x256C, 0x256C, 0x256C, 0x256C, 0x256C, 0x256C, 0x256C, 0x256C, 0x256C, 0x256C, 0x256C, 0x256C, 0x256C, 0x256C, 0x256C, 0x256C,
        0x256C, 0x256C, 0xD165, 0xD165, 0xD165, 0x256C, 0x256C, 0x256C, 0x256C, 0x256C, 0x256C, 0x256C, 0x256C, 0x256C, 0x256C, 0x256C, 0x256C, 0x256C, 0x256C, 0x256C, 0x256C, 0x256C, 0x256C, 0x256C, 0x256C, 0x256C, 0x256C, 0x256C, 0x256C, 0x256C, 0x256C, 0x256C
    },
    [TRACK_TILE_ROAD_01] = {
        0x256C, 0x256C, 0xF79E, 0xF79E, 0xF79E, 0xA659, 0xA659, 0xA659, 0xA659, 0xA659, 0xA659, 0xA659, 0xA659, 0xA659, 0xA659, 0xA659, 0xA659, 0xA659, 0xA659, 0xA659, 0xA659, 0xA659, 0xA659, 0xA659, 0xA659, 0xA659, 0xA659, 0xF79E, 0xF79E, 0xF79E, 0x256C, 0x256C,
        0x256C, 0x256C, 0xF79E, 0xF79E, 0xF79E, 0xA659, 0xA659, 0xA659, 0xA659, 0xA659, 0xA659, 0xA659, 0xA659, 0xA659, 0xA659, 0xA659, 0xA659, 0xA659, 0xA659, 0xA659, 0xA659, 0xA659, 0xA659, 0xA659, 0xA659, 0xA659, 0xA659, 0xF79E, 0xF79E, 0xF79E, 0x256C, 0x256C,
        0x256C, 0x256C, 0xF79E, 0xF79E, 0xF79E, 0xA659, 0xA659, 0xA659, 0xA659, 0xA659, 0xA659, 0xA659, 0xA659, 0xA659, 0xA659, 0xA659, 0xA659, 0xA659, 0xA659, 0xA659, 0xA659, 0xA659, 0xA659, 0xA659, 0xA659, 0xA659, 0xA659, 0xF79E, 0xF79E, 0xF79E, 0x256C, 0x256C,
        0x256C, 0x256C, 0xF79E, 0xF79E, 0xF79E, 0xA659, 0xA659, 0xA659, 0xA659, 0xA659, 0xA659, 0xA659, 0xA659, 0xA659, 0xA659, 0xA659, 0xA659, 0xA659, 0xA659, 0xA659, 0xA659, 0xA659, 0xA659, 0xA659, 0xA659, 0xA659, 0xA659, 0xF79E, 0xF79E, 0xF79E, 0x256C, 0x256C,
        0x256C, 0x256C, 0xF79E, 0xF79E, 0xF79E, 0xA659, 0xA659, 0xA659, 0xA659, 0xA659, 0xA659, 0xA659, 0xA659, 0xA659, 0xA659, 0xA659, 0xA659, 0xA659, 0xA659, 0xA659, 0xA659, 0xA659, 0xA659, 0xA659, 0xA659, 0xA659, 0xA659, 0xF79E, 0xF79E, 0xF79E, 0x256C, 0x256C,
        0x256C, 0x256C, 0xF79E, 0xF79E, 0xF79E, 0xA659, 0xA659, 0xA659, 0xA659, 0xA659, 0xA659, 0xA659, 0xA659, 0xA659, 0xA659, 0xA659, 0xA659, 0xA659, 0xA659, 0xA659, 0xA659, 0xA659, 0xA659, 0xA659, 0xA659, 0xA659, 0xA659, 0xF79E, 0xF79E, 0xF79E, 0x256C, 0x256C,
        0x256C, 0x256C, 0xF79E, 0xF79E, 0xF79E, 0xA659, 0xA659, 0xA659, 0xA659, 0xA659, 0xA659, 0xA659, 0xA659, 0xA659, 0xA659, 0xA659, 0xA659, 0xA659, 0xA659, 0xA659, 0xA659, 0xA659, 0xA659, 0xA659, 0xA659, 0xA659, 0xA659, 0xF79E, 0xF79E, 0xF79E, 0x256C, 0x256C,
        0x256C, 0x256C, 0xF79E, 0xF79E, 0xF79E, 0xA659, 0xA659, 0xA659, 0xA659, 0xA659, 0xA659, 0xA659, 0xA659, 0xA659, 0xA659, 0xA659, 0xA659, 0xA659, 0xA659, 0xA659, 0xA659, 0xA659, 0xA659, 0xA659, 0xA659, 0xA659, 0xA659, 0xF79E, 0xF79E, 0xF79E, 0x256C, 0x256C,
        0x256C, 0x256C, 0xD165, 0xD165, 0xD165, 0xA659, 0xA659, 0xA659, 0xA659, 0xA659, 0xA659, 0xA659, 0xA659, 0xA659, 0xA659, 0xA659, 0xA659, 0xA659, 0xA659, 0xA659, 0xA659, 0xA659, 0xA659, 0xA659, 0xA659, 0xA659, 0xA659, 0xD165, 0xD165, 0xD165, 0x256C, 0x256C,
        0x256C, 0x256C, 0xD165, 0xD165, 0xD165, 0xA659, 0xA659, 0xA659, 0xA659, 0xA659, 0xA659, 0xA659, 0xA659, 0xA659, 0xA659, 0xA659, 0xA659, 0xA659, 0xA659, 0xA659, 0xA659, 0xA659, 0xA659, 0xA659, 0xA659, 0xA659, 0xA659, 0xD165, 0xD165, 0xD165, 0x256C, 0x256C,
        0x256C, 0x256C, 0xD165, 0xD165, 0xD165, 0xA659, 0xA659, 0xA659, 0xA659, 0xA659, 0xA659, 0xA659, 0xA659, 0xA659, 0xA659, 0xA659, 0xA659, 0xA659, 0xA659, 0xA659, 0xA659, 0xA659, 0xA659, 0xA659, 0xA659, 0xA659, 0xA659, 0xD165, 0xD165, 0xD165, 0x256C, 0x256C,
        0x256C, 0x256C, 0xD165, 0xD165, 0xD165, 0xA659, 0xA659, 0xA659, 0xA659, 0xA659, 0xA659, 0xA659, 0xA659, 0xA659, 0xA659, 0xA659, 0xA659, 0xA659, 0xA659, 0xA659, 0xA659, 0xA659, 0xA659, 0xA659, 0xA659, 0xA659, 0xA659, 0xD165, 0xD165, 0xD165, 0x256C, 0x256C,
        0x256C, 0x256C, 0xD165, 0xD165, 0xD165, 0xA659, 0xA659, 0xA659, 0xA659, 0xA659, 0xA659, 0xA659, 0xA659, 0xA659, 0xA659, 0xA659, 0xA659, 0xA659, 0xA659, 0xA659, 0xA659, 0xA659, 0xA659, 0xA659, 0xA659, 0xA659, 0xA659, 0xD165, 0xD165, 0xD165, 0x256C, 0x256C,
        0x256C, 0x256C, 0xD165, 0xD165, 0xD165, 0xA659, 0xA659, 0xA659, 0xA659, 0xA659, 0xA659, 0xA659, 0xA659, 0xA659, 0xA659, 0xA659, 0xA659, 0xA659, 0xA659, 0xA659, 0xA659, 0xA659, 0xA659, 0xA659, 0xA659, 0xA659, 0xA659, 0xD165, 0xD165, 0xD165, 0x256C, 0x256C,
        0x256C, 0x256C, 0xD165, 0xD165, 0xD165, 0xA659, 0xA659, 0xA659, 0xA659, 0xA659, 0xA659, 0xA659, 0xA659, 0xA659, 0xA659, 0xA659, 0xA659, 0xA659, 0xA659, 0xA659, 0xA659, 0xA659, 0xA659, 0xA659, 0xA659, 0xA659, 0xA659, 0xD165, 0xD165, 0xD165, 0x256C, 0x256C,
        0x256C, 0x256C, 0xD165, 0xD165, 0xD165, 0xA659, 0xA659, 0xA659, 0xA659, 0xA659, 0xA659, 0xA659, 0xA659, 0xA659, 0xA659, 0xA659, 0xA659, 0xA659, 0xA659, 0xA659, 0xA659, 0xA659, 0xA659, 0xA659, 0xA659, 0xA659, 0xA659, 0xD165, 0xD165, 0xD165, 0x256C, 0x256C,
        0x256C, 0x256C, 0xF79E, 0xF79E, 0xF79E, 0xA659, 0xA659, 0xA659, 0xA659, 0xA659, 0xA659, 0xA659, 0xA659, 0xA659, 0xA659, 0xA659, 0xA659, 0xA659, 0xA659, 0xA659, 0xA659, 0xA659, 0xA659, 0xA659, 0xA659, 0xA659, 0xA659, 0xF79E, 0xF79E, 0xF79E, 0x256C, 0x256C,
        0x256C, 0x256C, 0xF79E, 0xF79E, 0xF79E, 0xA659, 0xA659, 0xA659, 0xA659, 0xA659, 0xA659, 0xA659, 0xA659, 0xA659, 0xA659, 0xA659, 0xA659, 0xA659, 0xA659, 0xA659, 0xA659, 0xA659, 0xA659, 0xA659, 0xA659, 0xA659, 0xA659, 0xF79E, 0xF79E, 0xF79E, 0x256C, 0x256C,
        0x256C, 0x256C, 0xF79E, 0xF79E, 0xF79E, 0xA659, 0xA659, 0xA659, 0xA659, 0xA659, 0xA659, 0xA659, 0xA659, 0xA659, 0xA659, 0xA659, 0xA659, 0xA659, 0xA659, 0xA659, 0xA659, 0xA659, 0xA659, 0xA659, 0xA659, 0xA659, 0xA659, 0xF79E, 0xF79E, 0xF79E, 0x256C, 0x256C,
        0x256C, 0x256C, 0xF79E, 0xF79E, 0xF79E, 0xA659, 0xA659, 0xA659, 0xA659, 0xA659, 0xA659, 0xA659, 0xA659, 0xA659, 0xA659, 0xA659, 0xA659, 0xA659, 0xA659, 0xA659, 0xA659, 0xA659, 0xA659, 0xA659, 0xA659, 0xA659, 0xA659, 0xF79E, 0xF79E, 0xF79E, 0x256C, 0x256C,
        0x256C, 0x256C, 0xF79E, 0xF79E, 0xF79E, 0xA659, 0xA659, 0xA659, 0xA659, 0xA659, 0xA659, 0xA659, 0xA659, 0xA659, 0xA659, 0xA659, 0xA659, 0xA659, 0xA659, 0xA659, 0xA659, 0xA659, 0xA659, 0xA659, 0xA659, 0xA659, 0xA659, 0xF79E, 0xF79E, 0xF79E, 0x256C, 0x256C,
        0x256C, 0x256C, 0xF79E, 0xF79E, 0xF79E, 0xA659, 0xA659, 0xA659, 0xA659, 0xA659, 0xA659, 0xA659, 0xA659, 0xA659, 0xA659, 0xA659, 0xA659, 0xA659, 0xA659, 0xA659, 0xA659, 0xA659, 0xA659, 0xA659, 0xA659, 0xA659, 0xA659, 0xF79E, 0xF79E, 0xF79E, 0x256C, 0x256C,
        0x256C, 0x256C, 0xF79E, 0xF79E, 0xF79E, 0xA659, 0xA659, 0xA659, 0xA659, 0xA659, 0xA659, 0xA659, 0xA659, 0xA659, 0xA659, 0xA659, 0xA659, 0xA659, 0xA659, 0xA659, 0xA659, 0xA659, 0xA659, 0xA659, 0xA659, 0xA659, 0xA659, 0xF79E, 0xF79E, 0xF79E, 0x256C, 0x256C,
        0x256C, 0x256C, 0xF79E, 0xF79E, 0xF79E, 0xA659, 0xA659, 0xA659, 0xA659, 0xA659, 0xA659, 0xA659, 0xA659, 0xA659, 0xA659, 0xA659, 0xA659, 0xA659, 0xA659, 0xA659, 0xA659, 0xA659, 0xA659, 0xA659, 0xA659, 0xA659, 0xA659, 0xF79E, 0xF79E, 0xF79E, 0x256C, 0x256C,
        0x256C, 0x256C, 0xD165, 0xD165, 0xD165, 0xA659, 0xA659, 0xA659, 0xA659, 0xA659, 0xA659, 0xA659, 0xA659, 0xA659, 0xA659, 0xA659, 0xA659, 0xA659, 0xA659, 0xA659, 0xA659, 0xA659, 0xA659, 0xA659, 0xA659, 0xA659, 0xA659, 0xD165, 0xD165, 0xD165, 0x256C, 0x256C,
        0x256C, 0x256C, 0xD165, 0xD165, 0xD165, 0xA659, 0xA659, 0xA659, 0xA659, 0xA659, 0xA659, 0xA659, 0xA659, 0xA659, 0xA659, 0xA659, 0xA659, 0xA659, 0xA659, 0xA659, 0xA659, 0xA659, 0xA659, 0xA659, 0xA659, 0xA659, 0xA659, 0xD165, 0xD165, 0xD165, 0x256C, 0x256C,
        0x256C, 0x256C, 0xD165, 0xD165, 0xD165, 0xA659, 0xA659, 0xA659, 0xA659, 0xA659, 0xA659, 0xA659, 0xA659, 0xA659, 0xA659, 0xA659, 0xA659, 0xA659, 0xA659, 0xA659, 0xA659, 0xA659, 0xA659, 0xA659, 0xA659, 0xA659, 0xA659, 0xD165, 0xD165, 0xD165, 0x256C, 0x256C,
        0x256C, 0x256C, 0xD165, 0xD165, 0xD165, 0xF79E, 0xF79E, 0xF79E, 0xD165, 0xD165, 0xD165, 0xD165, 0xD165, 0xD165, 0xD165, 0xD165, 0xF79E, 0xF79E, 0xF79E, 0xF79E, 0xF79E, 0xF79E, 0xF79E, 0xF79E, 0xD165, 0xD165, 0xD165, 0xD165, 0xD165, 0xD165, 0xD165, 0xD165,
        0x256C, 0x256C, 0xD165, 0xD165, 0xD165, 0xF79E, 0xF79E, 0xF79E, 0xD165, 0xD165, 0xD165, 0xD165, 0xD165, 0xD165, 0xD165, 0xD165, 0xF79E, 0xF79E, 0xF79E, 0xF79E, 0xF79E, 0xF79E, 0xF79E, 0xF79E, 0xD165, 0xD165, 0xD165, 0xD165, 0xD165, 0xD165, 0xD165, 0xD165,
        0x256C, 0x256C, 0xD165, 0xD165, 0xD165, 0xF79E, 0xF79E, 0xF79E, 0xD165, 0xD165, 0xD165, 0xD165, 0xD165, 0xD165, 0xD165, 0xD165, 0xF79E, 0xF79E, 0xF79E, 0xF79E, 0xF79E, 0xF79E, 0xF79E, 0xF79E, 0xD165, 0xD165, 0xD165, 0xD165, 0xD165, 0xD165, 0xD165, 0xD165,
        0x256C, 0x256C, 0xD165, 0xD165, 0xD165, 0x256C, 0x256C, 0x256C, 0x256C, 0x256C, 0x256C, 0x256C, 0x256C, 0x256C, 0x256C, 0x256C, 0x256C, 0x256C, 0x256C, 0x256C, 0x256C, 0x256C, 0x256C, 0x256C, 0x256C, 0x256C, 0x256C, 0x256C, 0x256C, 0x256C, 0x256C, 0x256C,
        0x256C, 0x256C, 0xD165, 0xD165, 0xD165, 0x256C, 0x256C, 0x256C, 0x256C, 0x256C, 0x256C, 0x256C, 0x256C, 0x256C, 0x256C, 0x256C, 0x256C, 0x256C, 0x256C, 0x256C, 0x256C, 0x256C, 0x256C, 0x256C, 0x256C, 0x256C, 0x256C, 0x256C, 0x256C, 0x256C, 0x256C, 0x256C
    },
    [TRACK_TILE_ROAD_02] = {
        0x256C, 0x256C, 0xF79E, 0xF79E, 0xF79E, 0x256C, 0x256C, 0x256C, 0x256C, 0x256C, 0x256C, 0x256C, 0x256C, 0x256C, 0x256C, 0x256C, 0x256C, 0x256C, 0x256C, 0x256C, 0x256C, 0x256C, 0x256C, 0x256C, 0x256C, 0x256C, 0x256C, 0x256C, 0x256C, 0x256C, 0x256C, 0x256C,
        0x256C, 0x256C, 0xF79E, 0xF79E, 0xF79E, 0x256C, 0x256C, 0x256C, 0x256C, 0x256C, 0x256C, 0x256C, 0x256C, 0x256C, 0x256C, 0x256C, 0x256C, 0x256C, 0x256C, 0x256C, 0x256C, 0x256C, 0x256C, 0x256C, 0x256C, 0x256C, 0x256C, 0x256C, 0x256C, 0x256C, 0x256C, 0x256C,
        0x256C, 0x256C, 0xF79E, 0xF79E, 0xF79E, 0xF79E, 0xF79E, 0xF79E, 0xD165, 0xD165, 0xD165, 0xD165, 0xD165, 0xD165, 0xD165, 0xD165, 0xF79E, 0xF79E, 0xF79E, 0xF79E, 0xF79E, 0xF79E, 0xF79E, 0xF79E, 0xD165, 0xD165, 0xD165, 0xD165, 0xD165, 0xD165, 0xD165, 0xD165,
        0x256C, 0x256C, 0xF79E, 0xF79E, 0xF79E, 0xF79E, 0xF79E, 0xF79E, 0xD165, 0xD165, 0xD165, 0xD165, 0xD165, 0xD165, 0xD165, 0xD165, 0xF79E, 0xF79E, 0xF79E, 0xF79E, 0xF79E, 0xF79E, 0xF79E, 0xF79E, 0xD165, 0xD165, 0xD165, 0xD165, 0xD165, 0xD165, 0xD165, 0xD165,
        0x256C, 0x256C, 0xF79E, 0xF79E, 0xF79E, 0xF79E, 0xF79E, 0xF79E, 0xD165, 0xD165, 0xD165, 0xD165, 0xD165, 0xD165, 0xD165, 0xD165, 0xF79E, 0xF79E, 0xF79E, 0xF79E, 0xF79E, 0xF79E, 0xF79E, 0xF79E, 0xD165, 0xD165, 0xD165, 0xD165, 0xD165, 0xD165, 0xD165, 0xD165,
        0x256C, 0x256C, 0xF79E, 0xF79E, 0xF79E, 0xA659, 0xA659, 0xA659, 0xA659, 0xA659, 0xA659, 0xA659, 0xA659, 0xA659, 0xA659, 0xA659, 0xA659, 0xA659, 0xA659, 0xA659, 0xA659, 0xA659, 0xA659, 0xA659, 0xA659, 0xA659, 0xA659, 0xA659, 0xA659, 0xA659, 0xA659, 0xA659,
        0x256C, 0x256C, 0xF79E, 0xF79E, 0xF79E, 0xA659, 0xA659, 0xA659, 0xA659, 0xA659, 0xA659, 0xA659, 0xA659, 0xA659, 0xA659, 0xA659, 0xA659, 0xA659, 0xA659, 0xA659, 0xA659, 0xA659, 0xA659, 0xA659, 0xA659, 0xA659, 0xA659, 0xA659, 0xA659, 0xA659, 0xA659, 0xA659,
        0x256C, 0x256C, 0xF79E, 0xF79E, 0xF79E, 0xA659, 0xA659, 0xA659, 0xA659, 0xA659, 0xA659, 0xA659, 0xA659, 0xA659, 0xA659, 0xA659, 0xA659, 0xA659, 0xA659, 0xA659, 0xA659, 0xA659, 0xA659, 0xA659, 0xA659, 0xA659, 0xA659, 0xA659, 0xA659, 0xA659, 0xA659, 0xA659,
        0x256C, 0x256C, 0xD165, 0xD165, 0xD165, 0xA659, 0xA659, 0xA659, 0xA659, 0xA659, 0xA659, 0xA659, 0xA659, 0xA659, 0xA659, 0xA659, 0xA659, 0xA659, 0xA659, 0xA659, 0xA659, 0xA659, 0xA659, 0xA659, 0xA659, 0xA659, 0xA659, 0xA659, 0xA659, 0xA659, 0xA659, 0xA659,
        0x256C, 0x256C, 0xD165, 0xD165, 0xD165, 0xA659, 0xA659, 0xA659, 0xA659, 0xA659, 0xA659, 0xA659, 0xA659, 0xA659, 0xA659, 0xA659, 0xA659, 0xA659, 0xA659, 0xA659, 0xA659, 0xA659, 0xA659, 0xA659, 0xA659, 0xA659, 0xA659, 0xA659, 0xA659, 0xA659, 0xA659, 0xA659,
        0x256C, 0x256C, 0xD165, 0xD165, 0xD165, 0xA659, 0xA659, 0xA659, 0xA659, 0xA659, 0xA659, 0xA659, 0xA659, 0xA659, 0xA659, 0xA659, 0xA659, 0xA659, 0xA659, 0xA659, 0xA659, 0xA659, 0xA659, 0xA659, 0xA659, 0xA659, 0xA659, 0xA659, 0xA659, 0xA659, 0xA659, 0xA659,
        0x256C, 0x256C, 0xD165, 0xD165, 0xD165, 0xA659, 0xA659, 0xA659, 0xA659, 0xA659, 0xA659, 0xA659, 0xA659, 0xA659, 0xA659, 0xA659, 0xA659, 0xA659, 0xA659, 0xA659, 0xA659, 0xA659, 0xA659, 0xA659, 0xA659, 0xA659, 0xA659, 0xA659, 0xA659, 0xA659, 0xA659, 0xA659,
        0x256C, 0x256C, 0xD165, 0xD165, 0xD165, 0xA659, 0xA659, 0xA659, 0xA659, 0xA659, 0xA659, 0xA659, 0xA659, 0xA659, 0xA659, 0xA659, 0xA659, 0xA659, 0xA659, 0xA659, 0xA659, 0xA659, 0xA659, 0xA659, 0xA659, 0xA659, 0xA659, 0xA659, 0xA659, 0xA659, 0xA659, 0xA659,
        0x256C, 0x256C, 0xD165, 0xD165, 0xD165, 0xA659, 0xA659, 0xA659, 0xA659, 0xA659, 0xA659, 0xA659, 0xA659, 0xA659, 0xA659, 0xA659, 0xA659, 0xA659, 0xA659, 0xA659, 0xA659, 0xA659, 0xA659, 0xA659, 0xA659, 0xA659, 0xA659, 0xA659, 0xA659, 0xA659, 0xA659, 0xA659,
        0x256C, 0x256C, 0xD165, 0xD165, 0xD165, 0xA659, 0xA659, 0xA659, 0xA659, 0xA659, 0xA659, 0xA659, 0xA659, 0xA659, 0xA659, 0xA659, 0xA659, 0xA659, 0xA659, 0xA659, 0xA659, 0xA659, 0xA659, 0xA659, 0xA659, 0xA659, 0xA659, 0xA659, 0xA659, 0xA659, 0xA659, 0xA659,
        0x256C, 0x256C, 0xD165, 0xD165, 0xD165, 0xA659, 0xA659, 0xA659, 0xA659, 0xA659, 0xA659, 0xA659, 0xA659, 0xA659, 0xA659, 0xA659, 0xA659, 0xA659, 0xA659, 0xA659, 0xA659, 0xA659, 0xA659, 0xA659, 0xA659, 0xA659, 0xA659, 0xA659, 0xA659, 0xA659, 0xA659, 0xA659,
        0x256C, 0x256C, 0xF79E, 0xF79E, 0xF79E, 0xA659, 0xA659, 0xA659, 0xA659, 0xA659, 0xA659, 0xA659, 0xA659, 0xA659, 0xA659, 0xA659, 0xA659, 0xA659, 0xA659, 0xA659, 0xA659, 0xA659, 0xA659, 0xA659, 0xA659, 0xA659, 0xA659, 0xA659, 0xA659, 0xA659, 0xA659, 0xA659,
        0x256C, 0x256C, 0xF79E, 0xF79E, 0xF79E, 0xA659, 0xA659, 0xA659, 0xA659, 0xA659, 0xA659, 0xA659, 0xA659, 0xA659, 0xA659, 0xA659, 0xA659, 0xA659, 0xA659, 0xA659, 0xA659, 0xA659, 0xA659, 0xA659, 0xA659, 0xA659, 0xA659, 0xA659, 0xA659, 0xA659, 0xA659, 0xA659,
        0x256C, 0x256C, 0xF79E, 0xF79E, 0xF79E, 0xA659, 0xA659, 0xA659, 0xA659, 0xA659, 0xA659, 0xA659, 0xA659, 0xA659, 0xA659, 0xA659, 0xA659, 0xA659, 0xA659, 0xA659, 0xA659, 0xA659, 0xA659, 0xA659, 0xA659, 0xA659, 0xA659, 0xA659, 0xA659, 0xA659, 0xA659, 0xA659,
        0x256C, 0x256C, 0xF79E, 0xF79E, 0xF79E, 0xA659, 0xA659, 0xA659, 0xA659, 0xA659, 0xA659, 0xA659, 0xA659, 0xA659, 0xA659, 0xA659, 0xA659, 0xA659, 0xA659, 0xA659, 0xA659, 0xA659, 0xA659, 0xA659, 0xA659, 0xA659, 0xA659, 0xA659, 0xA659, 0xA659, 0xA659, 0xA659,
        0x256C, 0x256C, 0xF79E, 0xF79E, 0xF79E, 0xA659, 0xA659, 0xA659, 0xA659, 0xA659, 0xA659, 0xA659, 0xA659, 0xA659, 0xA659, 0xA659, 0xA659, 0xA659, 0xA659, 0xA659, 0xA659, 0xA659, 0xA659, 0xA659, 0xA659, 0xA659, 0xA659, 0xA659, 0xA659, 0xA659, 0xA659, 0xA659,
        0x256C, 0x256C, 0xF79E, 0xF79E, 0xF79E, 0xA659, 0xA659, 0xA659, 0xA659, 0xA659, 0xA659, 0xA659, 0xA659, 0xA659, 0xA659, 0xA659, 0xA659, 0xA659, 0xA659, 0xA659, 0xA659, 0xA659, 0xA659, 0xA659, 0xA659, 0xA659, 0xA659, 0xA659, 0xA659, 0xA659, 0xA659, 0xA659,
        0x256C, 0x256C, 0xF79E, 0xF79E, 0xF79E, 0xA659, 0xA659, 0xA659, 0xA659, 0xA659, 0xA659, 0xA659, 0xA659, 0xA659, 0xA659, 0xA659, 0xA659, 0xA659, 0xA659, 0xA659, 0xA659, 0xA659, 0xA659, 0xA659, 0xA659, 0xA659, 0xA659, 0xA659, 0xA659, 0xA659, 0xA659, 0xA659,
        0x256C, 0x256C, 0xF79E, 0xF79E, 0xF79E, 0xA659, 0xA659, 0xA659, 0xA659, 0xA659, 0xA659, 0xA659, 0xA659, 0xA659, 0xA659, 0xA659, 0xA659, 0xA659, 0xA659, 0xA659, 0xA659, 0xA659, 0xA659, 0xA659, 0xA659, 0xA659, 0xA659, 0xA659, 0xA659, 0xA659, 0xA659, 0xA659,
        0x256C, 0x256C, 0xD165, 0xD165, 0xD165, 0xA659, 0xA659, 0xA659, 0xA659, 0xA659, 0xA659, 0xA659, 0xA659, 0xA659, 0xA659, 0xA659, 0xA659, 0xA659, 0xA659, 0xA659, 0xA659, 0xA659, 0xA659, 0xA659, 0xA659, 0xA659, 0xA659, 0xA659, 0xA659, 0xA659, 0xA659, 0xA659,
        0x256C, 0x256C, 0xD165, 0xD165, 0xD165, 0xA659, 0xA659, 0xA659, 0xA659, 0xA659, 0xA659, 0xA659, 0xA659, 0xA659, 0xA659, 0xA659, 0xA659, 0xA659, 0xA659, 0xA659, 0xA659, 0xA659, 0xA659, 0xA659, 0xA659, 0xA659, 0xA659, 0xA659, 0xA659, 0xA659, 0xA659, 0xA659,
        0x256C, 0x256C, 0xD165, 0xD165, 0xD165, 0xA659, 0xA659, 0xA659, 0xA659, 0xA659, 0xA659, 0xA659, 0xA659, 0xA659, 0xA659, 0xA659, 0xA659, 0xA659, 0xA659, 0xA659, 0xA659, 0xA659, 0xA659, 0xA659, 0xA659, 0xA659, 0xA659, 0xA659, 0xA659, 0xA659, 0xA659, 0xA659,
        0x256C, 0x256C, 0xD165, 0xD165, 0xD165, 0xF79E, 0xF79E, 0xF79E, 0xD165, 0xD165, 0xD165, 0xD165, 0xD165, 0xD165, 0xD165, 0xD165, 0xF79E, 0xF79E, 0xF79E, 0xF79E, 0xF79E, 0xF79E, 0xF79E, 0xF79E, 0xD165, 0xD165, 0xD165, 0xD165, 0xD165, 0xD165, 0xD165, 0xD165,
        0x256C, 0x256C, 0xD165, 0xD165, 0xD165, 0xF79E, 0xF79E, 0xF79E, 0xD165, 0xD165, 0xD165, 0xD165, 0xD165, 0xD165, 0xD165, 0xD165, 0xF79E, 0xF79E, 0xF79E, 0xF79E, 0xF79E, 0xF79E, 0xF79E, 0xF79E, 0xD165, 0xD165, 0xD165, 0xD165, 0xD165, 0xD165, 0xD165, 0xD165,
        0x256C, 0x256C, 0xD165, 0xD165, 0xD165, 0xF79E, 0xF79E, 0xF79E, 0xD165, 0xD165, 0xD165, 0xD165, 0xD165, 0xD165, 0xD165, 0xD165, 0xF79E, 0xF79E, 0xF79E, 0xF79E, 0xF79E, 0xF79E, 0xF79E, 0xF79E, 0xD165, 0xD165, 0xD165, 0xD165, 0xD165, 0xD165, 0xD165, 0xD165,
        0x256C, 0x256C, 0xD165, 0xD165, 0xD165, 0x256C, 0x256C, 0x256C, 0x256C, 0x256C, 0x256C, 0x256C, 0x256C, 0x256C, 0x256C, 0x256C, 0x256C, 0x256C, 0x256C, 0x256C, 0x256C, 0x256C, 0x256C, 0x256C, 0x256C, 0x256C, 0x256C, 0x256C, 0x256C, 0x256C, 0x256C, 0x256C,
        0x256C, 0x256C, 0xD165, 0xD165, 0xD165, 0x256C, 0x256C, 0x256C, 0x256C, 0x256C, 0x256C, 0x256C, 0x256C, 0x256C, 0x256C, 0x256C, 0x256C, 0x256C, 0x256C, 0x256C, 0x256C, 0x256C, 0x256C, 0x256C, 0x256C, 0x256C, 0x256C, 0x256C, 0x256C, 0x256C, 0x256C, 0x256C
    },
    [TRACK_TILE_ROAD_03] = {
        0x256C, 0x256C, 0xF79E, 0xF79E, 0xF79E, 0xA659, 0xA659, 0xA659, 0xA659, 0xA659, 0xA659, 0xA659, 0xA659, 0xA659, 0xA659, 0xA659, 0xA659, 0xA659, 0xA659, 0xA659, 0xA659, 0xA659, 0xA659, 0xA659, 0xA659, 0xA659, 0xA659, 0xA659, 0xA659, 0xA659, 0xA659, 0xA659,
        0x256C, 0x256C, 0xF79E, 0xF79E, 0xF79E, 0xA659, 0xA659, 0xA659, 0xA659, 0xA659, 0xA659, 0xA659, 0xA659, 0xA659, 0xA659, 0xA659, 0xA659, 0xA659, 0xA659, 0xA659, 0xA659, 0xA659, 0xA659, 0xA659, 0xA659, 0xA659, 0xA659, 0xA659, 0xA659, 0xA659, 0xA659, 0xA659,
        0x256C, 0x256C, 0xF79E, 0xF79E, 0xF79E, 0xA659, 0xA659, 0xA659, 0xA659, 0xA659, 0xA659, 0xA659, 0xA659, 0xA659, 0xA659, 0xA659, 0xA659, 0xA659, 0xA659, 0xA659, 0xA659, 0xA659, 0xA659, 0xA659, 0xA659, 0xA659, 0xA659, 0xA659, 0xA659, 0xA659, 0xA659, 0xA659,
        0x256C, 0x256C, 0xF79E, 0xF79E, 0xF79E, 0xA659, 0xA659, 0xA659, 0xA659, 0xA659, 0xA659, 0xA659, 0xA659, 0xA659, 0xA659, 0xA659, 0xA659, 0xA659, 0xA659, 0xA659, 0xA659, 0xA659, 0xA659, 0xA659, 0xA659, 0xA659, 0xA659, 0xA659, 0xA659, 0xA659, 0xA659, 0xA659,
        0x256C, 0x256C, 0xF79E, 0xF79E, 0xF79E, 0xA659, 0xA659, 0xA659, 0xA659, 0xA659, 0xA659, 0xA659, 0xA659, 0xA659, 0xA659, 0xA659, 0xA659, 0xA659, 0xA659, 0xA659, 0xA659, 0xA659, 0xA659, 0xA659, 0xA659, 0xA659, 0xA659, 0xA659, 0xA659, 0xA659, 0xA659, 0xA659,
        0x256C, 0x256C, 0xF79E, 0xF79E, 0xF79E, 0xA659, 0xA659, 0xA659, 0xA659, 0xA659, 0xA659, 0xA659, 0xA659, 0xA659, 0xA659, 0xA659, 0xA659, 0xA659, 0xA659, 0xA659, 0xA659, 0xA659, 0xA659, 0xA659, 0xA659, 0xA659, 0xA659, 0xA659, 0xA659, 0xA659, 0xA659, 0xA659,
        0x256C, 0x256C, 0xF79E, 0xF79E, 0xF79E, 0xA659, 0xA659, 0xA659, 0xA659, 0xA659, 0xA659, 0xA659, 0xA659, 0xA659, 0xA659, 0xA659, 0xA659, 0xA659, 0xA659, 0xA659, 0xA659, 0xA659, 0xA659, 0xA659, 0xA659, 0xA659, 0xA659, 0xA659, 0xA659, 0xA659, 0xA659, 0xA659,
        0x256C, 0x256C, 0xF79E, 0xF79E, 0xF79E, 0xA659, 0xA659, 0xA659, 0xA659, 0xA659, 0xA659, 0xA659, 0xA659, 0xA659, 0xA659, 0xA659, 0xA659, 0xA659, 0xA659, 0xA659, 0xA659, 0xA659, 0xA659, 0xA659, 0xA659, 0xA659, 0xA659, 0xA659, 0xA659, 0xA659, 0xA659, 0xA659,
        0x256C, 0x256C, 0xD165, 0xD165, 0xD165, 0xA659, 0xA659, 0xA659, 0xA659, 0xA659, 0xA659, 0xA659, 0xA659, 0xA659, 0xA659, 0xA659, 0xA659, 0xA659, 0xA659, 0xA659, 0xA659, 0xA659, 0xA659, 0xA659, 0xA659, 0xA659, 0xA659, 0xA659, 0xA659, 0xA659, 0xA659, 0xA659,
        0x256C, 0x256C, 0xD165, 0xD165, 0xD165, 0xA659, 0xA659, 0xA659, 0xA659, 0xA659, 0xA659, 0xA659, 0xA659, 0xA659, 0xA659, 0xA659, 0xA659, 0xA659, 0xA659, 0xA659, 0xA659, 0xA659, 0xA659, 0xA659, 0xA659, 0xA659, 0xA659, 0xA659, 0xA659, 0xA659, 0xA659, 0xA659,
        0x256C, 0x256C, 0xD165, 0xD165, 0xD165, 0xA659, 0xA659, 0xA659, 0xA659, 0xA659, 0xA659, 0xA659, 0xA659, 0xA659, 0xA659, 0xA659, 0xA659, 0xA659, 0xA659, 0xA659, 0xA659, 0xA659, 0xA659, 0xA659, 0xA659, 0xA659, 0xA659, 0xA659, 0xA659, 0xA659, 0xA659, 0xA659,
        0x256C, 0x256C, 0xD165, 0xD165, 0xD165, 0xA659, 0xA659, 0xA659, 0xA659, 0xA659, 0xA659, 0xA659, 0xA659, 0xA659, 0xA659, 0xA659, 0xA659, 0xA659, 0xA659, 0xA659, 0xA659, 0xA659, 0xA659, 0xA659, 0xA659, 0xA659, 0xA659, 0xA659, 0xA659, 0xA659, 0xA659, 0xA659,
        0x256C, 0x256C, 0xD165, 0xD165, 0xD165, 0xA659, 0xA659, 0xA659, 0xA659, 0xA659, 0xA659, 0xA659, 0xA659, 0xA659, 0xA659, 0xA659, 0xA659, 0xA659, 0xA659, 0xA659, 0xA659, 0xA659, 0xA659, 0xA659, 0xA659, 0xA659, 0xA659, 0xA659, 0xA659, 0xA659, 0xA659, 0xA659,
        0x256C, 0x256C, 0xD165, 0xD165, 0xD165, 0xA659, 0xA659, 0xA659, 0xA659, 0xA659, 0xA659, 0xA659, 0xA659, 0xA659, 0xA659, 0xA659, 0xA659, 0xA659, 0xA659, 0xA659, 0xA659, 0xA659, 0xA659, 0xA659, 0xA659, 0xA659, 0xA659, 0xA659, 0xA659, 0xA659, 0xA659, 0xA659,
        0x256C, 0x256C, 0xD165, 0xD165, 0xD165, 0xA659, 0xA659, 0xA659, 0xA659, 0xA659, 0xA659, 0xA659, 0xA659, 0xA659, 0xA659, 0xA659, 0xA659, 0xA659, 0xA659, 0xA659, 0xA659, 0xA659, 0xA659, 0xA659, 0xA659, 0xA659, 0xA659, 0xA659, 0xA659, 0xA659, 0xA659, 0xA659,
        0x256C, 0x256C, 0xD165, 0xD165, 0xD165, 0xA659, 0xA659, 0xA659, 0xA659, 0xA659, 0xA659, 0xA659, 0xA659, 0xA659, 0xA659, 0xA659, 0xA659, 0xA659, 0xA659, 0xA659, 0xA659, 0xA659, 0xA659, 0xA659, 0xA659, 0xA659, 0xA659, 0xA659, 0xA659, 0xA659, 0xA659, 0xA659,
        0x256C, 0x256C, 0xF79E, 0xF79E, 0xF79E, 0xA659, 0xA659, 0xA659, 0xA659, 0xA659, 0xA659, 0xA659, 0xA659, 0xA659, 0xA659, 0xA659, 0xA659, 0xA659, 0xA659, 0xA659, 0xA659, 0xA659, 0xA659, 0xA659, 0xA659, 0xA659, 0xA659, 0xA659, 0xA659, 0xA659, 0xA659, 0xA659,
        0x256C, 0x256C, 0xF79E, 0xF79E, 0xF79E, 0xA659, 0xA659, 0xA659, 0xA659, 0xA659, 0xA659, 0xA659, 0xA659, 0xA659, 0xA659, 0xA659, 0xA659, 0xA659, 0xA659, 0xA659, 0xA659, 0xA659, 0xA659, 0xA659, 0xA659, 0xA659, 0xA659, 0xA659, 0xA659, 0xA659, 0xA659, 0xA659,
        0x256C, 0x256C, 0xF79E, 0xF79E, 0xF79E, 0xA659, 0xA659, 0xA659, 0xA659, 0xA659, 0xA659, 0xA659, 0xA659, 0xA659, 0xA659, 0xA659, 0xA659, 0xA659, 0xA659, 0xA659, 0xA659, 0xA659, 0xA659, 0xA659, 0xA659, 0xA659, 0xA659, 0xA659, 0xA659, 0xA659, 0xA659, 0xA659,
        0x256C, 0x256C, 0xF79E, 0xF79E, 0xF79E, 0xA659, 0xA659, 0xA659, 0xA659, 0xA659, 0xA659, 0xA659, 0xA659, 0xA659, 0xA659, 0xA659, 0xA659, 0xA659, 0xA659, 0xA659, 0xA659, 0xA659, 0xA659, 0xA659, 0xA659, 0xA659, 0xA659, 0xA659, 0xA659, 0xA659, 0xA659, 0xA659,
        0x256C, 0x256C, 0xF79E, 0xF79E, 0xF79E, 0xA659, 0xA659, 0xA659, 0xA659, 0xA659, 0xA659, 0xA659, 0xA659, 0xA659, 0xA659, 0xA659, 0xA659, 0xA659, 0xA659, 0xA659, 0xA659, 0xA659, 0xA659, 0xA659, 0xA659, 0xA659, 0xA659, 0xA659, 0xA659, 0xA659, 0xA659, 0xA659,
        0x256C, 0x256C, 0xF79E, 0xF79E, 0xF79E, 0xA659, 0xA659, 0xA659, 0xA659, 0xA659, 0xA659, 0xA659, 0xA659, 0xA659, 0xA659, 0xA659, 0xA659, 0xA659, 0xA659, 0xA659, 0xA659, 0xA659, 0xA659, 0xA659, 0xA659, 0xA659, 0xA659, 0xA659, 0xA659, 0xA659, 0xA659, 0xA659,
        0x256C, 0x256C, 0xF79E, 0xF79E, 0xF79E, 0xA659, 0xA659, 0xA659, 0xA659, 0xA659, 0xA659, 0xA659, 0xA659, 0xA659, 0xA659, 0xA659, 0xA659, 0xA659, 0xA659, 0xA659, 0xA659, 0xA659, 0xA659, 0xA659, 0xA659, 0xA659, 0xA659, 0xA659, 0xA659, 0xA659, 0xA659, 0xA659,
        0x256C, 0x256C, 0xF79E, 0xF79E, 0xF79E, 0xA659, 0xA659, 0xA659, 0xA659, 0xA659, 0xA659, 0xA659, 0xA659, 0xA659, 0xA659, 0xA659, 0xA659, 0xA659, 0xA659, 0xA659, 0xA659, 0xA659, 0xA659, 0xA659, 0xA659, 0xA659, 0xA659, 0xA659, 0xA659, 0xA659, 0xA659, 0xA659,
        0x256C, 0x256C, 0xD165, 0xD165, 0xD165, 0xA659, 0xA659, 0xA659, 0xA659, 0xA659, 0xA659, 0xA659, 0xA659, 0xA659, 0xA659, 0xA659, 0xA659, 0xA659, 0xA659, 0xA659, 0xA659, 0xA659, 0xA659, 0xA659, 0xA659, 0xA659, 0xA659, 0xA659, 0xA659, 0xA659, 0xA659, 0xA659,
        0x256C, 0x256C, 0xD165, 0xD165, 0xD165, 0xA659, 0xA659, 0xA659, 0xA659, 0xA659, 0xA659, 0xA659, 0xA659, 0xA659, 0xA659, 0xA659, 0xA659, 0xA659, 0xA659, 0xA659, 0xA659, 0xA659, 0xA659, 0xA659, 0xA659, 0xA659, 0xA659, 0xA659, 0xA659, 0xA659, 0xA659, 0xA659,
        0x256C, 0x256C, 0xD165, 0xD165, 0xD165, 0xA659, 0xA659, 0xA659, 0xA659, 0xA659, 0xA659, 0xA659, 0xA659, 0xA659, 0xA659, 0xA659, 0xA659, 0xA659, 0xA659, 0xA659, 0xA659, 0xA659, 0xA659, 0xA659, 0xA659, 0xA659, 0xA659, 0xA659, 0xA659, 0xA659, 0xA659, 0xA659,
        0x256C, 0x256C, 0xD165, 0xD165, 0xD165, 0xF79E, 0xF79E, 0xF79E, 0xD165, 0xD165, 0xD165, 0xD165, 0xD165, 0xD165, 0xD165, 0xD165, 0xF79E, 0xF79E, 0xF79E, 0xF79E, 0xF79E, 0xF79E, 0xF79E, 0xF79E, 0xD165, 0xD165, 0xD165, 0xD165, 0xD165, 0xD165, 0xD165, 0xD165,
        0x256C, 0x256C, 0xD165, 0xD165, 0xD165, 0xF79E, 0xF79E, 0xF79E, 0xD165, 0xD165, 0xD165, 0xD165, 0xD165, 0xD165, 0xD165, 0xD165, 0xF79E, 0xF79E, 0xF79E, 0xF79E, 0xF79E, 0xF79E, 0xF79E, 0xF79E, 0xD165, 0xD165, 0xD165, 0xD165, 0xD165, 0xD165, 0xD165, 0xD165,
        0x256C, 0x256C, 0xD165, 0xD165, 0xD165, 0xF79E, 0xF79E, 0xF79E, 0xD165, 0xD165, 0xD165, 0xD165, 0xD165, 0xD165, 0xD165, 0xD165, 0xF79E, 0xF79E, 0xF79E, 0xF79E, 0xF79E, 0xF79E, 0xF79E, 0xF79E, 0xD165, 0xD165, 0xD165, 0xD165, 0xD165, 0xD165, 0xD165, 0xD165,
        0x256C, 0x256C, 0xD165, 0xD165, 0xD165, 0x256C, 0x256C, 0x256C, 0x256C, 0x256C, 0x256C, 0x256C, 0x256C, 0x256C, 0x256C, 0x256C, 0x256C, 0x256C, 0x256C, 0x256C, 0x256C, 0x256C, 0x256C, 0x256C, 0x256C, 0x256C, 0x256C, 0x256C, 0x256C, 0x256C, 0x256C, 0x256C,
        0x256C, 0x256C, 0xD165, 0xD165, 0xD165, 0x256C, 0x256C, 0x256C, 0x256C, 0x256C, 0x256C, 0x256C, 0x256C, 0x256C, 0x256C, 0x256C, 0x256C, 0x256C, 0x256C, 0x256C, 0x256C, 0x256C, 0x256C, 0x256C, 0x256C, 0x256C, 0x256C, 0x256C, 0x256C, 0x256C, 0x256C, 0x256C
    },
    [TRACK_TILE_ROAD_04] = {
        0x256C, 0x256C, 0xF79E, 0xF79E, 0xF79E, 0x256C, 0x256C, 0x256C, 0x256C, 0x256C, 0x256C, 0x256C, 0x256C, 0x256C, 0x256C, 0x256C, 0x256C, 0x256C, 0x256C, 0x256C, 0x256C, 0x256C, 0x256C, 0x256C, 0x256C, 0x256C, 0x256C, 0xF79E, 0xF79E, 0xF79E, 0x256C, 0x256C,
        0x256C, 0x256C, 0xF79E, 0xF79E, 0xF79E, 0x256C, 0x256C, 0x256C, 0x256C, 0x256C, 0x256C, 0x256C, 0x256C, 0x256C, 0x256C, 0x256C, 0x256C, 0x256C, 0x256C, 0x256C, 0x256C, 0x256C, 0x256C, 0x256C, 0x256C, 0x256C, 0x256C, 0xF79E, 0xF79E, 0xF79E, 0x256C, 0x256C,
        0x256C, 0x256C, 0xF79E, 0xF79E, 0xF79E, 0xF79E, 0xF79E, 0xF79E, 0xD165, 0xD165, 0xD165, 0xD165, 0xD165, 0xD165, 0xD165, 0xD165, 0xF79E, 0xF79E, 0xF79E, 0xF79E, 0xF79E, 0xF79E, 0xF79E, 0xF79E, 0xD165, 0xD165, 0xD165, 0xF79E, 0xF79E, 0xF79E, 0x256C, 0x256C,
        0x256C, 0x256C, 0xF79E, 0xF79E, 0xF79E, 0xF79E, 0xF79E, 0xF79E, 0xD165, 0xD165, 0xD165, 0xD165, 0xD165, 0xD165, 0xD165, 0xD165, 0xF79E, 0xF79E, 0xF79E, 0xF79E, 0xF79E, 0xF79E, 0xF79E, 0xF79E, 0xD165, 0xD165, 0xD165, 0xF79E, 0xF79E, 0xF79E, 0x256C, 0x256C,
        0x256C, 0x256C, 0xF79E, 0xF79E, 0xF79E, 0xF79E, 0xF79E, 0xF79E, 0xD165, 0xD165, 0xD165, 0xD165, 0xD165, 0xD165, 0xD165, 0xD165, 0xF79E, 0xF79E, 0xF79E, 0xF79E, 0xF79E, 0xF79E, 0xF79E, 0xF79E, 0xD165, 0xD165, 0xD165, 0xF79E, 0xF79E, 0xF79E, 0x256C, 0x256C,
        0x256C, 0x256C, 0xF79E, 0xF79E, 0xF79E, 0xA659, 0xA659, 0xA659, 0xA659, 0xA659, 0xA659, 0xA659, 0xA659, 0xA659, 0xA659, 0xA659, 0xA659, 0xA659, 0xA659, 0xA659, 0xA659, 0xA659, 0xA659, 0xA659, 0xA659, 0xA659, 0xA659, 0xF79E, 0xF79E, 0xF79E, 0x256C, 0x256C,
        0x256C, 0x256C, 0xF79E, 0xF79E, 0xF79E, 0xA659, 0xA659, 0xA659, 0xA659, 0xA659, 0xA659, 0xA659, 0xA659, 0xA659, 0xA659, 0xA659, 0xA659, 0xA659, 0xA659, 0xA659, 0xA659, 0xA659, 0xA659, 0xA659, 0xA659, 0xA659, 0xA659, 0xF79E, 0xF79E, 0xF79E, 0x256C, 0x256C,
        0x256C, 0x256C, 0xF79E, 0xF79E, 0xF79E, 0xA659, 0xA659, 0xA659, 0xA659, 0xA659, 0xA659, 0xA659, 0xA659, 0xA659, 0xA659, 0xA659, 0xA659, 0xA659, 0xA659, 0xA659, 0xA659, 0xA659, 0xA659, 0xA659, 0xA659, 0xA659, 0xA659, 0xF79E, 0xF79E, 0xF79E, 0x256C, 0x256C,
        0x256C, 0x256C, 0xD165, 0xD165, 0xD165, 0xA659, 0xA659, 0xA659, 0xA659, 0xA659, 0xA659, 0xA659, 0xA659, 0xA659, 0xA659, 0xA659, 0xA659, 0xA659, 0xA659, 0xA659, 0xA659, 0xA659, 0xA659, 0xA659, 0xA659, 0xA659, 0xA659, 0xD165, 0xD165, 0xD165, 0x256C, 0x256C,
        0x256C, 0x256C, 0xD165, 0xD165, 0xD165, 0xA659, 0xA659, 0xA659, 0xA659, 0xA659, 0xA659, 0xA659, 0xA659, 0xA659, 0xA659, 0xA659, 0xA659, 0xA659, 0xA659, 0xA659, 0xA659, 0xA659, 0xA659, 0xA659, 0xA659, 0xA659, 0xA659, 0xD165, 0xD165, 0xD165, 0x256C, 0x256C,
        0x256C, 0x256C, 0xD165, 0xD165, 0xD165, 0xA659, 0xA659, 0xA659, 0xA659, 0xA659, 0xA659, 0xA659, 0xA659, 0xA659, 0xA659, 0xA659, 0xA659, 0xA659, 0xA659, 0xA659, 0xA659, 0xA659, 0xA659, 0xA659, 0xA659, 0xA659, 0xA659, 0xD165, 0xD165, 0xD165, 0x256C, 0x256C,
        0x256C, 0x256C, 0xD165, 0xD165, 0xD165, 0xA659, 0xA659, 0xA659, 0xA659, 0xA659, 0xA659, 0xA659, 0xA659, 0xA659, 0xA659, 0xA659, 0xA659, 0xA659, 0xA659, 0xA659, 0xA659, 0xA659, 0xA659, 0xA659, 0xA659, 0xA659, 0xA659, 0xD165, 0xD165, 0xD165, 0x256C, 0x256C,
        0x256C, 0x256C, 0xD165, 0xD165, 0xD165, 0xA659, 0xA659, 0xA659, 0xA659, 0xA659, 0xA659, 0xA659, 0xA659, 0xA659, 0xA659, 0xA659, 0xA659, 0xA659, 0xA659, 0xA659, 0xA659, 0xA659, 0xA659, 0xA659, 0xA659, 0xA659, 0xA659, 0xD165, 0xD165, 0xD165, 0x256C, 0x256C,
        0x256C, 0x256C, 0xD165, 0xD165, 0xD165, 0xA659, 0xA659, 0xA659, 0xA659, 0xA659, 0xA659, 0xA659, 0xA659, 0xA659, 0xA659, 0xA659, 0xA659, 0xA659, 0xA659, 0xA659, 0xA659, 0xA659, 0xA659, 0xA659, 0xA659, 0xA659, 0xA659, 0xD165, 0xD165, 0xD165, 0x256C, 0x256C,
        0x256C, 0x256C, 0xD165, 0xD165, 0xD165, 0xA659, 0xA659, 0xA659, 0xA659, 0xA659, 0xA659, 0xA659, 0xA659, 0xA659, 0xA659, 0xA659, 0xA659, 0xA659, 0xA659, 0xA659, 0xA659, 0xA659, 0xA659, 0xA659, 0xA659, 0xA659, 0xA659, 0xD165, 0xD165, 0xD165, 0x256C, 0x256C,
        0x256C, 0x256C, 0xD165, 0xD165, 0xD165, 0xA659, 0xA659, 0xA659, 0xA659, 0xA659, 0xA659, 0xA659, 0xA659, 0xA659, 0xA659, 0xA659, 0xA659, 0xA659, 0xA659, 0xA659, 0xA659, 0xA659, 0xA659, 0xA659, 0xA659, 0xA659, 0xA659, 0xD165, 0xD165, 0xD165, 0x256C, 0x256C,
        0x256C, 0x256C, 0xF79E, 0xF79E, 0xF79E, 0xA659, 0xA659, 0xA659, 0xA659, 0xA659, 0xA659, 0xA659, 0xA659, 0xA659, 0xA659, 0xA659, 0xA659, 0xA659, 0xA659, 0xA659, 0xA659, 0xA659, 0xA659, 0xA659, 0xA659, 0xA659, 0xA659, 0xF79E, 0xF79E, 0xF79E, 0x256C, 0x256C,
        0x256C, 0x256C, 0xF79E, 0xF79E, 0xF79E, 0xA659, 0xA659, 0xA659, 0xA659, 0xA659, 0xA659, 0xA659, 0xA659, 0xA659, 0xA659, 0xA659, 0xA659, 0xA659, 0xA659, 0xA659, 0xA659, 0xA659, 0xA659, 0xA659, 0xA659, 0xA659, 0xA659, 0xF79E, 0xF79E, 0xF79E, 0x256C, 0x256C,
        0x256C, 0x256C, 0xF79E, 0xF79E, 0xF79E, 0xA659, 0xA659, 0xA659, 0xA659, 0xA659, 0xA659, 0xA659, 0xA659, 0xA659, 0xA659, 0xA659, 0xA659, 0xA659, 0xA659, 0xA659, 0xA659, 0xA659, 0xA659, 0xA659, 0xA659, 0xA659, 0xA659, 0xF79E, 0xF79E, 0xF79E, 0x256C, 0x256C,
        0x256C, 0x256C, 0xF79E, 0xF79E, 0xF79E, 0xA659, 0xA659, 0xA659, 0xA659, 0xA659, 0xA659, 0xA659, 0xA659, 0xA659, 0xA659, 0xA659, 0xA659, 0xA659, 0xA659, 0xA659, 0xA659, 0xA659, 0xA659, 0xA659, 0xA659, 0xA659, 0xA659, 0xF79E, 0xF79E, 0xF79E, 0x256C, 0x256C,
        0x256C, 0x256C, 0xF79E, 0xF79E, 0xF79E, 0xA659, 0xA659, 0xA659, 0xA659, 0xA659, 0xA659, 0xA659, 0xA659, 0xA659, 0xA659, 0xA659, 0xA659, 0xA659, 0xA659, 0xA659, 0xA659, 0xA659, 0xA659, 0xA659, 0xA659, 0xA659, 0xA659, 0xF79E, 0xF79E, 0xF79E, 0x256C, 0x256C,
        0x256C, 0x256C, 0xF79E, 0xF79E, 0xF79E, 0xA659, 0xA659, 0xA659, 0xA659, 0xA659, 0xA659, 0xA659, 0xA659, 0xA659, 0xA659, 0xA659, 0xA659, 0xA659, 0xA659, 0xA659, 0xA659, 0xA659, 0xA659, 0xA659, 0xA659, 0xA659, 0xA659, 0xF79E, 0xF79E, 0xF79E, 0x256C, 0x256C,
        0x256C, 0x256C, 0xF79E, 0xF79E, 0xF79E, 0xA659, 0xA659, 0xA659, 0xA659, 0xA659, 0xA659, 0xA659, 0xA659, 0xA659, 0xA659, 0xA659, 0xA659, 0xA659, 0xA659, 0xA659, 0xA659, 0xA659, 0xA659, 0xA659, 0xA659, 0xA659, 0xA659, 0xF79E, 0xF79E, 0xF79E, 0x256C, 0x256C,
        0x256C, 0x256C, 0xF79E, 0xF79E, 0xF79E, 0xA659, 0xA659, 0xA659, 0xA659, 0xA659, 0xA659, 0xA659, 0xA659, 0xA659, 0xA659, 0xA659, 0xA659, 0xA659, 0xA659, 0xA659, 0xA659, 0xA659, 0xA659, 0xA659, 0xA659, 0xA659, 0xA659, 0xF79E, 0xF79E, 0xF79E, 0x256C, 0x256C,
        0x256C, 0x256C, 0xD165, 0xD165, 0xD165, 0xA659, 0xA659, 0xA659, 0xA659, 0xA659, 0xA659, 0xA659, 0xA659, 0xA659, 0xA659, 0xA659, 0xA659, 0xA659, 0xA659, 0xA659, 0xA659, 0xA659, 0xA659, 0xA659, 0xA659, 0xA659, 0xA659, 0xD165, 0xD165, 0xD165, 0x256C, 0x256C,
        0x256C, 0x256C, 0xD165, 0xD165, 0xD165, 0xA659, 0xA659, 0xA659, 0xA659, 0xA659, 0xA659, 0xA659, 0xA659, 0xA659, 0xA659, 0xA659, 0xA659, 0xA659, 0xA659, 0xA659, 0xA659, 0xA659, 0xA659, 0xA659, 0xA659, 0xA659, 0xA659, 0xD165, 0xD165, 0xD165, 0x256C, 0x256C,
        0x256C, 0x256C, 0xD165, 0xD165, 0xD165, 0xA659, 0xA659, 0xA659, 0xA659, 0xA659, 0xA659, 0xA659, 0xA659, 0xA659, 0xA659, 0xA659, 0xA659, 0xA659, 0xA659, 0xA659, 0xA659, 0xA659, 0xA659, 0xA659, 0xA659, 0xA659, 0xA659, 0xD165, 0xD165, 0xD165, 0x256C, 0x256C,
        0x256C, 0x256C, 0xD165, 0xD165, 0xD165, 0xA659, 0xA659, 0xA659, 0xA659, 0xA659, 0xA659, 0xA659, 0xA659, 0xA659, 0xA659, 0xA659, 0xA659, 0xA659, 0xA659, 0xA659, 0xA659, 0xA659, 0xA659, 0xA659, 0xA659, 0xA659, 0xA659, 0xD165, 0xD165, 0xD165, 0x256C, 0x256C,
        0x256C, 0x256C, 0xD165, 0xD165, 0xD165, 0xA659, 0xA659, 0xA659, 0xA659, 0xA659, 0xA659, 0xA659, 0xA659, 0xA659, 0xA659, 0xA659, 0xA659, 0xA659, 0xA659, 0xA659, 0xA659, 0xA659, 0xA659, 0xA659, 0xA659, 0xA659, 0xA659, 0xD165, 0xD165, 0xD165, 0x256C, 0x256C,
        0x256C, 0x256C, 0xD165, 0xD165, 0xD165, 0xA659, 0xA659, 0xA659, 0xA659, 0xA659, 0xA659, 0xA659, 0xA659, 0xA659, 0xA659, 0xA659, 0xA659, 0xA659, 0xA659, 0xA659, 0xA659, 0xA659, 0xA659, 0xA659, 0xA659, 0xA659, 0xA659, 0xD165, 0xD165, 0xD165, 0x256C, 0x256C,
        0x256C, 0x256C, 0xD165, 0xD165, 0xD165, 0xA659, 0xA659, 0xA659, 0xA659, 0xA659, 0xA659, 0xA659, 0xA659, 0xA659, 0xA659, 0xA659, 0xA659, 0xA659, 0xA659, 0xA659, 0xA659, 0xA659, 0xA659, 0xA659, 0xA659, 0xA659, 0xA659, 0xD165, 0xD165, 0xD165, 0x256C, 0x256C,
        0x256C, 0x256C, 0xD165, 0xD165, 0xD165, 0xA659, 0xA659, 0xA659, 0xA659, 0xA659, 0xA659, 0xA659, 0xA659, 0xA659, 0xA659, 0xA659, 0xA659, 0xA659, 0xA659, 0xA659, 0xA659, 0xA659, 0xA659, 0xA659, 0xA659, 0xA659, 0xA659, 0xD165, 0xD165, 0xD165, 0x256C, 0x256C
    },
    [TRACK_TILE_ROAD_05] = {
        0x256C, 0x256C, 0xF79E, 0xF79E, 0xF79E, 0xA659, 0xA659, 0xA659, 0xA659, 0xA659, 0xA659, 0xA659, 0xA659, 0xA659, 0xA659, 0xA659, 0xA659, 0xA659, 0xA659, 0xA659, 0xA659, 0xA659, 0xA659, 0xA659, 0xA659, 0xA659, 0xA659, 0xF79E, 0xF79E, 0xF79E, 0x256C, 0x256C,
        0x256C, 0x256C, 0xF79E, 0xF79E, 0xF79E, 0xA659, 0xA659, 0xA659, 0xA659, 0xA659, 0xA659, 0xA659, 0xA659, 0xA659, 0xA659, 0xA659, 0xA659, 0xA659, 0xA659, 0xA659, 0xA659, 0xA659, 0xA659, 0xA659, 0xA659, 0xA659, 0xA659, 0xF79E, 0xF79E, 0xF79E, 0x256C, 0x256C,
        0x256C, 0x256C, 0xF79E, 0xF79E, 0xF79E, 0xA659, 0xA659, 0xA659, 0xA659, 0xA659, 0xA659, 0xA659, 0xA659, 0xA659, 0xA659, 0xA659, 0xA659, 0xA659, 0xA659, 0xA659, 0xA659, 0xA659, 0xA659, 0xA659, 0xA659, 0xA659, 0xA659, 0xF79E, 0xF79E, 0xF79E, 0x256C, 0x256C,
        0x256C, 0x256C, 0xF79E, 0xF79E, 0xF79E, 0xA659, 0xA659, 0xA659, 0xA659, 0xA659, 0xA659, 0xA659, 0xA659, 0xA659, 0xA659, 0xA659, 0xA659, 0xA659, 0xA659, 0xA659, 0xA659, 0xA659, 0xA659, 0xA659, 0xA659, 0xA659, 0xA659, 0xF79E, 0xF79E, 0xF79E, 0x256C, 0x256C,
        0x256C, 0x256C, 0xF79E, 0xF79E, 0xF79E, 0xA659, 0xA659, 0xA659, 0xA659, 0xA659, 0xA659, 0xA659, 0xA659, 0xA659, 0xA659, 0xA659, 0xA659, 0xA659, 0xA659, 0xA659, 0xA659, 0xA659, 0xA659, 0xA659, 0xA659, 0xA659, 0xA659, 0xF79E, 0xF79E, 0xF79E, 0x256C, 0x256C,
        0x256C, 0x256C, 0xF79E, 0xF79E, 0xF79E, 0xA659, 0xA659, 0xA659, 0xA659, 0xA659, 0xA659, 0xA659, 0xA659, 0xA659, 0xA659, 0xA659, 0xA659, 0xA659, 0xA659, 0xA659, 0xA659, 0xA659, 0xA659, 0xA659, 0xA659, 0xA659, 0xA659, 0xF79E, 0xF79E, 0xF79E, 0x256C, 0x256C,
        0x256C, 0x256C, 0xF79E, 0xF79E, 0xF79E, 0xA659, 0xA659, 0xA659, 0xA659, 0xA659, 0xA659, 0xA659, 0xA659, 0xA659, 0xA659, 0xA659, 0xA659, 0xA659, 0xA659, 0xA659, 0xA659, 0xA659, 0xA659, 0xA659, 0xA659, 0xA659, 0xA659, 0xF79E, 0xF79E, 0xF79E, 0x256C, 0x256C,
        0x256C, 0x256C, 0xF79E, 0xF79E, 0xF79E, 0xA659, 0xA659, 0xA659, 0xA659, 0xA659, 0xA659, 0xA659, 0xA659, 0xA659, 0xA659, 0xA659, 0xA659, 0xA659, 0xA659, 0xA659, 0xA659, 0xA659, 0xA659, 0xA659, 0xA659, 0xA659, 0xA659, 0xF79E, 0xF79E, 0xF79E, 0x256C, 0x256C,
        0x256C, 0x256C, 0xD165, 0xD165, 0xD165, 0xA659, 0xA659, 0xA659, 0xA659, 0xA659, 0xA659, 0xA659, 0xA659, 0xA659, 0xA659, 0xA659, 0xA659, 0xA659, 0xA659, 0xA659, 0xA659, 0xA659, 0xA659, 0xA659, 0xA659, 0xA659, 0xA659, 0xD165, 0xD165, 0xD165, 0x256C, 0x256C,
        0x256C, 0x256C, 0xD165, 0xD165, 0xD165, 0xA659, 0xA659, 0xA659, 0xA659, 0xA659, 0xA659, 0xA659, 0xA659, 0xA659, 0xA659, 0xA659, 0xA659, 0xA659, 0xA659, 0xA659, 0xA659, 0xA659, 0xA659, 0xA659, 0xA659, 0xA659, 0xA659, 0xD165, 0xD165, 0xD165, 0x256C, 0x256C,
        0x256C, 0x256C, 0xD165, 0xD165, 0xD165, 0xA659, 0xA659, 0xA659, 0xA659, 0xA659, 0xA659, 0xA659, 0xA659, 0xA659, 0xA659, 0xA659, 0xA659, 0xA659, 0xA659, 0xA659, 0xA659, 0xA659, 0xA659, 0xA659, 0xA659, 0xA659, 0xA659, 0xD165, 0xD165, 0xD165, 0x256C, 0x256C,
        0x256C, 0x256C, 0xD165, 0xD165, 0xD165, 0xA659, 0xA659, 0xA659, 0xA659, 0xA659, 0xA659, 0xA659, 0xA659, 0xA659, 0xA659, 0xA659, 0xA659, 0xA659, 0xA659, 0xA659, 0xA659, 0xA659, 0xA659, 0xA659, 0xA659, 0xA659, 0xA659, 0xD165, 0xD165, 0xD165, 0x256C, 0x256C,
        0x256C, 0x256C, 0xD165, 0xD165, 0xD165, 0xA659, 0xA659, 0xA659, 0xA659, 0xA659, 0xA659, 0xA659, 0xA659, 0xA659, 0xA659, 0xA659, 0xA659, 0xA659, 0xA659, 0xA659, 0xA659, 0xA659, 0xA659, 0xA659, 0xA659, 0xA659, 0xA659, 0xD165, 0xD165, 0xD165, 0x256C, 0x256C,
        0x256C, 0x256C, 0xD165, 0xD165, 0xD165, 0xA659, 0xA659, 0xA659, 0xA659, 0xA659, 0xA659, 0xA659, 0xA659, 0xA659, 0xA659, 0xA659, 0xA659, 0xA659, 0xA659, 0xA659, 0xA659, 0xA659, 0xA659, 0xA659, 0xA659, 0xA659, 0xA659, 0xD165, 0xD165, 0xD165, 0x256C, 0x256C,
        0x256C, 0x256C, 0xD165, 0xD165, 0xD165, 0xA659, 0xA659, 0xA659, 0xA659, 0xA659, 0xA659, 0xA659, 0xA659, 0xA659, 0xA659, 0xA659, 0xA659, 0xA659, 0xA659, 0xA659, 0xA659, 0xA659, 0xA659, 0xA659, 0xA659, 0xA659, 0xA659, 0xD165, 0xD165, 0xD165, 0x256C, 0x256C,
        0x256C, 0x256C, 0xD165, 0xD165, 0xD165, 0xA659, 0xA659, 0xA659, 0xA659, 0xA659, 0xA659, 0xA659, 0xA659, 0xA659, 0xA659, 0xA659, 0xA659, 0xA659, 0xA659, 0xA659, 0xA659, 0xA659, 0xA659, 0xA659, 0xA659, 0xA659, 0xA659, 0xD165, 0xD165, 0xD165, 0x256C, 0x256C,
        0x256C, 0x256C, 0xF79E, 0xF79E, 0xF79E, 0xA659, 0xA659, 0xA659, 0xA659, 0xA659, 0xA659, 0xA659, 0xA659, 0xA659, 0xA659, 0xA659, 0xA659, 0xA659, 0xA659, 0xA659, 0xA659, 0xA659, 0xA659, 0xA659, 0xA659, 0xA659, 0xA659, 0xF79E, 0xF79E, 0xF79E, 0x256C, 0x256C,
        0x256C, 0x256C, 0xF79E, 0xF79E, 0xF79E, 0xA659, 0xA659, 0xA659, 0xA659, 0xA659, 0xA659, 0xA659, 0xA659, 0xA659, 0xA659, 0xA659, 0xA659, 0xA659, 0xA659, 0xA659, 0xA659, 0xA659, 0xA659, 0xA659, 0xA659, 0xA659, 0xA659, 0xF79E, 0xF79E, 0xF79E, 0x256C, 0x256C,
        0x256C, 0x256C, 0xF79E, 0xF79E, 0xF79E, 0xA659, 0xA659, 0xA659, 0xA659, 0xA659, 0xA659, 0xA659, 0xA659, 0xA659, 0xA659, 0xA659, 0xA659, 0xA659, 0xA659, 0xA659, 0xA659, 0xA659, 0xA659, 0xA659, 0xA659, 0xA659, 0xA659, 0xF79E, 0xF79E, 0xF79E, 0x256C, 0x256C,
        0x256C, 0x256C, 0xF79E, 0xF79E, 0xF79E, 0xA659, 0xA659, 0xA659, 0xA659, 0xA659, 0xA659, 0xA659, 0xA659, 0xA659, 0xA659, 0xA659, 0xA659, 0xA659, 0xA659, 0xA659, 0xA659, 0xA659, 0xA659, 0xA659, 0xA659, 0xA659, 0xA659, 0xF79E, 0xF79E, 0xF79E, 0x256C, 0x256C,
        0x256C, 0x256C, 0xF79E, 0xF79E, 0xF79E, 0xA659, 0xA659, 0xA659, 0xA659, 0xA659, 0xA659, 0xA659, 0xA659, 0xA659, 0xA659, 0xA659, 0xA659, 0xA659, 0xA659, 0xA659, 0xA659, 0xA659, 0xA659, 0xA659, 0xA659, 0xA659, 0xA659, 0xF79E, 0xF79E, 0xF79E, 0x256C, 0x256C,
        0x256C, 0x256C, 0xF79E, 0xF79E, 0xF79E, 0xA659, 0xA659, 0xA659, 0xA659, 0xA659, 0xA659, 0xA659, 0xA659, 0xA659, 0xA659, 0xA659, 0xA659, 0xA659, 0xA659, 0xA659, 0xA659, 0xA659, 0xA659, 0xA659, 0xA659, 0xA659, 0xA659, 0xF79E, 0xF79E, 0xF79E, 0x256C, 0x256C,
        0x256C, 0x256C, 0xF79E, 0xF79E, 0xF79E, 0xA659, 0xA659, 0xA659, 0xA659, 0xA659, 0xA659, 0xA659, 0xA659, 0xA659, 0xA659, 0xA659, 0xA659, 0xA659, 0xA659, 0xA659, 0xA659, 0xA659, 0xA659, 0xA659, 0xA659, 0xA659, 0xA659, 0xF79E, 0xF79E, 0xF79E, 0x256C, 0x256C,
        0x256C, 0x256C, 0xF79E, 0xF79E, 0xF79E, 0xA659, 0xA659, 0xA659, 0xA659, 0xA659, 0xA659, 0xA659, 0xA659, 0xA659, 0xA659, 0xA659, 0xA659, 0xA659, 0xA659, 0xA659, 0xA659, 0xA659, 0xA659, 0xA659, 0xA659, 0xA659, 0xA659, 0xF79E, 0xF79E, 0xF79E, 0x256C, 0x256C,
        0x256C, 0x256C, 0xD165, 0xD165, 0xD165, 0xA659, 0xA659, 0xA659, 0xA659, 0xA659, 0xA659, 0xA659, 0xA659, 0xA659, 0xA659, 0xA659, 0xA659, 0xA659, 0xA659, 0xA659, 0xA659, 0xA659, 0xA659, 0xA659, 0xA659, 0xA659, 0xA659, 0xD165, 0xD165, 0xD165, 0x256C, 0x256C,
        0x256C, 0x256C, 0xD165, 0xD165, 0xD165, 0xA659, 0xA659, 0xA659, 0xA659, 0xA659, 0xA659, 0xA659, 0xA659, 0xA659, 0xA659, 0xA659, 0xA659, 0xA659, 0xA659, 0xA659, 0xA659, 0xA659, 0xA659, 0xA659, 0xA659, 0xA659, 0xA659, 0xD165, 0xD165, 0xD165, 0x256C, 0x256C,
        0x256C, 0x256C, 0xD165, 0xD165, 0xD165, 0xA659, 0xA659, 0xA659, 0xA659, 0xA659, 0xA659, 0xA659, 0xA659, 0xA659, 0xA659, 0xA659, 0xA659, 0xA659, 0xA659, 0xA659, 0xA659, 0xA659, 0xA659, 0xA659, 0xA659, 0xA659, 0xA659, 0xD165, 0xD165, 0xD165, 0x256C, 0x256C,
        0x256C, 0x256C, 0xD165, 0xD165, 0xD165, 0xA659, 0xA659, 0xA659, 0xA659, 0xA659, 0xA659, 0xA659, 0xA659, 0xA659, 0xA659, 0xA659, 0xA659, 0xA659, 0xA659, 0xA659, 0xA659, 0xA659, 0xA659, 0xA659, 0xA659, 0xA659, 0xA659, 0xD165, 0xD165, 0xD165, 0x256C, 0x256C,
        0x256C, 0x256C, 0xD165, 0xD165, 0xD165, 0xA659, 0xA659, 0xA659, 0xA659, 0xA659, 0xA659, 0xA659, 0xA659, 0xA659, 0xA659, 0xA659, 0xA659, 0xA659, 0xA659, 0xA659, 0xA659, 0xA659, 0xA659, 0xA659, 0xA659, 0xA659, 0xA659, 0xD165, 0xD165, 0xD165, 0x256C, 0x256C,
        0x256C, 0x256C, 0xD165, 0xD165, 0xD165, 0xA659, 0xA659, 0xA659, 0xA659, 0xA659, 0xA659, 0xA659, 0xA659, 0xA659, 0xA659, 0xA659, 0xA659, 0xA659, 0xA659, 0xA659, 0xA659, 0xA659, 0xA659, 0xA659, 0xA659, 0xA659, 0xA659, 0xD165, 0xD165, 0xD165, 0x256C, 0x256C,
        0x256C, 0x256C, 0xD165, 0xD165, 0xD165, 0xA659, 0xA659, 0xA659, 0xA659, 0xA659, 0xA659, 0xA659, 0xA659, 0xA659, 0xA659, 0xA659, 0xA659, 0xA659, 0xA659, 0xA659, 0xA659, 0xA659, 0xA659, 0xA659, 0xA659, 0xA659, 0xA659, 0xD165, 0xD165, 0xD165, 0x256C, 0x256C,
        0x256C, 0x256C, 0xD165, 0xD165, 0xD165, 0xA659, 0xA659, 0xA659, 0xA659, 0xA659, 0xA659, 0xA659, 0xA659, 0xA659, 0xA659, 0xA659, 0xA659, 0xA659, 0xA659, 0xA659, 0xA659, 0xA659, 0xA659, 0xA659, 0xA659, 0xA659, 0xA659, 0xD165, 0xD165, 0xD165, 0x256C, 0x256C
    },
    [TRACK_TILE_ROAD_06] = {
        0x256C, 0x256C, 0xF79E, 0xF79E, 0xF79E, 0x256C, 0x256C, 0x256C, 0x256C, 0x256C, 0x256C, 0x256C, 0x256C, 0x256C, 0x256C, 0x256C, 0x256C, 0x256C, 0x256C, 0x256C, 0x256C, 0x256C, 0x256C, 0x256C, 0x256C, 0x256C, 0x256C, 0x256C, 0x256C, 0x256C, 0x256C, 0x256C,
        0x256C, 0x256C, 0xF79E, 0xF79E, 0xF79E, 0x256C, 0x256C, 0x256C, 0x256C, 0x256C, 0x256C, 0x256C, 0x256C, 0x256C, 0x256C, 0x256C, 0x256C, 0x256C, 0x256C, 0x256C, 0x256C, 0x256C, 0x256C, 0x256C, 0x256C, 0x256C, 0x256C, 0x256C, 0x256C, 0x256C, 0x256C, 0x256C,
        0x256C, 0x256C, 0xF79E, 0xF79E, 0xF79E, 0xF79E, 0xF79E, 0xF79E, 0xD165, 0xD165, 0xD165, 0xD165, 0xD165, 0xD165, 0xD165, 0xD165, 0xF79E, 0xF79E, 0xF79E, 0xF79E, 0xF79E, 0xF79E, 0xF79E, 0xF79E, 0xD165, 0xD165, 0xD165, 0xD165, 0xD165, 0xD165, 0xD165, 0xD165,
        0x256C, 0x256C, 0xF79E, 0xF79E, 0xF79E, 0xF79E, 0xF79E, 0xF79E, 0xD165, 0xD165, 0xD165, 0xD165, 0xD165, 0xD165, 0xD165, 0xD165, 0xF79E, 0xF79E, 0xF79E, 0xF79E, 0xF79E, 0xF79E, 0xF79E, 0xF79E, 0xD165, 0xD165, 0xD165, 0xD165, 0xD165, 0xD165, 0xD165, 0xD165,
        0x256C, 0x256C, 0xF79E, 0xF79E, 0xF79E, 0xF79E, 0xF79E, 0xF79E, 0xD165, 0xD165, 0xD165, 0xD165, 0xD165, 0xD165, 0xD165, 0xD165, 0xF79E, 0xF79E, 0xF79E, 0xF79E, 0xF79E, 0xF79E, 0xF79E, 0xF79E, 0xD165, 0xD165, 0xD165, 0xD165, 0xD165, 0xD165, 0xD165, 0xD165,
        0x256C, 0x256C, 0xF79E, 0xF79E, 0xF79E, 0xA659, 0xA659, 0xA659, 0xA659, 0xA659, 0xA659, 0xA659, 0xA659, 0xA659, 0xA659, 0xA659, 0xA659, 0xA659, 0xA659, 0xA659, 0xA659, 0xA659, 0xA659, 0xA659, 0xA659, 0xA659, 0xA659, 0xA659, 0xA659, 0xA659, 0xA659, 0xA659,
        0x256C, 0x256C, 0xF79E, 0xF79E, 0xF79E, 0xA659, 0xA659, 0xA659, 0xA659, 0xA659, 0xA659, 0xA659, 0xA659, 0xA659, 0xA659, 0xA659, 0xA659, 0xA659, 0xA659, 0xA659, 0xA659, 0xA659, 0xA659, 0xA659, 0xA659, 0xA659, 0xA659, 0xA659, 0xA659, 0xA659, 0xA659, 0xA659,
        0x256C, 0x256C, 0xF79E, 0xF79E, 0xF79E, 0xA659, 0xA659, 0xA659, 0xA659, 0xA659, 0xA659, 0xA659, 0xA659, 0xA659, 0xA659, 0xA659, 0xA659, 0xA659, 0xA659, 0xA659, 0xA659, 0xA659, 0xA659, 0xA659, 0xA659, 0xA659, 0xA659, 0xA659, 0xA659, 0xA659, 0xA659, 0xA659,
        0x256C, 0x256C, 0xD165, 0xD165, 0xD165, 0xA659, 0xA659, 0xA659, 0xA659, 0xA659, 0xA659, 0xA659, 0xA659, 0xA659, 0xA659, 0xA659, 0xA659, 0xA659, 0xA659, 0xA659, 0xA659, 0xA659, 0xA659, 0xA659, 0xA659, 0xA659, 0xA659, 0xA659, 0xA659, 0xA659, 0xA659, 0xA659,
        0x256C, 0x256C, 0xD165, 0xD165, 0xD165, 0xA659, 0xA659, 0xA659, 0xA659, 0xA659, 0xA659, 0xA659, 0xA659, 0xA659, 0xA659, 0xA659, 0xA659, 0xA659, 0xA659, 0xA659, 0xA659, 0xA659, 0xA659, 0xA659, 0xA659, 0xA659, 0xA659, 0xA659, 0xA659, 0xA659, 0xA659, 0xA659,
        0x256C, 0x256C, 0xD165, 0xD165, 0xD165, 0xA659, 0xA659, 0xA659, 0xA659, 0xA659, 0xA659, 0xA659, 0xA659, 0xA659, 0xA659, 0xA659, 0xA659, 0xA659, 0xA659, 0xA659, 0xA659, 0xA659, 0xA659, 0xA659, 0xA659, 0xA659, 0xA659, 0xA659, 0xA659, 0xA659, 0xA659, 0xA659,
        0x256C, 0x256C, 0xD165, 0xD165, 0xD165, 0xA659, 0xA659, 0xA659, 0xA659, 0xA659, 0xA659, 0xA659, 0xA659, 0xA659, 0xA659, 0xA659, 0xA659, 0xA659, 0xA659, 0xA659, 0xA659, 0xA659, 0xA659, 0xA659, 0xA659, 0xA659, 0xA659, 0xA659, 0xA659, 0xA659, 0xA659, 0xA659,
        0x256C, 0x256C, 0xD165, 0xD165, 0xD165, 0xA659, 0xA659, 0xA659, 0xA659, 0xA659, 0xA659, 0xA659, 0xA659, 0xA659, 0xA659, 0xA659, 0xA659, 0xA659, 0xA659, 0xA659, 0xA659, 0xA659, 0xA659, 0xA659, 0xA659, 0xA659, 0xA659, 0xA659, 0xA659, 0xA659, 0xA659, 0xA659,
        0x256C, 0x256C, 0xD165, 0xD165, 0xD165, 0xA659, 0xA659, 0xA659, 0xA659, 0xA659, 0xA659, 0xA659, 0xA659, 0xA659, 0xA659, 0xA659, 0xA659, 0xA659, 0xA659, 0xA659, 0xA659, 0xA659, 0xA659, 0xA659, 0xA659, 0xA659, 0xA659, 0xA659, 0xA659, 0xA659, 0xA659, 0xA659,
        0x256C, 0x256C, 0xD165, 0xD165, 0xD165, 0xA659, 0xA659, 0xA659, 0xA659, 0xA659, 0xA659, 0xA659, 0xA659, 0xA659, 0xA659, 0xA659, 0xA659, 0xA659, 0xA659, 0xA659, 0xA659, 0xA659, 0xA659, 0xA659, 0xA659, 0xA659, 0xA659, 0xA659, 0xA659, 0xA659, 0xA659, 0xA659,
        0x256C, 0x256C, 0xD165, 0xD165, 0xD165, 0xA659, 0xA659, 0xA659, 0xA659, 0xA659, 0xA659, 0xA659, 0xA659, 0xA659, 0xA659, 0xA659, 0xA659, 0xA659, 0xA659, 0xA659, 0xA659, 0xA659, 0xA659, 0xA659, 0xA659, 0xA659, 0xA659, 0xA659, 0xA659, 0xA659, 0xA659, 0xA659,
        0x256C, 0x256C, 0xF79E, 0xF79E, 0xF79E, 0xA659, 0xA659, 0xA659, 0xA659, 0xA659, 0xA659, 0xA659, 0xA659, 0xA659, 0xA659, 0xA659, 0xA659, 0xA659, 0xA659, 0xA659, 0xA659, 0xA659, 0xA659, 0xA659, 0xA659, 0xA659, 0xA659, 0xA659, 0xA659, 0xA659, 0xA659, 0xA659,
        0x256C, 0x256C, 0xF79E, 0xF79E, 0xF79E, 0xA659, 0xA659, 0xA659, 0xA659, 0xA659, 0xA659, 0xA659, 0xA659, 0xA659, 0xA659, 0xA659, 0xA659, 0xA659, 0xA659, 0xA659, 0xA659, 0xA659, 0xA659, 0xA659, 0xA659, 0xA659, 0xA659, 0xA659, 0xA659, 0xA659, 0xA659, 0xA659,
        0x256C, 0x256C, 0xF79E, 0xF79E, 0xF79E, 0xA659, 0xA659, 0xA659, 0xA659, 0xA659, 0xA659, 0xA659, 0xA659, 0xA659, 0xA659, 0xA659, 0xA659, 0xA659, 0xA659, 0xA659, 0xA659, 0xA659, 0xA659, 0xA659, 0xA659, 0xA659, 0xA659, 0xA659, 0xA659, 0xA659, 0xA659, 0xA659,
        0x256C, 0x256C, 0xF79E, 0xF79E, 0xF79E, 0xA659, 0xA659, 0xA659, 0xA659, 0xA659, 0xA659, 0xA659, 0xA659, 0xA659, 0xA659, 0xA659, 0xA659, 0xA659, 0xA659, 0xA659, 0xA659, 0xA659, 0xA659, 0xA659, 0xA659, 0xA659, 0xA659, 0xA659, 0xA659, 0xA659, 0xA659, 0xA659,
        0x256C, 0x256C, 0xF79E, 0xF79E, 0xF79E, 0xA659, 0xA659, 0xA659, 0xA659, 0xA659, 0xA659, 0xA659, 0xA659, 0xA659, 0xA659, 0xA659, 0xA659, 0xA659, 0xA659, 0xA659, 0xA659, 0xA659, 0xA659, 0xA659, 0xA659, 0xA659, 0xA659, 0xA659, 0xA659, 0xA659, 0xA659, 0xA659,
        0x256C, 0x256C, 0xF79E, 0xF79E, 0xF79E, 0xA659, 0xA659, 0xA659, 0xA659, 0xA659, 0xA659, 0xA659, 0xA659, 0xA659, 0xA659, 0xA659, 0xA659, 0xA659, 0xA659, 0xA659, 0xA659, 0xA659, 0xA659, 0xA659, 0xA659, 0xA659, 0xA659, 0xA659, 0xA659, 0xA659, 0xA659, 0xA659,
        0x256C, 0x256C, 0xF79E, 0xF79E, 0xF79E, 0xA659, 0xA659, 0xA659, 0xA659, 0xA659, 0xA659, 0xA659, 0xA659, 0xA659, 0xA659, 0xA659, 0xA659, 0xA659, 0xA659, 0xA659, 0xA659, 0xA659, 0xA659, 0xA659, 0xA659, 0xA659, 0xA659, 0xA659, 0xA659, 0xA659, 0xA659, 0xA659,
        0x256C, 0x256C, 0xF79E, 0xF79E, 0xF79E, 0xA659, 0xA659, 0xA659, 0xA659, 0xA659, 0xA659, 0xA659, 0xA659, 0xA659, 0xA659, 0xA659, 0xA659, 0xA659, 0xA659, 0xA659, 0xA659, 0xA659, 0xA659, 0xA659, 0xA659, 0xA659, 0xA659, 0xA659, 0xA659, 0xA659, 0xA659, 0xA659,
        0x256C, 0x256C, 0xD165, 0xD165, 0xD165, 0xA659, 0xA659, 0xA659, 0xA659, 0xA659, 0xA659, 0xA659, 0xA659, 0xA659, 0xA659, 0xA659, 0xA659, 0xA659, 0xA659, 0xA659, 0xA659, 0xA659, 0xA659, 0xA659, 0xA659, 0xA659, 0xA659, 0xA659, 0xA659, 0xA659, 0xA659, 0xA659,
        0x256C, 0x256C, 0xD165, 0xD165, 0xD165, 0xA659, 0xA659, 0xA659, 0xA659, 0xA659, 0xA659, 0xA659, 0xA659, 0xA659, 0xA659, 0xA659, 0xA659, 0xA659, 0xA659, 0xA659, 0xA659, 0xA659, 0xA659, 0xA659, 0xA659, 0xA659, 0xA659, 0xA659, 0xA659, 0xA659, 0xA659, 0xA659,
        0x256C, 0x256C, 0xD165, 0xD165, 0xD165, 0xA659, 0xA659, 0xA659, 0xA659, 0xA659, 0xA659, 0xA659, 0xA659, 0xA659, 0xA659, 0xA659, 0xA659, 0xA659, 0xA659, 0xA659, 0xA659, 0xA659, 0xA659, 0xA659, 0xA659, 0xA659, 0xA659, 0xA659, 0xA659, 0xA659, 0xA659, 0xA659,
        0x256C, 0x256C, 0xD165, 0xD165, 0xD165, 0xA659, 0xA659, 0xA659, 0xA659, 0xA659, 0xA659, 0xA659, 0xA659, 0xA659, 0xA659, 0xA659, 0xA659, 0xA659, 0xA659, 0xA659, 0xA659, 0xA659, 0xA659, 0xA659, 0xA659, 0xA659, 0xA659, 0xA659, 0xA659, 0xA659, 0xA659, 0xA659,
        0x256C, 0x256C, 0xD165, 0xD165, 0xD165, 0xA659, 0xA659, 0xA659, 0xA659, 0xA659, 0xA659, 0xA659, 0xA659, 0xA659, 0xA659, 0xA659, 0xA659, 0xA659, 0xA659, 0xA659, 0xA659, 0xA659, 0xA659, 0xA659, 0xA659, 0xA659, 0xA659, 0xA659, 0xA659, 0xA659, 0xA659, 0xA659,
        0x256C, 0x256C, 0xD165, 0xD165, 0xD165, 0xA659, 0xA659, 0xA659, 0xA659, 0xA659, 0xA659, 0xA659, 0xA659, 0xA659, 0xA659, 0xA659, 0xA659, 0xA659, 0xA659, 0xA659, 0xA659, 0xA659, 0xA659, 0xA659, 0xA659, 0xA659, 0xA659, 0xA659, 0xA659, 0xA659, 0xA659, 0xA659,
        0x256C, 0x256C, 0xD165, 0xD165, 0xD165, 0xA659, 0xA659, 0xA659, 0xA659, 0xA659, 0xA659, 0xA659, 0xA659, 0xA659, 0xA659, 0xA659, 0xA659, 0xA659, 0xA659, 0xA659, 0xA659, 0xA659, 0xA659, 0xA659, 0xA659, 0xA659, 0xA659, 0xA659, 0xA659, 0xA659, 0xA659, 0xA659,
        0x256C, 0x256C, 0xD165, 0xD165, 0xD165, 0xA659, 0xA659, 0xA659, 0xA659, 0xA659, 0xA659, 0xA659, 0xA659, 0xA659, 0xA659, 0xA659, 0xA659, 0xA659, 0xA659, 0xA659, 0xA659, 0xA659, 0xA659, 0xA659, 0xA659, 0xA659, 0xA659, 0xA659, 0xA659, 0xA659, 0xA659, 0xA659
    },
    [TRACK_TILE_ROAD_07] = {
        0x256C, 0x256C, 0xF79E, 0xF79E, 0xF79E, 0xA659, 0xA659, 0xA659, 0xA659, 0xA659, 0xA659, 0xA659, 0xA659, 0xA659, 0xA659, 0xA659, 0xA659, 0xA659, 0xA659, 0xA659, 0xA659, 0xA659, 0xA659, 0xA659, 0xA659, 0xA659, 0xA659, 0xA659, 0xA659, 0xA659, 0xA659, 0xA659,
        0x256C, 0x256C, 0xF79E, 0xF79E, 0xF79E, 0xA659, 0xA659, 0xA659, 0xA659, 0xA659, 0xA659, 0xA659, 0xA659, 0xA659, 0xA659, 0xA659, 0xA659, 0xA659, 0xA659, 0xA659, 0xA659, 0xA659, 0xA659, 0xA659, 0xA659, 0xA659, 0xA659, 0xA659, 0xA659, 0xA659, 0xA659, 0xA659,
        0x256C, 0x256C, 0xF79E, 0xF79E, 0xF79E, 0xA659, 0xA659, 0xA659, 0xA659, 0xA659, 0xA659, 0xA659, 0xA659, 0xA659, 0xA659, 0xA659, 0xA659, 0xA659, 0xA659, 0xA659, 0xA659, 0xA659, 0xA659, 0xA659, 0xA659, 0xA659, 0xA659, 0xA659, 0xA659, 0xA659, 0xA659, 0xA659,
        0x256C, 0x256C, 0xF79E, 0xF79E, 0xF79E, 0xA659, 0xA659, 0xA659, 0xA659, 0xA659, 0xA659, 0xA659, 0xA659, 0xA659, 0xA659, 0xA659, 0xA659, 0xA659, 0xA659, 0xA659, 0xA659, 0xA659, 0xA659, 0xA659, 0xA659, 0xA659, 0xA659, 0xA659, 0xA659, 0xA659, 0xA659, 0xA659,
        0x256C, 0x256C, 0xF79E, 0xF79E, 0xF79E, 0xA659, 0xA659, 0xA659, 0xA659, 0xA659, 0xA659, 0xA659, 0xA659, 0xA659, 0xA659, 0xA659, 0xA659, 0xA659, 0xA659, 0xA659, 0xA659, 0xA659, 0xA659, 0xA659, 0xA659, 0xA659, 0xA659, 0xA659, 0xA659, 0xA659, 0xA659, 0xA659,
        0x256C, 0x256C, 0xF79E, 0xF79E, 0xF79E, 0xA659, 0xA659, 0xA659, 0xA659, 0xA659, 0xA659, 0xA659, 0xA659, 0xA659, 0xA659, 0xA659, 0xA659, 0xA659, 0xA659, 0xA659, 0xA659, 0xA659, 0xA659, 0xA659, 0xA659, 0xA659, 0xA659, 0xA659, 0xA659, 0xA659, 0xA659, 0xA659,
        0x256C, 0x256C, 0xF79E, 0xF79E, 0xF79E, 0xA659, 0xA659, 0xA659, 0xA659, 0xA659, 0xA659, 0xA659, 0xA659, 0xA659, 0xA659, 0xA659, 0xA659, 0xA659, 0xA659, 0xA659, 0xA659, 0xA659, 0xA659, 0xA659, 0xA659, 0xA659, 0xA659, 0xA659, 0xA659, 0xA659, 0xA659, 0xA659,
        0x256C, 0x256C, 0xF79E, 0xF79E, 0xF79E, 0xA659, 0xA659, 0xA659, 0xA659, 0xA659, 0xA659, 0xA659, 0xA659, 0xA659, 0xA659, 0xA659, 0xA659, 0xA659, 0xA659, 0xA659, 0xA659, 0xA659, 0xA659, 0xA659, 0xA659, 0xA659, 0xA659, 0xA659, 0xA659, 0xA659, 0xA659, 0xA659,
        0x256C, 0x256C, 0xD165, 0xD165, 0xD165, 0xA659, 0xA659, 0xA659, 0xA659, 0xA659, 0xA659, 0xA659, 0xA659, 0xA659, 0xA659, 0xA659, 0xA659, 0xA659, 0xA659, 0xA659, 0xA659, 0xA659, 0xA659, 0xA659, 0xA659, 0xA659, 0xA659, 0xA659, 0xA659, 0xA659, 0xA659, 0xA659,
        0x256C, 0x256C, 0xD165, 0xD165, 0xD165, 0xA659, 0xA659, 0xA659, 0xA659, 0xA659, 0xA659, 0xA659, 0xA659, 0xA659, 0xA659, 0xA659, 0xA659, 0xA659, 0xA659, 0xA659, 0xA659, 0xA659, 0xA659, 0xA659, 0xA659, 0xA659, 0xA659, 0xA659, 0xA659, 0xA659, 0xA659, 0xA659,
        0x256C, 0x256C, 0xD165, 0xD165, 0xD165, 0xA659, 0xA659, 0xA659, 0xA659, 0xA659, 0xA659, 0xA659, 0xA659, 0xA659, 0xA659, 0xA659, 0xA659, 0xA659, 0xA659, 0xA659, 0xA659, 0xA659, 0xA659, 0xA659, 0xA659, 0xA659, 0xA659, 0xA659, 0xA659, 0xA659, 0xA659, 0xA659,
        0x256C, 0x256C, 0xD165, 0xD165, 0xD165, 0xA659, 0xA659, 0xA659, 0xA659, 0xA659, 0xA659, 0xA659, 0xA659, 0xA659, 0xA659, 0xA659, 0xA659, 0xA659, 0xA659, 0xA659, 0xA659, 0xA659, 0xA659, 0xA659, 0xA659, 0xA659, 0xA659, 0xA659, 0xA659, 0xA659, 0xA659, 0xA659,
        0x256C, 0x256C, 0xD165, 0xD165, 0xD165, 0xA659, 0xA659, 0xA659, 0xA659, 0xA659, 0xA659, 0xA659, 0xA659, 0xA659, 0xA659, 0xA659, 0xA659, 0xA659, 0xA659, 0xA659, 0xA659, 0xA659, 0xA659, 0xA659, 0xA659, 0xA659, 0xA659, 0xA659, 0xA659, 0xA659, 0xA659, 0xA659,
        0x256C, 0x256C, 0xD165, 0xD165, 0xD165, 0xA659, 0xA659, 0xA659, 0xA659, 0xA659, 0xA659, 0xA659, 0xA659, 0xA659, 0xA659, 0xA659, 0xA659, 0xA659, 0xA659, 0xA659, 0xA659, 0xA659, 0xA659, 0xA659, 0xA659, 0xA659, 0xA659, 0xA659, 0xA659, 0xA659, 0xA659, 0xA659,
        0x256C, 0x256C, 0xD165, 0xD165, 0xD165, 0xA659, 0xA659, 0xA659, 0xA659, 0xA659, 0xA659, 0xA659, 0xA659, 0xA659, 0xA659, 0xA659, 0xA659, 0xA659, 0xA659, 0xA659, 0xA659, 0xA659, 0xA659, 0xA659, 0xA659, 0xA659, 0xA659, 0xA659, 0xA659, 0xA659, 0xA659, 0xA659,
        0x256C, 0x256C, 0xD165, 0xD165, 0xD165, 0xA659, 0xA659, 0xA659, 0xA659, 0xA659, 0xA659, 0xA659, 0xA659, 0xA659, 0xA659, 0xA659, 0xA659, 0xA659, 0xA659, 0xA659, 0xA659, 0xA659, 0xA659, 0xA659, 0xA659, 0xA659, 0xA659, 0xA659, 0xA659, 0xA659, 0xA659, 0xA659,
        0x256C, 0x256C, 0xF79E, 0xF79E, 0xF79E, 0xA659, 0xA659, 0xA659, 0xA659, 0xA659, 0xA659, 0xA659, 0xA659, 0xA659, 0xA659, 0xA659, 0xA659, 0xA659, 0xA659, 0xA659, 0xA659, 0xA659, 0xA659, 0xA659, 0xA659, 0xA659, 0xA659, 0xA659, 0xA659, 0xA659, 0xA659, 0xA659,
        0x256C, 0x256C, 0xF79E, 0xF79E, 0xF79E, 0xA659, 0xA659, 0xA659, 0xA659, 0xA659, 0xA659, 0xA659, 0xA659, 0xA659, 0xA659, 0xA659, 0xA659, 0xA659, 0xA659, 0xA659, 0xA659, 0xA659, 0xA659, 0xA659, 0xA659, 0xA659, 0xA659, 0xA659, 0xA659, 0xA659, 0xA659, 0xA659,
        0x256C, 0x256C, 0xF79E, 0xF79E, 0xF79E, 0xA659, 0xA659, 0xA659, 0xA659, 0xA659, 0xA659, 0xA659, 0xA659, 0xA659, 0xA659, 0xA659, 0xA659, 0xA659, 0xA659, 0xA659, 0xA659, 0xA659, 0xA659, 0xA659, 0xA659, 0xA659, 0xA659, 0xA659, 0xA659, 0xA659, 0xA659, 0xA659,
        0x256C, 0x256C, 0xF79E, 0xF79E, 0xF79E, 0xA659, 0xA659, 0xA659, 0xA659, 0xA659, 0xA659, 0xA659, 0xA659, 0xA659, 0xA659, 0xA659, 0xA659, 0xA659, 0xA659, 0xA659, 0xA659, 0xA659, 0xA659, 0xA659, 0xA659, 0xA659, 0xA659, 0xA659, 0xA659, 0xA659, 0xA659, 0xA659,
        0x256C, 0x256C, 0xF79E, 0xF79E, 0xF79E, 0xA659, 0xA659, 0xA659, 0xA659, 0xA659, 0xA659, 0xA659, 0xA659, 0xA659, 0xA659, 0xA659, 0xA659, 0xA659, 0xA659, 0xA659, 0xA659, 0xA659, 0xA659, 0xA659, 0xA659, 0xA659, 0xA659, 0xA659, 0xA659, 0xA659, 0xA659, 0xA659,
        0x256C, 0x256C, 0xF79E, 0xF79E, 0xF79E, 0xA659, 0xA659, 0xA659, 0xA659, 0xA659, 0xA659, 0xA659, 0xA659, 0xA659, 0xA659, 0xA659, 0xA659, 0xA659, 0xA659, 0xA659, 0xA659, 0xA659, 0xA659, 0xA659, 0xA659, 0xA659, 0xA659, 0xA659, 0xA659, 0xA659, 0xA659, 0xA659,
        0x256C, 0x256C, 0xF79E, 0xF79E, 0xF79E, 0xA659, 0xA659, 0xA659, 0xA659, 0xA659, 0xA659, 0xA659, 0xA659, 0xA659, 0xA659, 0xA659, 0xA659, 0xA659, 0xA659, 0xA659, 0xA659, 0xA659, 0xA659, 0xA659, 0xA659, 0xA659, 0xA659, 0xA659, 0xA659, 0xA659, 0xA659, 0xA659,
        0x256C, 0x256C, 0xF79E, 0xF79E, 0xF79E, 0xA659, 0xA659, 0xA659, 0xA659, 0xA659, 0xA659, 0xA659, 0xA659, 0xA659, 0xA659, 0xA659, 0xA659, 0xA659, 0xA659, 0xA659, 0xA659, 0xA659, 0xA659, 0xA659, 0xA659, 0xA659, 0xA659, 0xA659, 0xA659, 0xA659, 0xA659, 0xA659,
        0x256C, 0x256C, 0xD165, 0xD165, 0xD165, 0xA659, 0xA659, 0xA659, 0xA659, 0xA659, 0xA659, 0xA659, 0xA659, 0xA659, 0xA659, 0xA659, 0xA659, 0xA659, 0xA659, 0xA659, 0xA659, 0xA659, 0xA659, 0xA659, 0xA659, 0xA659, 0xA659, 0xA659, 0xA659, 0xA659, 0xA659, 0xA659,
        0x256C, 0x256C, 0xD165, 0xD165, 0xD165, 0xA659, 0xA659, 0xA659, 0xA659, 0xA659, 0xA659, 0xA659, 0xA659, 0xA659, 0xA659, 0xA659, 0xA659, 0xA659, 0xA659, 0xA659, 0xA659, 0xA659, 0xA659, 0xA659, 0xA659, 0xA659, 0xA659, 0xA659, 0xA659, 0xA659, 0xA659, 0xA659,
        0x256C, 0x256C, 0xD165, 0xD165, 0xD165, 0xA659, 0xA659, 0xA659, 0xA659, 0xA659, 0xA659, 0xA659, 0xA659, 0xA659, 0xA659, 0xA659, 0xA659, 0xA659, 0xA659, 0xA659, 0xA659, 0xA659, 0xA659, 0xA659, 0xA659, 0xA659, 0xA659, 0xA659, 0xA659, 0xA659, 0xA659, 0xA659,
        0x256C, 0x256C, 0xD165, 0xD165, 0xD165, 0xA659, 0xA659, 0xA659, 0xA659, 0xA659, 0xA659, 0xA659, 0xA659, 0xA659, 0xA659, 0xA659, 0xA659, 0xA659, 0xA659, 0xA659, 0xA659, 0xA659, 0xA659, 0xA659, 0xA659, 0xA659, 0xA659, 0xA659, 0xA659, 0xA659, 0xA659, 0xA659,
        0x256C, 0x256C, 0xD165, 0xD165, 0xD165, 0xA659, 0xA659, 0xA659, 0xA659, 0xA659, 0xA659, 0xA659, 0xA659, 0xA659, 0xA659, 0xA659, 0xA659, 0xA659, 0xA659, 0xA659, 0xA659, 0xA659, 0xA659, 0xA659, 0xA659, 0xA659, 0xA659, 0xA659, 0xA659, 0xA659, 0xA659, 0xA659,
        0x256C, 0x256C, 0xD165, 0xD165, 0xD165, 0xA659, 0xA659, 0xA659, 0xA659, 0xA659, 0xA659, 0xA659, 0xA659, 0xA659, 0xA659, 0xA659, 0xA659, 0xA659, 0xA659, 0xA659, 0xA659, 0xA659, 0xA659, 0xA659, 0xA659, 0xA659, 0xA659, 0xA659, 0xA659, 0xA659, 0xA659, 0xA659,
        0x256C, 0x256C, 0xD165, 0xD165, 0xD165, 0xA659, 0xA659, 0xA659, 0xA659, 0xA659, 0xA659, 0xA659, 0xA659, 0xA659, 0xA659, 0xA659, 0xA659, 0xA659, 0xA659, 0xA659, 0xA659, 0xA659, 0xA659, 0xA659, 0xA659, 0xA659, 0xA659, 0xA659, 0xA659, 0xA659, 0xA659, 0xA659,
        0x256C, 0x256C, 0xD165, 0xD165, 0xD165, 0xA659, 0xA659, 0xA659, 0xA659, 0xA659, 0xA659, 0xA659, 0xA659, 0xA659, 0xA659, 0xA659, 0xA659, 0xA659, 0xA659, 0xA659, 0xA659, 0xA659, 0xA659, 0xA659, 0xA659, 0xA659, 0xA659, 0xA659, 0xA659, 0xA659, 0xA659, 0xA659
    },
    [TRACK_TILE_ROAD_08] = {
        0x256C, 0x256C, 0x256C, 0x256C, 0x256C, 0x256C, 0x256C, 0x256C, 0x256C, 0x256C, 0x256C, 0x256C, 0x256C, 0x256C, 0x256C, 0x256C, 0x256C, 0x256C, 0x256C, 0x256C, 0x256C, 0x256C, 0x256C, 0x256C, 0x256C, 0x256C, 0x256C, 0xF79E, 0xF79E, 0xF79E, 0x256C, 0x256C,
        0x256C, 0x256C, 0x256C, 0x256C, 0x256C, 0x256C, 0x256C, 0x256C, 0x256C, 0x256C, 0x256C, 0x256C, 0x256C, 0x256C, 0x256C, 0x256C, 0x256C, 0x256C, 0x256C, 0x256C, 0x256C, 0x256C, 0x256C, 0x256C, 0x256C, 0x256C, 0x256C, 0xF79E, 0xF79E, 0xF79E, 0x256C, 0x256C,
        0xF79E, 0xF79E, 0xF79E, 0xF79E, 0xF79E, 0xF79E, 0xF79E, 0xF79E, 0xD165, 0xD165, 0xD165, 0xD165, 0xD165, 0xD165, 0xD165, 0xD165, 0xF79E, 0xF79E, 0xF79E, 0xF79E, 0xF79E, 0xF79E, 0xF79E, 0xF79E, 0xD165, 0xD165, 0xD165, 0xF79E, 0xF79E, 0xF79E, 0x256C, 0x256C,
        0xF79E, 0xF79E, 0xF79E, 0xF79E, 0xF79E, 0xF79E, 0xF79E, 0xF79E, 0xD165, 0xD165, 0xD165, 0xD165, 0xD165, 0xD165, 0xD165, 0xD165, 0xF79E, 0xF79E, 0xF79E, 0xF79E, 0xF79E, 0xF79E, 0xF79E, 0xF79E, 0xD165, 0xD165, 0xD165, 0xF79E, 0xF79E, 0xF79E, 0x256C, 0x256C,
        0xF79E, 0xF79E, 0xF79E, 0xF79E, 0xF79E, 0xF79E, 0xF79E, 0xF79E, 0xD165, 0xD165, 0xD165, 0xD165, 0xD165, 0xD165, 0xD165, 0xD165, 0xF79E, 0xF79E, 0xF79E, 0xF79E, 0xF79E, 0xF79E, 0xF79E, 0xF79E, 0xD165, 0xD165, 0xD165, 0xF79E, 0xF79E, 0xF79E, 0x256C, 0x256C,
        0xA659, 0xA659, 0xA659, 0xA659, 0xA659, 0xA659, 0xA659, 0xA659, 0xA659, 0xA659, 0xA659, 0xA659, 0xA659, 0xA659, 0xA659, 0xA659, 0xA659, 0xA659, 0xA659, 0xA659, 0xA659, 0xA659, 0xA659, 0xA659, 0xA659, 0xA659, 0xA659, 0xF79E, 0xF79E, 0xF79E, 0x256C, 0x256C,
        0xA659, 0xA659, 0xA659, 0xA659, 0xA659, 0xA659, 0xA659, 0xA659, 0xA659, 0xA659, 0xA659, 0xA659, 0xA659, 0xA659, 0xA659, 0xA659, 0xA659, 0xA659, 0xA659, 0xA659, 0xA659, 0xA659, 0xA659, 0xA659, 0xA659, 0xA659, 0xA659, 0xF79E, 0xF79E, 0xF79E, 0x256C, 0x256C,
        0xA659, 0xA659, 0xA659, 0xA659, 0xA659, 0xA659, 0xA659, 0xA659, 0xA659, 0xA659, 0xA659, 0xA659, 0xA659, 0xA659, 0xA659, 0xA659, 0xA659, 0xA659, 0xA659, 0xA659, 0xA659, 0xA659, 0xA659, 0xA659, 0xA659, 0xA659, 0xA659, 0xF79E, 0xF79E, 0xF79E, 0x256C, 0x256C,
        0xA659, 0xA659, 0xA659, 0xA659, 0xA659, 0xA659, 0xA659, 0xA659, 0xA659, 0xA659, 0xA659, 0xA659, 0xA659, 0xA659, 0xA659, 0xA659, 0xA659, 0xA659, 0xA659, 0xA659, 0xA659, 0xA659, 0xA659, 0xA659, 0xA659, 0xA659, 0xA659, 0xD165, 0xD165, 0xD165, 0x256C, 0x256C,
        0xA659, 0xA659, 0xA659, 0xA659, 0xA659, 0xA659, 0xA659, 0xA659, 0xA659, 0xA659, 0xA659, 0xA659, 0xA659, 0xA659, 0xA659, 0xA659, 0xA659, 0xA659, 0xA659, 0xA659, 0xA659, 0xA659, 0xA659, 0xA659, 0xA659, 0xA659, 0xA659, 0xD165, 0xD165, 0xD165, 0x256C, 0x256C,
        0xA659, 0xA659, 0xA659, 0xA659, 0xA659, 0xA659, 0xA659, 0xA659, 0xA659, 0xA659, 0xA659, 0xA659, 0xA659, 0xA659, 0xA659, 0xA659, 0xA659, 0xA659, 0xA659, 0xA659, 0xA659, 0xA659, 0xA659, 0xA659, 0xA659, 0xA659, 0xA659, 0xD165, 0xD165, 0xD165, 0x256C, 0x256C,
        0xA659, 0xA659, 0xA659, 0xA659, 0xA659, 0xA659, 0xA659, 0xA659, 0xA659, 0xA659, 0xA659, 0xA659, 0xA659, 0xA659, 0xA659, 0xA659, 0xA659, 0xA659, 0xA659, 0xA659, 0xA659, 0xA659, 0xA659, 0xA659, 0xA659, 0xA659, 0xA659, 0xD165, 0xD165, 0xD165, 0x256C, 0x256C,
        0xA659, 0xA659, 0xA659, 0xA659, 0xA659, 0xA659, 0xA659, 0xA659, 0xA659, 0xA659, 0xA659, 0xA659, 0xA659, 0xA659, 0xA659, 0xA659, 0xA659, 0xA659, 0xA659, 0xA659, 0xA659, 0xA659, 0xA659, 0xA659, 0xA659, 0xA659, 0xA659, 0xD165, 0xD165, 0xD165, 0x256C, 0x256C,
        0xA659, 0xA659, 0xA659, 0xA659, 0xA659, 0xA659, 0xA659, 0xA659, 0xA659, 0xA659, 0xA659, 0xA659, 0xA659, 0xA659, 0xA659, 0xA659, 0xA659, 0xA659, 0xA659, 0xA659, 0xA659, 0xA659, 0xA659, 0xA659, 0xA659, 0xA659, 0xA659, 0xD165, 0xD165, 0xD165, 0x256C, 0x256C,
        0xA659, 0xA659, 0xA659, 0xA659, 0xA659, 0xA659, 0xA659, 0xA659, 0xA659, 0xA659, 0xA659, 0xA659, 0xA659, 0xA659, 0xA659, 0xA659, 0xA659, 0xA659, 0xA659, 0xA659, 0xA659, 0xA659, 0xA659, 0xA659, 0xA659, 0xA659, 0xA659, 0xD165, 0xD165, 0xD165, 0x256C, 0x256C,
        0xA659, 0xA659, 0xA659, 0xA659, 0xA659, 0xA659, 0xA659, 0xA659, 0xA659, 0xA659, 0xA659, 0xA659, 0xA659, 0xA659, 0xA659, 0xA659, 0xA659, 0xA659, 0xA659, 0xA659, 0xA659, 0xA659, 0xA659, 0xA659, 0xA659, 0xA659, 0xA659, 0xD165, 0xD165, 0xD165, 0x256C, 0x256C,
        0xA659, 0xA659, 0xA659, 0xA659, 0xA659, 0xA659, 0xA659, 0xA659, 0xA659, 0xA659, 0xA659, 0xA659, 0xA659, 0xA659, 0xA659, 0xA659, 0xA659, 0xA659, 0xA659, 0xA659, 0xA659, 0xA659, 0xA659, 0xA659, 0xA659, 0xA659, 0xA659, 0xF79E, 0xF79E, 0xF79E, 0x256C, 0x256C,
        0xA659, 0xA659, 0xA659, 0xA659, 0xA659, 0xA659, 0xA659, 0xA659, 0xA659, 0xA659, 0xA659, 0xA659, 0xA659, 0xA659, 0xA659, 0xA659, 0xA659, 0xA659, 0xA659, 0xA659, 0xA659, 0xA659, 0xA659, 0xA659, 0xA659, 0xA659, 0xA659, 0xF79E, 0xF79E, 0xF79E, 0x256C, 0x256C,
        0xA659, 0xA659, 0xA659, 0xA659, 0xA659, 0xA659, 0xA659, 0xA659, 0xA659, 0xA659, 0xA659, 0xA659, 0xA659, 0xA659, 0xA659, 0xA659, 0xA659, 0xA659, 0xA659, 0xA659, 0xA659, 0xA659, 0xA659, 0xA659, 0xA659, 0xA659, 0xA659, 0xF79E, 0xF79E, 0xF79E, 0x256C, 0x256C,
        0xA659, 0xA659, 0xA659, 0xA659, 0xA659, 0xA659, 0xA659, 0xA659, 0xA659, 0xA659, 0xA659, 0xA659, 0xA659, 0xA659, 0xA659, 0xA659, 0xA659, 0xA659, 0xA659, 0xA659, 0xA659, 0xA659, 0xA659, 0xA659, 0xA659, 0xA659, 0xA659, 0xF79E, 0xF79E, 0xF79E, 0x256C, 0x256C,
        0xA659, 0xA659, 0xA659, 0xA659, 0xA659, 0xA659, 0xA659, 0xA659, 0xA659, 0xA659, 0xA659, 0xA659, 0xA659, 0xA659, 0xA659, 0xA659, 0xA659, 0xA659, 0xA659, 0xA659, 0xA659, 0xA659, 0xA659, 0xA659, 0xA659, 0xA659, 0xA659, 0xF79E, 0xF79E, 0xF79E, 0x256C, 0x256C,
        0xA659, 0xA659, 0xA659, 0xA659, 0xA659, 0xA659, 0xA659, 0xA659, 0xA659, 0xA659, 0xA659, 0xA659, 0xA659, 0xA659, 0xA659, 0xA659, 0xA659, 0xA659, 0xA659, 0xA659, 0xA659, 0xA659, 0xA659, 0xA659, 0xA659, 0xA659, 0xA659, 0xF79E, 0xF79E, 0xF79E, 0x256C, 0x256C,
        0xA659, 0xA659, 0xA659, 0xA659, 0xA659, 0xA659, 0xA659, 0xA659, 0xA659, 0xA659, 0xA659, 0xA659, 0xA659, 0xA659, 0xA659, 0xA659, 0xA659, 0xA659, 0xA659, 0xA659, 0xA659, 0xA659, 0xA659, 0xA659, 0xA659, 0xA659, 0xA659, 0xF79E, 0xF79E, 0xF79E, 0x256C, 0x256C,
        0xA659, 0xA659, 0xA659, 0xA659, 0xA659, 0xA659, 0xA659, 0xA659, 0xA659, 0xA659, 0xA659, 0xA659, 0xA659, 0xA659, 0xA659, 0xA659, 0xA659, 0xA659, 0xA659, 0xA659, 0xA659, 0xA659, 0xA659, 0xA659, 0xA659, 0xA659, 0xA659, 0xF79E, 0xF79E, 0xF79E, 0x256C, 0x256C,
        0xA659, 0xA659, 0xA659, 0xA659, 0xA659, 0xA659, 0xA659, 0xA659, 0xA659, 0xA659, 0xA659, 0xA659, 0xA659, 0xA659, 0xA659, 0xA659, 0xA659, 0xA659, 0xA659, 0xA659, 0xA659, 0xA659, 0xA659, 0xA659, 0xA659, 0xA659, 0xA659, 0xD165, 0xD165, 0xD165, 0x256C, 0x256C,
        0xA659, 0xA659, 0xA659, 0xA659, 0xA659, 0xA659, 0xA659, 0xA659, 0xA659, 0xA659, 0xA659, 0xA659, 0xA659, 0xA659, 0xA659, 0xA659, 0xA659, 0xA659, 0xA659, 0xA659, 0xA659, 0xA659, 0xA659, 0xA659, 0xA659, 0xA659, 0xA659, 0xD165, 0xD165, 0xD165, 0x256C, 0x256C,
        0xA659, 0xA659, 0xA659, 0xA659, 0xA659, 0xA659, 0xA659, 0xA659, 0xA659, 0xA659, 0xA659, 0xA659, 0xA659, 0xA659, 0xA659, 0xA659, 0xA659, 0xA659, 0xA659, 0xA659, 0xA659, 0xA659, 0xA659, 0xA659, 0xA659, 0xA659, 0xA659, 0xD165, 0xD165, 0xD165, 0x256C, 0x256C,
        0xF79E, 0xF79E, 0xF79E, 0xF79E, 0xF79E, 0xF79E, 0xF79E, 0xF79E, 0xD165, 0xD165, 0xD165, 0xD165, 0xD165, 0xD165, 0xD165, 0xD165, 0xF79E, 0xF79E, 0xF79E, 0xF79E, 0xF79E, 0xF79E, 0xF79E, 0xF79E, 0xD165, 0xD165, 0xD165, 0xD165, 0xD165, 0xD165, 0xD165, 0xD165,
        0xF79E, 0xF79E, 0xF79E, 0xF79E, 0xF79E, 0xF79E, 0xF79E, 0xF79E, 0xD165, 0xD165, 0xD165, 0xD165, 0xD165, 0xD165, 0xD165, 0xD165, 0xF79E, 0xF79E, 0xF79E, 0xF79E, 0xF79E, 0xF79E, 0xF79E, 0xF79E, 0xD165, 0xD165, 0xD165, 0xD165, 0xD165, 0xD165, 0xD165, 0xD165,
        0xF79E, 0xF79E, 0xF79E, 0xF79E, 0xF79E, 0xF79E, 0xF79E, 0xF79E, 0xD165, 0xD165, 0xD165, 0xD165, 0xD165, 0xD165, 0xD165, 0xD165, 0xF79E, 0xF79E, 0xF79E, 0xF79E, 0xF79E, 0xF79E, 0xF79E, 0xF79E, 0xD165, 0xD165, 0xD165, 0xD165, 0xD165, 0xD165, 0xD165, 0xD165,
        0x256C, 0x256C, 0x256C, 0x256C, 0x256C, 0x256C, 0x256C, 0x256C, 0x256C, 0x256C, 0x256C, 0x256C, 0x256C, 0x256C, 0x256C, 0x256C, 0x256C, 0x256C, 0x256C, 0x256C, 0x256C, 0x256C, 0x256C, 0x256C, 0x256C, 0x256C, 0x256C, 0x256C, 0x256C, 0x256C, 0x256C, 0x256C,
        0x256C, 0x256C, 0x256C, 0x256C, 0x256C, 0x256C, 0x256C, 0x256C, 0x256C, 0x256C, 0x256C, 0x256C, 0x256C, 0x256C, 0x256C, 0x256C, 0x256C, 0x256C, 0x256C, 0x256C, 0x256C, 0x256C, 0x256C, 0x256C, 0x256C, 0x256C, 0x256C, 0x256C, 0x256C, 0x256C, 0x256C, 0x256C
    },
    [TRACK_TILE_ROAD_09] = {
        0xA659, 0xA659, 0xA659, 0xA659, 0xA659, 0xA659, 0xA659, 0xA659, 0xA659, 0xA659, 0xA659, 0xA659, 0xA659, 0xA659, 0xA659, 0xA659, 0xA659, 0xA659, 0xA659, 0xA659, 0xA659, 0xA659, 0xA659, 0xA659, 0xA659, 0xA659, 0xA659, 0xF79E, 0xF79E, 0xF79E, 0x256C, 0x256C,
        0xA659, 0xA659, 0xA659, 0xA659, 0xA659, 0xA659, 0xA659, 0xA659, 0xA659, 0xA659, 0xA659, 0xA659, 0xA659, 0xA659, 0xA659, 0xA659, 0xA659, 0xA659, 0xA659, 0xA659, 0xA659, 0xA659, 0xA659, 0xA659, 0xA659, 0xA659, 0xA659, 0xF79E, 0xF79E, 0xF79E, 0x256C, 0x256C,
        0xA659, 0xA659, 0xA659, 0xA659, 0xA659, 0xA659, 0xA659, 0xA659, 0xA659, 0xA659, 0xA659, 0xA659, 0xA659, 0xA659, 0xA659, 0xA659, 0xA659, 0xA659, 0xA659, 0xA659, 0xA659, 0xA659, 0xA659, 0xA659, 0xA659, 0xA659, 0xA659, 0xF79E, 0xF79E, 0xF79E, 0x256C, 0x256C,
        0xA659, 0xA659, 0xA659, 0xA659, 0xA659, 0xA659, 0xA659, 0xA659, 0xA659, 0xA659, 0xA659, 0xA659, 0xA659, 0xA659, 0xA659, 0xA659, 0xA659, 0xA659, 0xA659, 0xA659, 0xA659, 0xA659, 0xA659, 0xA659, 0xA659, 0xA659, 0xA659, 0xF79E, 0xF79E, 0xF79E, 0x256C, 0x256C,
        0xA659, 0xA659, 0xA659, 0xA659, 0xA659, 0xA659, 0xA659, 0xA659, 0xA659, 0xA659, 0xA659, 0xA659, 0xA659, 0xA659, 0xA659, 0xA659, 0xA659, 0xA659, 0xA659, 0xA659, 0xA659, 0xA659, 0xA659, 0xA659, 0xA659, 0xA659, 0xA659, 0xF79E, 0xF79E, 0xF79E, 0x256C, 0x256C,
        0xA659, 0xA659, 0xA659, 0xA659, 0xA659, 0xA659, 0xA659, 0xA659, 0xA659, 0xA659, 0xA659, 0xA659, 0xA659, 0xA659, 0xA659, 0xA659, 0xA659, 0xA659, 0xA659, 0xA659, 0xA659, 0xA659, 0xA659, 0xA659, 0xA659, 0xA659, 0xA659, 0xF79E, 0xF79E, 0xF79E, 0x256C, 0x256C,
        0xA659, 0xA659, 0xA659, 0xA659, 0xA659, 0xA659, 0xA659, 0xA659, 0xA659, 0xA659, 0xA659, 0xA659, 0xA659, 0xA659, 0xA659, 0xA659, 0xA659, 0xA659, 0xA659, 0xA659, 0xA659, 0xA659, 0xA659, 0xA659, 0xA659, 0xA659, 0xA659, 0xF79E, 0xF79E, 0xF79E, 0x256C, 0x256C,
        0xA659, 0xA659, 0xA659, 0xA659, 0xA659, 0xA659, 0xA659, 0xA659, 0xA659, 0xA659, 0xA659, 0xA659, 0xA659, 0xA659, 0xA659, 0xA659, 0xA659, 0xA659, 0xA659, 0xA659, 0xA659, 0xA659, 0xA659, 0xA659, 0xA659, 0xA659, 0xA659, 0xF79E, 0xF79E, 0xF79E, 0x256C, 0x256C,
        0xA659, 0xA659, 0xA659, 0xA659, 0xA659, 0xA659, 0xA659, 0xA659, 0xA659, 0xA659, 0xA659, 0xA659, 0xA659, 0xA659, 0xA659, 0xA659, 0xA659, 0xA659, 0xA659, 0xA659, 0xA659, 0xA659, 0xA659, 0xA659, 0xA659, 0xA659, 0xA659, 0xD165, 0xD165, 0xD165, 0x256C, 0x256C,
        0xA659, 0xA659, 0xA659, 0xA659, 0xA659, 0xA659, 0xA659, 0xA659, 0xA659, 0xA659, 0xA659, 0xA659, 0xA659, 0xA659, 0xA659, 0xA659, 0xA659, 0xA659, 0xA659, 0xA659, 0xA659, 0xA659, 0xA659, 0xA659, 0xA659, 0xA659, 0xA659, 0xD165, 0xD165, 0xD165, 0x256C, 0x256C,
        0xA659, 0xA659, 0xA659, 0xA659, 0xA659, 0xA659, 0xA659, 0xA659, 0xA659, 0xA659, 0xA659, 0xA659, 0xA659, 0xA659, 0xA659, 0xA659, 0xA659, 0xA659, 0xA659, 0xA659, 0xA659, 0xA659, 0xA659, 0xA659, 0xA659, 0xA659, 0xA659, 0xD165, 0xD165, 0xD165, 0x256C, 0x256C,
        0xA659, 0xA659, 0xA659, 0xA659, 0xA659, 0xA659, 0xA659, 0xA659, 0xA659, 0xA659, 0xA659, 0xA659, 0xA659, 0xA659, 0xA659, 0xA659, 0xA659, 0xA659, 0xA659, 0xA659, 0xA659, 0xA659, 0xA659, 0xA659, 0xA659, 0xA659, 0xA659, 0xD165, 0xD165, 0xD165, 0x256C, 0x256C,
        0xA659, 0xA659, 0xA659, 0xA659, 0xA659, 0xA659, 0xA659, 0xA659, 0xA659, 0xA659, 0xA659, 0xA659, 0xA659, 0xA659, 0xA659, 0xA659, 0xA659, 0xA659, 0xA659, 0xA659, 0xA659, 0xA659, 0xA659, 0xA659, 0xA659, 0xA659, 0xA659, 0xD165, 0xD165, 0xD165, 0x256C, 0x256C,
        0xA659, 0xA659, 0xA659, 0xA659, 0xA659, 0xA659, 0xA659, 0xA659, 0xA659, 0xA659, 0xA659, 0xA659, 0xA659, 0xA659, 0xA659, 0xA659, 0xA659, 0xA659, 0xA659, 0xA659, 0xA659, 0xA659, 0xA659, 0xA659, 0xA659, 0xA659, 0xA659, 0xD165, 0xD165, 0xD165, 0x256C, 0x256C,
        0xA659, 0xA659, 0xA659, 0xA659, 0xA659, 0xA659, 0xA659, 0xA659, 0xA659, 0xA659, 0xA659, 0xA659, 0xA659, 0xA659, 0xA659, 0xA659, 0xA659, 0xA659, 0xA659, 0xA659, 0xA659, 0xA659, 0xA659, 0xA659, 0xA659, 0xA659, 0xA659, 0xD165, 0xD165, 0xD165, 0x256C, 0x256C,
        0xA659, 0xA659, 0xA659, 0xA659, 0xA659, 0xA659, 0xA659, 0xA659, 0xA659, 0xA659, 0xA659, 0xA659, 0xA659, 0xA659, 0xA659, 0xA659, 0xA659, 0xA659, 0xA659, 0xA659, 0xA659, 0xA659, 0xA659, 0xA659, 0xA659, 0xA659, 0xA659, 0xD165, 0xD165, 0xD165, 0x256C, 0x256C,
        0xA659, 0xA659, 0xA659, 0xA659, 0xA659, 0xA659, 0xA659, 0xA659, 0xA659, 0xA659, 0xA659, 0xA659, 0xA659, 0xA659, 0xA659, 0xA659, 0xA659, 0xA659, 0xA659, 0xA659, 0xA659, 0xA659, 0xA659, 0xA659, 0xA659, 0xA659, 0xA659, 0xF79E, 0xF79E, 0xF79E, 0x256C, 0x256C,
        0xA659, 0xA659, 0xA659, 0xA659, 0xA659, 0xA659, 0xA659, 0xA659, 0xA659, 0xA659, 0xA659, 0xA659, 0xA659, 0xA659, 0xA659, 0xA659, 0xA659, 0xA659, 0xA659, 0xA659, 0xA659, 0xA659, 0xA659, 0xA659, 0xA659, 0xA659, 0xA659, 0xF79E, 0xF79E, 0xF79E, 0x256C, 0x256C,
        0xA659, 0xA659, 0xA659, 0xA659, 0xA659, 0xA659, 0xA659, 0xA659, 0xA659, 0xA659, 0xA659, 0xA659, 0xA659, 0xA659, 0xA659, 0xA659, 0xA659, 0xA659, 0xA659, 0xA659, 0xA659, 0xA659, 0xA659, 0xA659, 0xA659, 0xA659, 0xA659, 0xF79E, 0xF79E, 0xF79E, 0x256C, 0x256C,
        0xA659, 0xA659, 0xA659, 0xA659, 0xA659, 0xA659, 0xA659, 0xA659, 0xA659, 0xA659, 0xA659, 0xA659, 0xA659, 0xA659, 0xA659, 0xA659, 0xA659, 0xA659, 0xA659, 0xA659, 0xA659, 0xA659, 0xA659, 0xA659, 0xA659, 0xA659, 0xA659, 0xF79E, 0xF79E, 0xF79E, 0x256C, 0x256C,
        0xA659, 0xA659, 0xA659, 0xA659, 0xA659, 0xA659, 0xA659, 0xA659, 0xA659, 0xA659, 0xA659, 0xA659, 0xA659, 0xA659, 0xA659, 0xA659, 0xA659, 0xA659, 0xA659, 0xA659, 0xA659, 0xA659, 0xA659, 0xA659, 0xA659, 0xA659, 0xA659, 0xF79E, 0xF79E, 0xF79E, 0x256C, 0x256C,
        0xA659, 0xA659, 0xA659, 0xA659, 0xA659, 0xA659, 0xA659, 0xA659, 0xA659, 0xA659, 0xA659, 0xA659, 0xA659, 0xA659, 0xA659, 0xA659, 0xA659, 0xA659, 0xA659, 0xA659, 0xA659, 0xA659, 0xA659, 0xA659, 0xA659, 0xA659, 0xA659, 0xF79E, 0xF79E, 0xF79E, 0x256C, 0x256C,
        0xA659, 0xA659, 0xA659, 0xA659, 0xA659, 0xA659, 0xA659, 0xA659, 0xA659, 0xA659, 0xA659, 0xA659, 0xA659, 0xA659, 0xA659, 0xA659, 0xA659, 0xA659, 0xA659, 0xA659, 0xA659, 0xA659, 0xA659, 0xA659, 0xA659, 0xA659, 0xA659, 0xF79E, 0xF79E, 0xF79E, 0x256C, 0x256C,
        0xA659, 0xA659, 0xA659, 0xA659, 0xA659, 0xA659, 0xA659, 0xA659, 0xA659, 0xA659, 0xA659, 0xA659, 0xA659, 0xA659, 0xA659, 0xA659, 0xA659, 0xA659, 0xA659, 0xA659, 0xA659, 0xA659, 0xA659, 0xA659, 0xA659, 0xA659, 0xA659, 0xF79E, 0xF79E, 0xF79E, 0x256C, 0x256C,
        0xA659, 0xA659, 0xA659, 0xA659, 0xA659, 0xA659, 0xA659, 0xA659, 0xA659, 0xA659, 0xA659, 0xA659, 0xA659, 0xA659, 0xA659, 0xA659, 0xA659, 0xA659, 0xA659, 0xA659, 0xA659, 0xA659, 0xA659, 0xA659, 0xA659, 0xA659, 0xA659, 0xD165, 0xD165, 0xD165, 0x256C, 0x256C,
        0xA659, 0xA659, 0xA659, 0xA659, 0xA659, 0xA659, 0xA659, 0xA659, 0xA659, 0xA659, 0xA659, 0xA659, 0xA659, 0xA659, 0xA659, 0xA659, 0xA659, 0xA659, 0xA659, 0xA659, 0xA659, 0xA659, 0xA659, 0xA659, 0xA659, 0xA659, 0xA659, 0xD165, 0xD165, 0xD165, 0x256C, 0x256C,
        0xA659, 0xA659, 0xA659, 0xA659, 0xA659, 0xA659, 0xA659, 0xA659, 0xA659, 0xA659, 0xA659, 0xA659, 0xA659, 0xA659, 0xA659, 0xA659, 0xA659, 0xA659, 0xA659, 0xA659, 0xA659, 0xA659, 0xA659, 0xA659, 0xA659, 0xA659, 0xA659, 0xD165, 0xD165, 0xD165, 0x256C, 0x256C,
        0xF79E, 0xF79E, 0xF79E, 0xF79E, 0xF79E, 0xF79E, 0xF79E, 0xF79E, 0xD165, 0xD165, 0xD165, 0xD165, 0xD165, 0xD165, 0xD165, 0xD165, 0xF79E, 0xF79E, 0xF79E, 0xF79E, 0xF79E, 0xF79E, 0xF79E, 0xF79E, 0xD165, 0xD165, 0xD165, 0xD165, 0xD165, 0xD165, 0xD165, 0xD165,
        0xF79E, 0xF79E, 0xF79E, 0xF79E, 0xF79E, 0xF79E, 0xF79E, 0xF79E, 0xD165, 0xD165, 0xD165, 0xD165, 0xD165, 0xD165, 0xD165, 0xD165, 0xF79E, 0xF79E, 0xF79E, 0xF79E, 0xF79E, 0xF79E, 0xF79E, 0xF79E, 0xD165, 0xD165, 0xD165, 0xD165, 0xD165, 0xD165, 0xD165, 0xD165,
        0xF79E, 0xF79E, 0xF79E, 0xF79E, 0xF79E, 0xF79E, 0xF79E, 0xF79E, 0xD165, 0xD165, 0xD165, 0xD165, 0xD165, 0xD165, 0xD165, 0xD165, 0xF79E, 0xF79E, 0xF79E, 0xF79E, 0xF79E, 0xF79E, 0xF79E, 0xF79E, 0xD165, 0xD165, 0xD165, 0xD165, 0xD165, 0xD165, 0xD165, 0xD165,
        0x256C, 0x256C, 0x256C, 0x256C, 0x256C, 0x256C, 0x256C, 0x256C, 0x256C, 0x256C, 0x256C, 0x256C, 0x256C, 0x256C, 0x256C, 0x256C, 0x256C, 0x256C, 0x256C, 0x256C, 0x256C, 0x256C, 0x256C, 0x256C, 0x256C, 0x256C, 0x256C, 0x256C, 0x256C, 0x256C, 0x256C, 0x256C,
        0x256C, 0x256C, 0x256C, 0x256C, 0x256C, 0x256C, 0x256C, 0x256C, 0x256C, 0x256C, 0x256C, 0x256C, 0x256C, 0x256C, 0x256C, 0x256C, 0x256C, 0x256C, 0x256C, 0x256C, 0x256C, 0x256C, 0x256C, 0x256C, 0x256C, 0x256C, 0x256C, 0x256C, 0x256C, 0x256C, 0x256C, 0x256C
    },
    [TRACK_TILE_ROAD_0A] = {
        0x256C, 0x256C, 0x256C, 0x256C, 0x256C, 0x256C, 0x256C, 0x256C, 0x256C, 0x256C, 0x256C, 0x256C, 0x256C, 0x256C, 0x256C, 0x256C, 0x256C, 0x256C, 0x256C, 0x256C, 0x256C, 0x256C, 0x256C, 0x256C, 0x256C, 0x256C, 0x256C, 0x256C, 0x256C, 0x256C, 0x256C, 0x256C,
        0x256C, 0x256C, 0x256C, 0x256C, 0x256C, 0x256C, 0x256C, 0x256C, 0x256C, 0x256C, 0x256C, 0x256C, 0x256C, 0x256C, 0x256C, 0x256C, 0x256C, 0x256C, 0x256C, 0x256C, 0x256C, 0x256C, 0x256C, 0x256C, 0x256C, 0x256C, 0x256C, 0x256C, 0x256C, 0x256C, 0x256C, 0x256C,
        0xF79E, 0xF79E, 0xF79E, 0xF79E, 0xF79E, 0xF79E, 0xF79E, 0xF79E, 0xD165, 0xD165, 0xD165, 0xD165, 0xD165, 0xD165, 0xD165, 0xD165, 0xF79E, 0xF79E, 0xF79E, 0xF79E, 0xF79E, 0xF79E, 0xF79E, 0xF79E, 0xD165, 0xD165, 0xD165, 0xD165, 0xD165, 0xD165, 0xD165, 0xD165,
        0xF79E, 0xF79E, 0xF79E, 0xF79E, 0xF79E, 0xF79E, 0xF79E, 0xF79E, 0xD165, 0xD165, 0xD165, 0xD165, 0xD165, 0xD165, 0xD165, 0xD165, 0xF79E, 0xF79E, 0xF79E, 0xF79E, 0xF79E, 0xF79E, 0xF79E, 0xF79E, 0xD165, 0xD165, 0xD165, 0xD165, 0xD165, 0xD165, 0xD165, 0xD165,
        0xF79E, 0xF79E, 0xF79E, 0xF79E, 0xF79E, 0xF79E, 0xF79E, 0xF79E, 0xD165, 0xD165, 0xD165, 0xD165, 0xD165, 0xD165, 0xD165, 0xD165, 0xF79E, 0xF79E, 0xF79E, 0xF79E, 0xF79E, 0xF79E, 0xF79E, 0xF79E, 0xD165, 0xD165, 0xD165, 0xD165, 0xD165, 0xD165, 0xD165, 0xD165,
        0xA659, 0xA659, 0xA659, 0xA659, 0xA659, 0xA659, 0xA659, 0xA659, 0xA659, 0xA659, 0xA659, 0xA659, 0xA659, 0xA659, 0xA659, 0xA659, 0xA659, 0xA659, 0xA659, 0xA659, 0xA659, 0xA659, 0xA659, 0xA659, 0xA659, 0xA659, 0xA659, 0xA659, 0xA659, 0xA659, 0xA659, 0xA659,
        0xA659, 0xA659, 0xA659, 0xA659, 0xA659, 0xA659, 0xA659, 0xA659, 0xA659, 0xA659, 0xA659, 0xA659, 0xA659, 0xA659, 0xA659, 0xA659, 0xA659, 0xA659, 0xA659, 0xA659, 0xA659, 0xA659, 0xA659, 0xA659, 0xA659, 0xA659, 0xA659, 0xA659, 0xA659, 0xA659, 0xA659, 0xA659,
        0xA659, 0xA659, 0xA659, 0xA659, 0xA659, 0xA659, 0xA659, 0xA659, 0xA659, 0xA659, 0xA659, 0xA659, 0xA659, 0xA659, 0xA659, 0xA659, 0xA659, 0xA659, 0xA659, 0xA659, 0xA659, 0xA659, 0xA659, 0xA659, 0xA659, 0xA659, 0xA659, 0xA659, 0xA659, 0xA659, 0xA659, 0xA659,
        0xA659, 0xA659, 0xA659, 0xA659, 0xA659, 0xA659, 0xA659, 0xA659, 0xA659, 0xA659, 0xA659, 0xA659, 0xA659, 0xA659, 0xA659, 0xA659, 0xA659, 0xA659, 0xA659, 0xA659, 0xA659, 0xA659, 0xA659, 0xA659, 0xA659, 0xA659, 0xA659, 0xA659, 0xA659, 0xA659, 0xA659, 0xA659,
        0xA659, 0xA659, 0xA659, 0xA659, 0xA659, 0xA659, 0xA659, 0xA659, 0xA659, 0xA659, 0xA659, 0xA659, 0xA659, 0xA659, 0xA659, 0xA659, 0xA659, 0xA659, 0xA659, 0xA659, 0xA659, 0xA659, 0xA659, 0xA659, 0xA659, 0xA659, 0xA659, 0xA659, 0xA659, 0xA659, 0xA659, 0xA659,
        0xA659, 0xA659, 0xA659, 0xA659, 0xA659, 0xA659, 0xA659, 0xA659, 0xA659, 0xA659, 0xA659, 0xA659, 0xA659, 0xA659, 0xA659, 0xA659, 0xA659, 0xA659, 0xA659, 0xA659, 0xA659, 0xA659, 0xA659, 0xA659, 0xA659, 0xA659, 0xA659, 0xA659, 0xA659, 0xA659, 0xA659, 0xA659,
        0xA659, 0xA659, 0xA659, 0xA659, 0xA659, 0xA659, 0xA659, 0xA659, 0xA659, 0xA659, 0xA659, 0xA659, 0xA659, 0xA659, 0xA659, 0xA659, 0xA659, 0xA659, 0xA659, 0xA659, 0xA659, 0xA659, 0xA659, 0xA659, 0xA659, 0xA659, 0xA659, 0xA659, 0xA659, 0xA659, 0xA659, 0xA659,
        0xA659, 0xA659, 0xA659, 0xA659, 0xA659, 0xA659, 0xA659, 0xA659, 0xA659, 0xA659, 0xA659, 0xA659, 0xA659, 0xA659, 0xA659, 0xA659, 0xA659, 0xA659, 0xA659, 0xA659, 0xA659, 0xA659, 0xA659, 0xA659, 0xA659, 0xA659, 0xA659, 0xA659, 0xA659, 0xA659, 0xA659, 0xA659,
        0xA659, 0xA659, 0xA659, 0xA659, 0xA659, 0xA659, 0xA659, 0xA659, 0xA659, 0xA659, 0xA659, 0xA659, 0xA659, 0xA659, 0xA659, 0xA659, 0xA659, 0xA659, 0xA659, 0xA659, 0xA659, 0xA659, 0xA659, 0xA659, 0xA659, 0xA659, 0xA659, 0xA659, 0xA659, 0xA659, 0xA659, 0xA659,
        0xA659, 0xA659, 0xA659, 0xA659, 0xA659, 0xA659, 0xA659, 0xA659, 0xA659, 0xA659, 0xA659, 0xA659, 0xA659, 0xA659, 0xA659, 0xA659, 0xA659, 0xA659, 0xA659, 0xA659, 0xA659, 0xA659, 0xA659, 0xA659, 0xA659, 0xA659, 0xA659, 0xA659, 0xA659, 0xA659, 0xA659, 0xA659,
        0xA659, 0xA659, 0xA659, 0xA659, 0xA659, 0xA659, 0xA659, 0xA659, 0xA659, 0xA659, 0xA659, 0xA659, 0xA659, 0xA659, 0xA659, 0xA659, 0xA659, 0xA659, 0xA659, 0xA659, 0xA659, 0xA659, 0xA659, 0xA659, 0xA659, 0xA659, 0xA659, 0xA659, 0xA659, 0xA659, 0xA659, 0xA659,
        0xA659, 0xA659, 0xA659, 0xA659, 0xA659, 0xA659, 0xA659, 0xA659, 0xA659, 0xA659, 0xA659, 0xA659, 0xA659, 0xA659, 0xA659, 0xA659, 0xA659, 0xA659, 0xA659, 0xA659, 0xA659, 0xA659, 0xA659, 0xA659, 0xA659, 0xA659, 0xA659, 0xA659, 0xA659, 0xA659, 0xA659, 0xA659,
        0xA659, 0xA659, 0xA659, 0xA659, 0xA659, 0xA659, 0xA659, 0xA659, 0xA659, 0xA659, 0xA659, 0xA659, 0xA659, 0xA659, 0xA659, 0xA659, 0xA659, 0xA659, 0xA659, 0xA659, 0xA659, 0xA659, 0xA659, 0xA659, 0xA659, 0xA659, 0xA659, 0xA659, 0xA659, 0xA659, 0xA659, 0xA659,
        0xA659, 0xA659, 0xA659, 0xA659, 0xA659, 0xA659, 0xA659, 0xA659, 0xA659, 0xA659, 0xA659, 0xA659, 0xA659, 0xA659, 0xA659, 0xA659, 0xA659, 0xA659, 0xA659, 0xA659, 0xA659, 0xA659, 0xA659, 0xA659, 0xA659, 0xA659, 0xA659, 0xA659, 0xA659, 0xA659, 0xA659, 0xA659,
        0xA659, 0xA659, 0xA659, 0xA659, 0xA659, 0xA659, 0xA659, 0xA659, 0xA659, 0xA659, 0xA659, 0xA659, 0xA659, 0xA659, 0xA659, 0xA659, 0xA659, 0xA659, 0xA659, 0xA659, 0xA659, 0xA659, 0xA659, 0xA659, 0xA659, 0xA659, 0xA659, 0xA659, 0xA659, 0xA659, 0xA659, 0xA659,
        0xA659, 0xA659, 0xA659, 0xA659, 0xA659, 0xA659, 0xA659, 0xA659, 0xA659, 0xA659, 0xA659, 0xA659, 0xA659, 0xA659, 0xA659, 0xA659, 0xA659, 0xA659, 0xA659, 0xA659, 0xA659, 0xA659, 0xA659, 0xA659, 0xA659, 0xA659, 0xA659, 0xA659, 0xA659, 0xA659, 0xA659, 0xA659,
        0xA659, 0xA659, 0xA659, 0xA659, 0xA659, 0xA659, 0xA659, 0xA659, 0xA659, 0xA659, 0xA659, 0xA659, 0xA659, 0xA659, 0xA659, 0xA659, 0xA659, 0xA659, 0xA659, 0xA659, 0xA659, 0xA659, 0xA659, 0xA659, 0xA659, 0xA659, 0xA659, 0xA659, 0xA659, 0xA659, 0xA659, 0xA659,
        0xA659, 0xA659, 0xA659, 0xA659, 0xA659, 0xA659, 0xA659, 0xA659, 0xA659, 0xA659, 0xA659, 0xA659, 0xA659, 0xA659, 0xA659, 0xA659, 0xA659, 0xA659, 0xA659, 0xA659, 0xA659, 0xA659, 0xA659, 0xA659, 0xA659, 0xA659, 0xA659, 0xA659, 0xA659, 0xA659, 0xA659, 0xA659,
        0xA659, 0xA659, 0xA659, 0xA659, 0xA659, 0xA659, 0xA659, 0xA659, 0xA659, 0xA659, 0xA659, 0xA659, 0xA659, 0xA659, 0xA659, 0xA659, 0xA659, 0xA659, 0xA659, 0xA659, 0xA659, 0xA659, 0xA659, 0xA659, 0xA659, 0xA659, 0xA659, 0xA659, 0xA659, 0xA659, 0xA659, 0xA659,
        0xA659, 0xA659, 0xA659, 0xA659, 0xA659, 0xA659, 0xA659, 0xA659, 0xA659, 0xA659, 0xA659, 0xA659, 0xA659, 0xA659, 0xA659, 0xA659, 0xA659, 0xA659, 0xA659, 0xA659, 0xA659, 0xA659, 0xA659, 0xA659, 0xA659, 0xA659, 0xA659, 0xA659, 0xA659, 0xA659, 0xA659, 0xA659,
        0xA659, 0xA659, 0xA659, 0xA659, 0xA659, 0xA659, 0xA659, 0xA659, 0xA659, 0xA659, 0xA659, 0xA659, 0xA659, 0xA659, 0xA659, 0xA659, 0xA659, 0xA659, 0xA659, 0xA659, 0xA659, 0xA659, 0xA659, 0xA659, 0xA659, 0xA659, 0xA659, 0xA659, 0xA659, 0xA659, 0xA659, 0xA659,
        0xA659, 0xA659, 0xA659, 0xA659, 0xA659, 0xA659, 0xA659, 0xA659, 0xA659, 0xA659, 0xA659, 0xA659, 0xA659, 0xA659, 0xA659, 0xA659, 0xA659, 0xA659, 0xA659, 0xA659, 0xA659, 0xA659, 0xA659, 0xA659, 0xA659, 0xA659, 0xA659, 0xA659, 0xA659, 0xA659, 0xA659, 0xA659,
        0xF79E, 0xF79E, 0xF79E, 0xF79E, 0xF79E, 0xF79E, 0xF79E, 0xF79E, 0xD165, 0xD165, 0xD165, 0xD165, 0xD165, 0xD165, 0xD165, 0xD165, 0xF79E, 0xF79E, 0xF79E, 0xF79E, 0xF79E, 0xF79E, 0xF79E, 0xF79E, 0xD165, 0xD165, 0xD165, 0xD165, 0xD165, 0xD165, 0xD165, 0xD165,
        0xF79E, 0xF79E, 0xF79E, 0xF79E, 0xF79E, 0xF79E, 0xF79E, 0xF79E, 0xD165, 0xD165, 0xD165, 0xD165, 0xD165, 0xD165, 0xD165, 0xD165, 0xF79E, 0xF79E, 0xF79E, 0xF79E, 0xF79E, 0xF79E, 0xF79E, 0xF79E, 0xD165, 0xD165, 0xD165, 0xD165, 0xD165, 0xD165, 0xD165, 0xD165,
        0xF79E, 0xF79E, 0xF79E, 0xF79E, 0xF79E, 0xF79E, 0xF79E, 0xF79E, 0xD165, 0xD165, 0xD165, 0xD165, 0xD165, 0xD165, 0xD165, 0xD165, 0xF79E, 0xF79E, 0xF79E, 0xF79E, 0xF79E, 0xF79E, 0xF79E, 0xF79E, 0xD165, 0xD165, 0xD165, 0xD165, 0xD165, 0xD165, 0xD165, 0xD165,
        0x256C, 0x256C, 0x256C, 0x256C, 0x256C, 0x256C, 0x256C, 0x256C, 0x256C, 0x256C, 0x256C, 0x256C, 0x256C, 0x256C, 0x256C, 0x256C, 0x256C, 0x256C, 0x256C, 0x256C, 0x256C, 0x256C, 0x256C, 0x256C, 0x256C, 0x256C, 0x256C, 0x256C, 0x256C, 0x256C, 0x256C, 0x256C,
        0x256C, 0x256C, 0x256C, 0x256C, 0x256C, 0x256C, 0x256C, 0x256C, 0x256C, 0x256C, 0x256C, 0x256C, 0x256C, 0x256C, 0x256C, 0x256C, 0x256C, 0x256C, 0x256C, 0x256C, 0x256C, 0x256C, 0x256C, 0x256C, 0x256C, 0x256C, 0x256C, 0x256C, 0x256C, 0x256C, 0x256C, 0x256C
    },
    [TRACK_TILE_ROAD_0B] = {
        0xA659, 0xA659, 0xA659, 0xA659, 0xA659, 0xA659, 0xA659, 0xA659, 0xA659, 0xA659, 0xA659, 0xA659, 0xA659, 0xA659, 0xA659, 0xA659, 0xA659, 0xA659, 0xA659, 0xA659, 0xA659, 0xA659, 0xA659, 0xA659, 0xA659, 0xA659, 0xA659, 0xA659, 0xA659, 0xA659, 0xA659, 0xA659,
        0xA659, 0xA659, 0xA659, 0xA659, 0xA659, 0xA659, 0xA659, 0xA659, 0xA659, 0xA659, 0xA659, 0xA659, 0xA659, 0xA659, 0xA659, 0xA659, 0xA659, 0xA659, 0xA659, 0xA659, 0xA659, 0xA659, 0xA659, 0xA659, 0xA659, 0xA659, 0xA659, 0xA659, 0xA659, 0xA659, 0xA659, 0xA659,
        0xA659, 0xA659, 0xA659, 0xA659, 0xA659, 0xA659, 0xA659, 0xA659, 0xA659, 0xA659, 0xA659, 0xA659, 0xA659, 0xA659, 0xA659, 0xA659, 0xA659, 0xA659, 0xA659, 0xA659, 0xA659, 0xA659, 0xA659, 0xA659, 0xA659, 0xA659, 0xA659, 0xA659, 0xA659, 0xA659, 0xA659, 0xA659,
        0xA659, 0xA659, 0xA659, 0xA659, 0xA659, 0xA659, 0xA659, 0xA659, 0xA659, 0xA659, 0xA659, 0xA659, 0xA659, 0xA659, 0xA659, 0xA659, 0xA659, 0xA659, 0xA659, 0xA659, 0xA659, 0xA659, 0xA659, 0xA659, 0xA659, 0xA659, 0xA659, 0xA659, 0xA659, 0xA659, 0xA659, 0xA659,
        0xA659, 0xA659, 0xA659, 0xA659, 0xA659, 0xA659, 0xA659, 0xA659, 0xA659, 0xA659, 0xA659, 0xA659, 0xA659, 0xA659, 0xA659, 0xA659, 0xA659, 0xA659, 0xA659, 0xA659, 0xA659, 0xA659, 0xA659, 0xA659, 0xA659, 0xA659, 0xA659, 0xA659, 0xA659, 0xA659, 0xA659, 0xA659,
        0xA659, 0xA659, 0xA659, 0xA659, 0xA659, 0xA659, 0xA659, 0xA659, 0xA659, 0xA659, 0xA659, 0xA659, 0xA659, 0xA659, 0xA659, 0xA659, 0xA659, 0xA659, 0xA659, 0xA659, 0xA659, 0xA659, 0xA659, 0xA659, 0xA659, 0xA659, 0xA659, 0xA659, 0xA659, 0xA659, 0xA659, 0xA659,
        0xA659, 0xA659, 0xA659, 0xA659, 0xA659, 0xA659, 0xA659, 0xA659, 0xA659, 0xA659, 0xA659, 0xA659, 0xA659, 0xA659, 0xA659, 0xA659, 0xA659, 0xA659, 0xA659, 0xA659, 0xA659, 0xA659, 0xA659, 0xA659, 0xA659, 0xA659, 0xA659, 0xA659, 0xA659, 0xA659, 0xA659, 0xA659,
        0xA659, 0xA659, 0xA659, 0xA659, 0xA659, 0xA659, 0xA659, 0xA659, 0xA659, 0xA659, 0xA659, 0xA659, 0xA659, 0xA659, 0xA659, 0xA659, 0xA659, 0xA659, 0xA659, 0xA659, 0xA659, 0xA659, 0xA659, 0xA659, 0xA659, 0xA659, 0xA659, 0xA659, 0xA659, 0xA659, 0xA659, 0xA659,
        0xA659, 0xA659, 0xA659, 0xA659, 0xA659, 0xA659, 0xA659, 0xA659, 0xA659, 0xA659, 0xA659, 0xA659, 0xA659, 0xA659, 0xA659, 0xA659, 0xA659, 0xA659, 0xA659, 0xA659, 0xA659, 0xA659, 0xA659, 0xA659, 0xA659, 0xA659, 0xA659, 0xA659, 0xA659, 0xA659, 0xA659, 0xA659,
        0xA659, 0xA659, 0xA659, 0xA659, 0xA659, 0xA659, 0xA659, 0xA659, 0xA659, 0xA659, 0xA659, 0xA659, 0xA659, 0xA659, 0xA659, 0xA659, 0xA659, 0xA659, 0xA659, 0xA659, 0xA659, 0xA659, 0xA659, 0xA659, 0xA659, 0xA659, 0xA659, 0xA659, 0xA659, 0xA659, 0xA659, 0xA659,
        0xA659, 0xA659, 0xA659, 0xA659, 0xA659, 0xA659, 0xA659, 0xA659, 0xA659, 0xA659, 0xA659, 0xA659, 0xA659, 0xA659, 0xA659, 0xA659, 0xA659, 0xA659, 0xA659, 0xA659, 0xA659, 0xA659, 0xA659, 0xA659, 0xA659, 0xA659, 0xA659, 0xA659, 0xA659, 0xA659, 0xA659, 0xA659,
        0xA659, 0xA659, 0xA659, 0xA659, 0xA659, 0xA659, 0xA659, 0xA659, 0xA659, 0xA659, 0xA659, 0xA659, 0xA659, 0xA659, 0xA659, 0xA659, 0xA659, 0xA659, 0xA659, 0xA659, 0xA659, 0xA659, 0xA659, 0xA659, 0xA659, 0xA659, 0xA659, 0xA659, 0xA659, 0xA659, 0xA659, 0xA659,
        0xA659, 0xA659, 0xA659, 0xA659, 0xA659, 0xA659, 0xA659, 0xA659, 0xA659, 0xA659, 0xA659, 0xA659, 0xA659, 0xA659, 0xA659, 0xA659, 0xA659, 0xA659, 0xA659, 0xA659, 0xA659, 0xA659, 0xA659, 0xA659, 0xA659, 0xA659, 0xA659, 0xA659, 0xA659, 0xA659, 0xA659, 0xA659,
        0xA659, 0xA659, 0xA659, 0xA659, 0xA659, 0xA659, 0xA659, 0xA659, 0xA659, 0xA659, 0xA659, 0xA659, 0xA659, 0xA659, 0xA659, 0xA659, 0xA659, 0xA659, 0xA659, 0xA659, 0xA659, 0xA659, 0xA659, 0xA659, 0xA659, 0xA659, 0xA659, 0xA659, 0xA659, 0xA659, 0xA659, 0xA659,
        0xA659, 0xA659, 0xA659, 0xA659, 0xA659, 0xA659, 0xA659, 0xA659, 0xA659, 0xA659, 0xA659, 0xA659, 0xA659, 0xA659, 0xA659, 0xA659, 0xA659, 0xA659, 0xA659, 0xA659, 0xA659, 0xA659, 0xA659, 0xA659, 0xA659, 0xA659, 0xA659, 0xA659, 0xA659, 0xA659, 0xA659, 0xA659,
        0xA659, 0xA659, 0xA659, 0xA659, 0xA659, 0xA659, 0xA659, 0xA659, 0xA659, 0xA659, 0xA659, 0xA659, 0xA659, 0xA659, 0xA659, 0xA659, 0xA659, 0xA659, 0xA659, 0xA659, 0xA659, 0xA659, 0xA659, 0xA659, 0xA659, 0xA659, 0xA659, 0xA659, 0xA659, 0xA659, 0xA659, 0xA659,
        0xA659, 0xA659, 0xA659, 0xA659, 0xA659, 0xA659, 0xA659, 0xA659, 0xA659, 0xA659, 0xA659, 0xA659, 0xA659, 0xA659, 0xA659, 0xA659, 0xA659, 0xA659, 0xA659, 0xA659, 0xA659, 0xA659, 0xA659, 0xA659, 0xA659, 0xA659, 0xA659, 0xA659, 0xA659, 0xA659, 0xA659, 0xA659,
        0xA659, 0xA659, 0xA659, 0xA659, 0xA659, 0xA659, 0xA659, 0xA659, 0xA659, 0xA659, 0xA659, 0xA659, 0xA659, 0xA659, 0xA659, 0xA659, 0xA659, 0xA659, 0xA659, 0xA659, 0xA659, 0xA659, 0xA659, 0xA659, 0xA659, 0xA659, 0xA659, 0xA659, 0xA659, 0xA659, 0xA659, 0xA659,
        0xA659, 0xA659, 0xA659, 0xA659, 0xA659, 0xA659, 0xA659, 0xA659, 0xA659, 0xA659, 0xA659, 0xA659, 0xA659, 0xA659, 0xA659, 0xA659, 0xA659, 0xA659, 0xA659, 0xA659, 0xA659, 0xA659, 0xA659, 0xA659, 0xA659, 0xA659, 0xA659, 0xA659, 0xA659, 0xA659, 0xA659, 0xA659,
        0xA659, 0xA659, 0xA659, 0xA659, 0xA659, 0xA659, 0xA659, 0xA659, 0xA659, 0xA659, 0xA659, 0xA659, 0xA659, 0xA659, 0xA659, 0xA659, 0xA659, 0xA659, 0xA659, 0xA659, 0xA659, 0xA659, 0xA659, 0xA659, 0xA659, 0xA659, 0xA659, 0xA659, 0xA659, 0xA659, 0xA659, 0xA659,
        0xA659, 0xA659, 0xA659, 0xA659, 0xA659, 0xA659, 0xA659, 0xA659, 0xA659, 0xA659, 0xA659, 0xA659, 0xA659, 0xA659, 0xA659, 0xA659, 0xA659, 0xA659, 0xA659, 0xA659, 0xA659, 0xA659, 0xA659, 0xA659, 0xA659, 0xA659, 0xA659, 0xA659, 0xA659, 0xA659, 0xA659, 0xA659,
        0xA659, 0xA659, 0xA659, 0xA659, 0xA659, 0xA659, 0xA659, 0xA659, 0xA659, 0xA659, 0xA659, 0xA659, 0xA659, 0xA659, 0xA659, 0xA659, 0xA659, 0xA659, 0xA659, 0xA659, 0xA659, 0xA659, 0xA659, 0xA659, 0xA659, 0xA659, 0xA659, 0xA659, 0xA659, 0xA659, 0xA659, 0xA659,
        0xA659, 0xA659, 0xA659, 0xA659, 0xA659, 0xA659, 0xA659, 0xA659, 0xA659, 0xA659, 0xA659, 0xA659, 0xA659, 0xA659, 0xA659, 0xA659, 0xA659, 0xA659, 0xA659, 0xA659, 0xA659, 0xA659, 0xA659, 0xA659, 0xA659, 0xA659, 0xA659, 0xA659, 0xA659, 0xA659, 0xA659, 0xA659,
        0xA659, 0xA659, 0xA659, 0xA659, 0xA659, 0xA659, 0xA659, 0xA659, 0xA659, 0xA659, 0xA659, 0xA659, 0xA659, 0xA659, 0xA659, 0xA659, 0xA659, 0xA659, 0xA659, 0xA659, 0xA659, 0xA659, 0xA659, 0xA659, 0xA659, 0xA659, 0xA659, 0xA659, 0xA659, 0xA659, 0xA659, 0xA659,
        0xA659, 0xA659, 0xA659, 0xA659, 0xA659, 0xA659, 0xA659, 0xA659, 0xA659, 0xA659, 0xA659, 0xA659, 0xA659, 0xA659, 0xA659, 0xA659, 0xA659, 0xA659, 0xA659, 0xA659, 0xA659, 0xA659, 0xA659, 0xA659, 0xA659, 0xA659, 0xA659, 0xA659, 0xA659, 0xA659, 0xA659, 0xA659,
        0xA659, 0xA659, 0xA659, 0xA659, 0xA659, 0xA659, 0xA659, 0xA659, 0xA659, 0xA659, 0xA659, 0xA659, 0xA659, 0xA659, 0xA659, 0xA659, 0xA659, 0xA659, 0xA659, 0xA659, 0xA659, 0xA659, 0xA659, 0xA659, 0xA659, 0xA659, 0xA659, 0xA659, 0xA659, 0xA659, 0xA659, 0xA659,
        0xA659, 0xA659, 0xA659, 0xA659, 0xA659, 0xA659, 0xA659, 0xA659, 0xA659, 0xA659, 0xA659, 0xA659, 0xA659, 0xA659, 0xA659, 0xA659, 0xA659, 0xA659, 0xA659, 0xA659, 0xA659, 0xA659, 0xA659, 0xA659, 0xA659, 0xA659, 0xA659, 0xA659, 0xA659, 0xA659, 0xA659, 0xA659,
        0xF79E, 0xF79E, 0xF79E, 0xF79E, 0xF79E, 0xF79E, 0xF79E, 0xF79E, 0xD165, 0xD165, 0xD165, 0xD165, 0xD165, 0xD165, 0xD165, 0xD165, 0xF79E, 0xF79E, 0xF79E, 0xF79E, 0xF79E, 0xF79E, 0xF79E, 0xF79E, 0xD165, 0xD165, 0xD165, 0xD165, 0xD165, 0xD165, 0xD165, 0xD165,
        0xF79E, 0xF79E, 0xF79E, 0xF79E, 0xF79E, 0xF79E, 0xF79E, 0xF79E, 0xD165, 0xD165, 0xD165, 0xD165, 0xD165, 0xD165, 0xD165, 0xD165, 0xF79E, 0xF79E, 0xF79E, 0xF79E, 0xF79E, 0xF79E, 0xF79E, 0xF79E, 0xD165, 0xD165, 0xD165, 0xD165, 0xD165, 0xD165, 0xD165, 0xD165,
        0xF79E, 0xF79E, 0xF79E, 0xF79E, 0xF79E, 0xF79E, 0xF79E, 0xF79E, 0xD165, 0xD165, 0xD165, 0xD165, 0xD165, 0xD165, 0xD165, 0xD165, 0xF79E, 0xF79E, 0xF79E, 0xF79E, 0xF79E, 0xF79E, 0xF79E, 0xF79E, 0xD165, 0xD165, 0xD165, 0xD165, 0xD165, 0xD165, 0xD165, 0xD165,
        0x256C, 0x256C, 0x256C, 0x256C, 0x256C, 0x256C, 0x256C, 0x256C, 0x256C, 0x256C, 0x256C, 0x256C, 0x256C, 0x256C, 0x256C, 0x256C, 0x256C, 0x256C, 0x256C, 0x256C, 0x256C, 0x256C, 0x256C, 0x256C, 0x256C, 0x256C, 0x256C, 0x256C, 0x256C, 0x256C, 0x256C, 0x256C,
        0x256C, 0x256C, 0x256C, 0x256C, 0x256C, 0x256C, 0x256C, 0x256C, 0x256C, 0x256C, 0x256C, 0x256C, 0x256C, 0x256C, 0x256C, 0x256C, 0x256C, 0x256C, 0x256C, 0x256C, 0x256C, 0x256C, 0x256C, 0x256C, 0x256C, 0x256C, 0x256C, 0x256C, 0x256C, 0x256C, 0x256C, 0x256C
    },
    [TRACK_TILE_ROAD_0C] = {
        0x256C, 0x256C, 0x256C, 0x256C, 0x256C, 0x256C, 0x256C, 0x256C, 0x256C, 0x256C, 0x256C, 0x256C, 0x256C, 0x256C, 0x256C, 0x256C, 0x256C, 0x256C, 0x256C, 0x256C, 0x256C, 0x256C, 0x256C, 0x256C, 0x256C, 0x256C, 0x256C, 0xF79E, 0xF79E, 0xF79E, 0x256C, 0x256C,
        0x256C, 0x256C, 0x256C, 0x256C, 0x256C, 0x256C, 0x256C, 0x256C, 0x256C, 0x256C, 0x256C, 0x256C, 0x256C, 0x256C, 0x256C, 0x256C, 0x256C, 0x256C, 0x256C, 0x256C, 0x256C, 0x256C, 0x256C, 0x256C, 0x256C, 0x256C, 0x256C, 0xF79E, 0xF79E, 0xF79E, 0x256C, 0x256C,
        0xF79E, 0xF79E, 0xF79E, 0xF79E, 0xF79E, 0xF79E, 0xF79E, 0xF79E, 0xD165, 0xD165, 0xD165, 0xD165, 0xD165, 0xD165, 0xD165, 0xD165, 0xF79E, 0xF79E, 0xF79E, 0xF79E, 0xF79E, 0xF79E, 0xF79E, 0xF79E, 0xD165, 0xD165, 0xD165, 0xF79E, 0xF79E, 0xF79E, 0x256C, 0x256C,
        0xF79E, 0xF79E, 0xF79E, 0xF79E, 0xF79E, 0xF79E, 0xF79E, 0xF79E, 0xD165, 0xD165, 0xD165, 0xD165, 0xD165, 0xD165, 0xD165, 0xD165, 0xF79E, 0xF79E, 0xF79E, 0xF79E, 0xF79E, 0xF79E, 0xF79E, 0xF79E, 0xD165, 0xD165, 0xD165, 0xF79E, 0xF79E, 0xF79E, 0x256C, 0x256C,
        0xF79E, 0xF79E, 0xF79E, 0xF79E, 0xF79E, 0xF79E, 0xF79E, 0xF79E, 0xD165, 0xD165, 0xD165, 0xD165, 0xD165, 0xD165, 0xD165, 0xD165, 0xF79E, 0xF79E, 0xF79E, 0xF79E, 0xF79E, 0xF79E, 0xF79E, 0xF79E, 0xD165, 0xD165, 0xD165, 0xF79E, 0xF79E, 0xF79E, 0x256C, 0x256C,
        0xA659, 0xA659, 0xA659, 0xA659, 0xA659, 0xA659, 0xA659, 0xA659, 0xA659, 0xA659, 0xA659, 0xA659, 0xA659, 0xA659, 0xA659, 0xA659, 0xA659, 0xA659, 0xA659, 0xA659, 0xA659, 0xA659, 0xA659, 0xA659, 0xA659, 0xA659, 0xA659, 0xF79E, 0xF79E, 0xF79E, 0x256C, 0x256C,
        0xA659, 0xA659, 0xA659, 0xA659, 0xA659, 0xA659, 0xA659, 0xA659, 0xA659, 0xA659, 0xA659, 0xA659, 0xA659, 0xA659, 0xA659, 0xA659, 0xA659, 0xA659, 0xA659, 0xA659, 0xA659, 0xA659, 0xA659, 0xA659, 0xA659, 0xA659, 0xA659, 0xF79E, 0xF79E, 0xF79E, 0x256C, 0x256C,
        0xA659, 0xA659, 0xA659, 0xA659, 0xA659, 0xA659, 0xA659, 0xA659, 0xA659, 0xA659, 0xA659, 0xA659, 0xA659, 0xA659, 0xA659, 0xA659, 0xA659, 0xA659, 0xA659, 0xA659, 0xA659, 0xA659, 0xA659, 0xA659, 0xA659, 0xA659, 0xA659, 0xF79E, 0xF79E, 0xF79E, 0x256C, 0x256C,
        0xA659, 0xA659, 0xA659, 0xA659, 0xA659, 0xA659, 0xA659, 0xA659, 0xA659, 0xA659, 0xA659, 0xA659, 0xA659, 0xA659, 0xA659, 0xA659, 0xA659, 0xA659, 0xA659, 0xA659, 0xA659, 0xA659, 0xA659, 0xA659, 0xA659, 0xA659, 0xA659, 0xD165, 0xD165, 0xD165, 0x256C, 0x256C,
        0xA659, 0xA659, 0xA659, 0xA659, 0xA659, 0xA659, 0xA659, 0xA659, 0xA659, 0xA659, 0xA659, 0xA659, 0xA659, 0xA659, 0xA659, 0xA659, 0xA659, 0xA659, 0xA659, 0xA659, 0xA659, 0xA659, 0xA659, 0xA659, 0xA659, 0xA659, 0xA659, 0xD165, 0xD165, 0xD165, 0x256C, 0x256C,
        0xA659, 0xA659, 0xA659, 0xA659, 0xA659, 0xA659, 0xA659, 0xA659, 0xA659, 0xA659, 0xA659, 0xA659, 0xA659, 0xA659, 0xA659, 0xA659, 0xA659, 0xA659, 0xA659, 0xA659, 0xA659, 0xA659, 0xA659, 0xA659, 0xA659, 0xA659, 0xA659, 0xD165, 0xD165, 0xD165, 0x256C, 0x256C,
        0xA659, 0xA659, 0xA659, 0xA659, 0xA659, 0xA659, 0xA659, 0xA659, 0xA659, 0xA659, 0xA659, 0xA659, 0xA659, 0xA659, 0xA659, 0xA659, 0xA659, 0xA659, 0xA659, 0xA659, 0xA659, 0xA659, 0xA659, 0xA659, 0xA659, 0xA659, 0xA659, 0xD165, 0xD165, 0xD165, 0x256C, 0x256C,
        0xA659, 0xA659, 0xA659, 0xA659, 0xA659, 0xA659, 0xA659, 0xA659, 0xA659, 0xA659, 0xA659, 0xA659, 0xA659, 0xA659, 0xA659, 0xA659, 0xA659, 0xA659, 0xA659, 0xA659, 0xA659, 0xA659, 0xA659, 0xA659, 0xA659, 0xA659, 0xA659, 0xD165, 0xD165, 0xD165, 0x256C, 0x256C,
        0xA659, 0xA659, 0xA659, 0xA659, 0xA659, 0xA659, 0xA659, 0xA659, 0xA659, 0xA659, 0xA659, 0xA659, 0xA659, 0xA659, 0xA659, 0xA659, 0xA659, 0xA659, 0xA659, 0xA659, 0xA659, 0xA659, 0xA659, 0xA659, 0xA659, 0xA659, 0xA659, 0xD165, 0xD165, 0xD165, 0x256C, 0x256C,
        0xA659, 0xA659, 0xA659, 0xA659, 0xA659, 0xA659, 0xA659, 0xA659, 0xA659, 0xA659, 0xA659, 0xA659, 0xA659, 0xA659, 0xA659, 0xA659, 0xA659, 0xA659, 0xA659, 0xA659, 0xA659, 0xA659, 0xA659, 0xA659, 0xA659, 0xA659, 0xA659, 0xD165, 0xD165, 0xD165, 0x256C, 0x256C,
        0xA659, 0xA659, 0xA659, 0xA659, 0xA659, 0xA659, 0xA659, 0xA659, 0xA659, 0xA659, 0xA659, 0xA659, 0xA659, 0xA659, 0xA659, 0xA659, 0xA659, 0xA659, 0xA659, 0xA659, 0xA659, 0xA659, 0xA659, 0xA659, 0xA659, 0xA659, 0xA659, 0xD165, 0xD165, 0xD165, 0x256C, 0x256C,
        0xA659, 0xA659, 0xA659, 0xA659, 0xA659, 0xA659, 0xA659, 0xA659, 0xA659, 0xA659, 0xA659, 0xA659, 0xA659, 0xA659, 0xA659, 0xA659, 0xA659, 0xA659, 0xA659, 0xA659, 0xA659, 0xA659, 0xA659, 0xA659, 0xA659, 0xA659, 0xA659, 0xF79E, 0xF79E, 0xF79E, 0x256C, 0x256C,
        0xA659, 0xA659, 0xA659, 0xA659, 0xA659, 0xA659, 0xA659, 0xA659, 0xA659, 0xA659, 0xA659, 0xA659, 0xA659, 0xA659, 0xA659, 0xA659, 0xA659, 0xA659, 0xA659, 0xA659, 0xA659, 0xA659, 0xA659, 0xA659, 0xA659, 0xA659, 0xA659, 0xF79E, 0xF79E, 0xF79E, 0x256C, 0x256C,
        0xA659, 0xA659, 0xA659, 0xA659, 0xA659, 0xA659, 0xA659, 0xA659, 0xA659, 0xA659, 0xA659, 0xA659, 0xA659, 0xA659, 0xA659, 0xA659, 0xA659, 0xA659, 0xA659, 0xA659, 0xA659, 0xA659, 0xA659, 0xA659, 0xA659, 0xA659, 0xA659, 0xF79E, 0xF79E, 0xF79E, 0x256C, 0x256C,
        0xA659, 0xA659, 0xA659, 0xA659, 0xA659, 0xA659, 0xA659, 0xA659, 0xA659, 0xA659, 0xA659, 0xA659, 0xA659, 0xA659, 0xA659, 0xA659, 0xA659, 0xA659, 0xA659, 0xA659, 0xA659, 0xA659, 0xA659, 0xA659, 0xA659, 0xA659, 0xA659, 0xF79E, 0xF79E, 0xF79E, 0x256C, 0x256C,
        0xA659, 0xA659, 0xA659, 0xA659, 0xA659, 0xA659, 0xA659, 0xA659, 0xA659, 0xA659, 0xA659, 0xA659, 0xA659, 0xA659, 0xA659, 0xA659, 0xA659, 0xA659, 0xA659, 0xA659, 0xA659, 0xA659, 0xA659, 0xA659, 0xA659, 0xA659, 0xA659, 0xF79E, 0xF79E, 0xF79E, 0x256C, 0x256C,
        0xA659, 0xA659, 0xA659, 0xA659, 0xA659, 0xA659, 0xA659, 0xA659, 0xA659, 0xA659, 0xA659, 0xA659, 0xA659, 0xA659, 0xA659, 0xA659, 0xA659, 0xA659, 0xA659, 0xA659, 0xA659, 0xA659, 0xA659, 0xA659, 0xA659, 0xA659, 0xA659, 0xF79E, 0xF79E, 0xF79E, 0x256C, 0x256C,
        0xA659, 0xA659, 0xA659, 0xA659, 0xA659, 0xA659, 0xA659, 0xA659, 0xA659, 0xA659, 0xA659, 0xA659, 0xA659, 0xA659, 0xA659, 0xA659, 0xA659, 0xA659, 0xA659, 0xA659, 0xA659, 0xA659, 0xA659, 0xA659, 0xA659, 0xA659, 0xA659, 0xF79E, 0xF79E, 0xF79E, 0x256C, 0x256C,
        0xA659, 0xA659, 0xA659, 0xA659, 0xA659, 0xA659, 0xA659, 0xA659, 0xA659, 0xA659, 0xA659, 0xA659, 0xA659, 0xA659, 0xA659, 0xA659, 0xA659, 0xA659, 0xA659, 0xA659, 0xA659, 0xA659, 0xA659, 0xA659, 0xA659, 0xA659, 0xA659, 0xF79E, 0xF79E, 0xF79E, 0x256C, 0x256C,
        0xA659, 0xA659, 0xA659, 0xA659, 0xA659, 0xA659, 0xA659, 0xA659, 0xA659, 0xA659, 0xA659, 0xA659, 0xA659, 0xA659, 0xA659, 0xA659, 0xA659, 0xA659, 0xA659, 0xA659, 0xA659, 0xA659, 0xA659, 0xA659, 0xA659, 0xA659, 0xA659, 0xD165, 0xD165, 0xD165, 0x256C, 0x256C,
        0xA659, 0xA659, 0xA659, 0xA659, 0xA659, 0xA659, 0xA659, 0xA659, 0xA659, 0xA659, 0xA659, 0xA659, 0xA659, 0xA659, 0xA659, 0xA659, 0xA659, 0xA659, 0xA659, 0xA659, 0xA659, 0xA659, 0xA659, 0xA659, 0xA659, 0xA659, 0xA659, 0xD165, 0xD165, 0xD165, 0x256C, 0x256C,
        0xA659, 0xA659, 0xA659, 0xA659, 0xA659, 0xA659, 0xA659, 0xA659, 0xA659, 0xA659, 0xA659, 0xA659, 0xA659, 0xA659, 0xA659, 0xA659, 0xA659, 0xA659, 0xA659, 0xA659, 0xA659, 0xA659, 0xA659, 0xA659, 0xA659, 0xA659, 0xA659, 0xD165, 0xD165, 0xD165, 0x256C, 0x256C,
        0xA659, 0xA659, 0xA659, 0xA659, 0xA659, 0xA659, 0xA659, 0xA659, 0xA659, 0xA659, 0xA659, 0xA659, 0xA659, 0xA659, 0xA659, 0xA659, 0xA659, 0xA659, 0xA659, 0xA659, 0xA659, 0xA659, 0xA659, 0xA659, 0xA659, 0xA659, 0xA659, 0xD165, 0xD165, 0xD165, 0x256C, 0x256C,
        0xA659, 0xA659, 0xA659, 0xA659, 0xA659, 0xA659, 0xA659, 0xA659, 0xA659, 0xA659, 0xA659, 0xA659, 0xA659, 0xA659, 0xA659, 0xA659, 0xA659, 0xA659, 0xA659, 0xA659, 0xA659, 0xA659, 0xA659, 0xA659, 0xA659, 0xA659, 0xA659, 0xD165, 0xD165, 0xD165, 0x256C, 0x256C,
        0xA659, 0xA659, 0xA659, 0xA659, 0xA659, 0xA659, 0xA659, 0xA659, 0xA659, 0xA659, 0xA659, 0xA659, 0xA659, 0xA659, 0xA659, 0xA659, 0xA659, 0xA659, 0xA659, 0xA659, 0xA659, 0xA659, 0xA659, 0xA659, 0xA659, 0xA659, 0xA659, 0xD165, 0xD165, 0xD165, 0x256C, 0x256C,
        0xA659, 0xA659, 0xA659, 0xA659, 0xA659, 0xA659, 0xA659, 0xA659, 0xA659, 0xA659, 0xA659, 0xA659, 0xA659, 0xA659, 0xA659, 0xA659, 0xA659, 0xA659, 0xA659, 0xA659, 0xA659, 0xA659, 0xA659, 0xA659, 0xA659, 0xA659, 0xA659, 0xD165, 0xD165, 0xD165, 0x256C, 0x256C,
        0xA659, 0xA659, 0xA659, 0xA659, 0xA659, 0xA659, 0xA659, 0xA659, 0xA659, 0xA659, 0xA659, 0xA659, 0xA659, 0xA659, 0xA659, 0xA659, 0xA659, 0xA659, 0xA659, 0xA659, 0xA659, 0xA659, 0xA659, 0xA659, 0xA659, 0xA659, 0xA659, 0xD165, 0xD165, 0xD165, 0x256C, 0x256C
    },
    [TRACK_TILE_ROAD_0D] = {
        0xA659, 0xA659, 0xA659, 0xA659, 0xA659, 0xA659, 0xA659, 0xA659, 0xA659, 0xA659, 0xA659, 0xA659, 0xA659, 0xA659, 0xA659, 0xA659, 0xA659, 0xA659, 0xA659, 0xA659, 0xA659, 0xA659, 0xA659, 0xA659, 0xA659, 0xA659, 0xA659, 0xF79E, 0xF79E, 0xF79E, 0x256C, 0x256C,
        0xA659, 0xA659, 0xA659, 0xA659, 0xA659, 0xA659, 0xA659, 0xA659, 0xA659, 0xA659, 0xA659, 0xA659, 0xA659, 0xA659, 0xA659, 0xA659, 0xA659, 0xA659, 0xA659, 0xA659, 0xA659, 0xA659, 0xA659, 0xA659, 0xA659, 0xA659, 0xA659, 0xF79E, 0xF79E, 0xF79E, 0x256C, 0x256C,
        0xA659, 0xA659, 0xA659, 0xA659, 0xA659, 0xA659, 0xA659, 0xA659, 0xA659, 0xA659, 0xA659, 0xA659, 0xA659, 0xA659, 0xA659, 0xA659, 0xA659, 0xA659, 0xA659, 0xA659, 0xA659, 0xA659, 0xA659, 0xA659, 0xA659, 0xA659, 0xA659, 0xF79E, 0xF79E, 0xF79E, 0x256C, 0x256C,
        0xA659, 0xA659, 0xA659, 0xA659, 0xA659, 0xA659, 0xA659, 0xA659, 0xA659, 0xA659, 0xA659, 0xA659, 0xA659, 0xA659, 0xA659, 0xA659, 0xA659, 0xA659, 0xA659, 0xA659, 0xA659, 0xA659, 0xA659, 0xA659, 0xA659, 0xA659, 0xA659, 0xF79E, 0xF79E, 0xF79E, 0x256C, 0x256C,
        0xA659, 0xA659, 0xA659, 0xA659, 0xA659, 0xA659, 0xA659, 0xA659, 0xA659, 0xA659, 0xA659, 0xA659, 0xA659, 0xA659, 0xA659, 0xA659, 0xA659, 0xA659, 0xA659, 0xA659, 0xA659, 0xA659, 0xA659, 0xA659, 0xA659, 0xA659, 0xA659, 0xF79E, 0xF79E, 0xF79E, 0x256C, 0x256C,
        0xA659, 0xA659, 0xA659, 0xA659, 0xA659, 0xA659, 0xA659, 0xA659, 0xA659, 0xA659, 0xA659, 0xA659, 0xA659, 0xA659, 0xA659, 0xA659, 0xA659, 0xA659, 0xA659, 0xA659, 0xA659, 0xA659, 0xA659, 0xA659, 0xA659, 0xA659, 0xA659, 0xF79E, 0xF79E, 0xF79E, 0x256C, 0x256C,
        0xA659, 0xA659, 0xA659, 0xA659, 0xA659, 0xA659, 0xA659, 0xA659, 0xA659, 0xA659, 0xA659, 0xA659, 0xA659, 0xA659, 0xA659, 0xA659, 0xA659, 0xA659, 0xA659, 0xA659, 0xA659, 0xA659, 0xA659, 0xA659, 0xA659, 0xA659, 0xA659, 0xF79E, 0xF79E, 0xF79E, 0x256C, 0x256C,
        0xA659, 0xA659, 0xA659, 0xA659, 0xA659, 0xA659, 0xA659, 0xA659, 0xA659, 0xA659, 0xA659, 0xA659, 0xA659, 0xA659, 0xA659, 0xA659, 0xA659, 0xA659, 0xA659, 0xA659, 0xA659, 0xA659, 0xA659, 0xA659, 0xA659, 0xA659, 0xA659, 0xF79E, 0xF79E, 0xF79E, 0x256C, 0x256C,
        0xA659, 0xA659, 0xA659, 0xA659, 0xA659, 0xA659, 0xA659, 0xA659, 0xA659, 0xA659, 0xA659, 0xA659, 0xA659, 0xA659, 0xA659, 0xA659, 0xA659, 0xA659, 0xA659, 0xA659, 0xA659, 0xA659, 0xA659, 0xA659, 0xA659, 0xA659, 0xA659, 0xD165, 0xD165, 0xD165, 0x256C, 0x256C,
        0xA659, 0xA659, 0xA659, 0xA659, 0xA659, 0xA659, 0xA659, 0xA659, 0xA659, 0xA659, 0xA659, 0xA659, 0xA659, 0xA659, 0xA659, 0xA659, 0xA659, 0xA659, 0xA659, 0xA659, 0xA659, 0xA659, 0xA659, 0xA659, 0xA659, 0xA659, 0xA659, 0xD165, 0xD165, 0xD165, 0x256C, 0x256C,
        0xA659, 0xA659, 0xA659, 0xA659, 0xA659, 0xA659, 0xA659, 0xA659, 0xA659, 0xA659, 0xA659, 0xA659, 0xA659, 0xA659, 0xA659, 0xA659, 0xA659, 0xA659, 0xA659, 0xA659, 0xA659, 0xA659, 0xA659, 0xA659, 0xA659, 0xA659, 0xA659, 0xD165, 0xD165, 0xD165, 0x256C, 0x256C,
        0xA659, 0xA659, 0xA659, 0xA659, 0xA659, 0xA659, 0xA659, 0xA659, 0xA659, 0xA659, 0xA659, 0xA659, 0xA659, 0xA659, 0xA659, 0xA659, 0xA659, 0xA659, 0xA659, 0xA659, 0xA659, 0xA659, 0xA659, 0xA659, 0xA659, 0xA659, 0xA659, 0xD165, 0xD165, 0xD165, 0x256C, 0x256C,
        0xA659, 0xA659, 0xA659, 0xA659, 0xA659, 0xA659, 0xA659, 0xA659, 0xA659, 0xA659, 0xA659, 0xA659, 0xA659, 0xA659, 0xA659, 0xA659, 0xA659, 0xA659, 0xA659, 0xA659, 0xA659, 0xA659, 0xA659, 0xA659, 0xA659, 0xA659, 0xA659, 0xD165, 0xD165, 0xD165, 0x256C, 0x256C,
        0xA659, 0xA659, 0xA659, 0xA659, 0xA659, 0xA659, 0xA659, 0xA659, 0xA659, 0xA659, 0xA659, 0xA659, 0xA659, 0xA659, 0xA659, 0xA659, 0xA659, 0xA659, 0xA659, 0xA659, 0xA659, 0xA659, 0xA659, 0xA659, 0xA659, 0xA659, 0xA659, 0xD165, 0xD165, 0xD165, 0x256C, 0x256C,
        0xA659, 0xA659, 0xA659, 0xA659, 0xA659, 0xA659, 0xA659, 0xA659, 0xA659, 0xA659, 0xA659, 0xA659, 0xA659, 0xA659, 0xA659, 0xA659, 0xA659, 0xA659, 0xA659, 0xA659, 0xA659, 0xA659, 0xA659, 0xA659, 0xA659, 0xA659, 0xA659, 0xD165, 0xD165, 0xD165, 0x256C, 0x256C,
        0xA659, 0xA659, 0xA659, 0xA659, 0xA659, 0xA659, 0xA659, 0xA659, 0xA659, 0xA659, 0xA659, 0xA659, 0xA659, 0xA659, 0xA659, 0xA659, 0xA659, 0xA659, 0xA659, 0xA659, 0xA659, 0xA659, 0xA659, 0xA659, 0xA659, 0xA659, 0xA659, 0xD165, 0xD165, 0xD165, 0x256C, 0x256C,
        0xA659, 0xA659, 0xA659, 0xA659, 0xA659, 0xA659, 0xA659, 0xA659, 0xA659, 0xA659, 0xA659, 0xA659, 0xA659, 0xA659, 0xA659, 0xA659, 0xA659, 0xA659, 0xA659, 0xA659, 0xA659, 0xA659, 0xA659, 0xA659, 0xA659, 0xA659, 0xA659, 0xF79E, 0xF79E, 0xF79E, 0x256C, 0x256C,
        0xA659, 0xA659, 0xA659, 0xA659, 0xA659, 0xA659, 0xA659, 0xA659, 0xA659, 0xA659, 0xA659, 0xA659, 0xA659, 0xA659, 0xA659, 0xA659, 0xA659, 0xA659, 0xA659, 0xA659, 0xA659, 0xA659, 0xA659, 0xA659, 0xA659, 0xA659, 0xA659, 0xF79E, 0xF79E, 0xF79E, 0x256C, 0x256C,
        0xA659, 0xA659, 0xA659, 0xA659, 0xA659, 0xA659, 0xA659, 0xA659, 0xA659, 0xA659, 0xA659, 0xA659, 0xA659, 0xA659, 0xA659, 0xA659, 0xA659, 0xA659, 0xA659, 0xA659, 0xA659, 0xA659, 0xA659, 0xA659, 0xA659, 0xA659, 0xA659, 0xF79E, 0xF79E, 0xF79E, 0x256C, 0x256C,
        0xA659, 0xA659, 0xA659, 0xA659, 0xA659, 0xA659, 0xA659, 0xA659, 0xA659, 0xA659, 0xA659, 0xA659, 0xA659, 0xA659, 0xA659, 0xA659, 0xA659, 0xA659, 0xA659, 0xA659, 0xA659, 0xA659, 0xA659, 0xA659, 0xA659, 0xA659, 0xA659, 0xF79E, 0xF79E, 0xF79E, 0x256C, 0x256C,
        0xA659, 0xA659, 0xA659, 0xA659, 0xA659, 0xA659, 0xA659, 0xA659, 0xA659, 0xA659, 0xA659, 0xA659, 0xA659, 0xA659, 0xA659, 0xA659, 0xA659, 0xA659, 0xA659, 0xA659, 0xA659, 0xA659, 0xA659, 0xA659, 0xA659, 0xA659, 0xA659, 0xF79E, 0xF79E, 0xF79E, 0x256C, 0x256C,
        0xA659, 0xA659, 0xA659, 0xA659, 0xA659, 0xA659, 0xA659, 0xA659, 0xA659, 0xA659, 0xA659, 0xA659, 0xA659, 0xA659, 0xA659, 0xA659, 0xA659, 0xA659, 0xA659, 0xA659, 0xA659, 0xA659, 0xA659, 0xA659, 0xA659, 0xA659, 0xA659, 0xF79E, 0xF79E, 0xF79E, 0x256C, 0x256C,
        0xA659, 0xA659, 0xA659, 0xA659, 0xA659, 0xA659, 0xA659, 0xA659, 0xA659, 0xA659, 0xA659, 0xA659, 0xA659, 0xA659, 0xA659, 0xA659, 0xA659, 0xA659, 0xA659, 0xA659, 0xA659, 0xA659, 0xA659, 0xA659, 0xA659, 0xA659, 0xA659, 0xF79E, 0xF79E, 0xF79E, 0x256C, 0x256C,
        0xA659, 0xA659, 0xA659, 0xA659, 0xA659, 0xA659, 0xA659, 0xA659, 0xA659, 0xA659, 0xA659, 0xA659, 0xA659, 0xA659, 0xA659, 0xA659, 0xA659, 0xA659, 0xA659, 0xA659, 0xA659, 0xA659, 0xA659, 0xA659, 0xA659, 0xA659, 0xA659, 0xF79E, 0xF79E, 0xF79E, 0x256C, 0x256C,
        0xA659, 0xA659, 0xA659, 0xA659, 0xA659, 0xA659, 0xA659, 0xA659, 0xA659, 0xA659, 0xA659, 0xA659, 0xA659, 0xA659, 0xA659, 0xA659, 0xA659, 0xA659, 0xA659, 0xA659, 0xA659, 0xA659, 0xA659, 0xA659, 0xA659, 0xA659, 0xA659, 0xD165, 0xD165, 0xD165, 0x256C, 0x256C,
        0xA659, 0xA659, 0xA659, 0xA659, 0xA659, 0xA659, 0xA659, 0xA659, 0xA659, 0xA659, 0xA659, 0xA659, 0xA659, 0xA659, 0xA659, 0xA659, 0xA659, 0xA659, 0xA659, 0xA659, 0xA659, 0xA659, 0xA659, 0xA659, 0xA659, 0xA659, 0xA659, 0xD165, 0xD165, 0xD165, 0x256C, 0x256C,
        0xA659, 0xA659, 0xA659, 0xA659, 0xA659, 0xA659, 0xA659, 0xA659, 0xA659, 0xA659, 0xA659, 0xA659, 0xA659, 0xA659, 0xA659, 0xA659, 0xA659, 0xA659, 0xA659, 0xA659, 0xA659, 0xA659, 0xA659, 0xA659, 0xA659, 0xA659, 0xA659, 0xD165, 0xD165, 0xD165, 0x256C, 0x256C,
        0xA659, 0xA659, 0xA659, 0xA659, 0xA659, 0xA659, 0xA659, 0xA659, 0xA659, 0xA659, 0xA659, 0xA659, 0xA659, 0xA659, 0xA659, 0xA659, 0xA659, 0xA659, 0xA659, 0xA659, 0xA659, 0xA659, 0xA659, 0xA659, 0xA659, 0xA659, 0xA659, 0xD165, 0xD165, 0xD165, 0x256C, 0x256C,
        0xA659, 0xA659, 0xA659, 0xA659, 0xA659, 0xA659, 0xA659, 0xA659, 0xA659, 0xA659, 0xA659, 0xA659, 0xA659, 0xA659, 0xA659, 0xA659, 0xA659, 0xA659, 0xA659, 0xA659, 0xA659, 0xA659, 0xA659, 0xA659, 0xA659, 0xA659, 0xA659, 0xD165, 0xD165, 0xD165, 0x256C, 0x256C,
        0xA659, 0xA659, 0xA659, 0xA659, 0xA659, 0xA659, 0xA659, 0xA659, 0xA659, 0xA659, 0xA659, 0xA659, 0xA659, 0xA659, 0xA659, 0xA659, 0xA659, 0xA659, 0xA659, 0xA659, 0xA659, 0xA659, 0xA659, 0xA659, 0xA659, 0xA659, 0xA659, 0xD165, 0xD165, 0xD165, 0x256C, 0x256C,
        0xA659, 0xA659, 0xA659, 0xA659, 0xA659, 0xA659, 0xA659, 0xA659, 0xA659, 0xA659, 0xA659, 0xA659, 0xA659, 0xA659, 0xA659, 0xA659, 0xA659, 0xA659, 0xA659, 0xA659, 0xA659, 0xA659, 0xA659, 0xA659, 0xA659, 0xA659, 0xA659, 0xD165, 0xD165, 0xD165, 0x256C, 0x256C,
        0xA659, 0xA659, 0xA659, 0xA659, 0xA659, 0xA659, 0xA659, 0xA659, 0xA659, 0xA659, 0xA659, 0xA659, 0xA659, 0xA659, 0xA659, 0xA659, 0xA659, 0xA659, 0xA659, 0xA659, 0xA659, 0xA659, 0xA659, 0xA659, 0xA659, 0xA659, 0xA659, 0xD165, 0xD165, 0xD165, 0x256C, 0x256C
    },
    [TRACK_TILE_ROAD_0E] = {
        0x256C, 0x256C, 0x256C, 0x256C, 0x256C, 0x256C, 0x256C, 0x256C, 0x256C, 0x256C, 0x256C, 0x256C, 0x256C, 0x256C, 0x256C, 0x256C, 0x256C, 0x256C, 0x256C, 0x256C, 0x256C, 0x256C, 0x256C, 0x256C, 0x256C, 0x256C, 0x256C, 0x256C, 0x256C, 0x256C, 0x256C, 0x256C,
        0x256C, 0x256C, 0x256C, 0x256C, 0x256C, 0x256C, 0x256C, 0x256C, 0x256C, 0x256C, 0x256C, 0x256C, 0x256C, 0x256C, 0x256C, 0x256C, 0x256C, 0x256C, 0x256C, 0x256C, 0x256C, 0x256C, 0x256C, 0x256C, 0x256C, 0x256C, 0x256C, 0x256C, 0x256C, 0x256C, 0x256C, 0x256C,
        0xF79E, 0xF79E, 0xF79E, 0xF79E, 0xF79E, 0xF79E, 0xF79E, 0xF79E, 0xD165, 0xD165, 0xD165, 0xD165, 0xD165, 0xD165, 0xD165, 0xD165, 0xF79E, 0xF79E, 0xF79E, 0xF79E, 0xF79E, 0xF79E, 0xF79E, 0xF79E, 0xD165, 0xD165, 0xD165, 0xD165, 0xD165, 0xD165, 0xD165, 0xD165,
        0xF79E, 0xF79E, 0xF79E, 0xF79E, 0xF79E, 0xF79E, 0xF79E, 0xF79E, 0xD165, 0xD165, 0xD165, 0xD165, 0xD165, 0xD165, 0xD165, 0xD165, 0xF79E, 0xF79E, 0xF79E, 0xF79E, 0xF79E, 0xF79E, 0xF79E, 0xF79E, 0xD165, 0xD165, 0xD165, 0xD165, 0xD165, 0xD165, 0xD165, 0xD165,
        0xF79E, 0xF79E, 0xF79E, 0xF79E, 0xF79E, 0xF79E, 0xF79E, 0xF79E, 0xD165, 0xD165, 0xD165, 0xD165, 0xD165, 0xD165, 0xD165, 0xD165, 0xF79E, 0xF79E, 0xF79E, 0xF79E, 0xF79E, 0xF79E, 0xF79E, 0xF79E, 0xD165, 0xD165, 0xD165, 0xD165, 0xD165, 0xD165, 0xD165, 0xD165,
        0xA659, 0xA659, 0xA659, 0xA659, 0xA659, 0xA659, 0xA659, 0xA659, 0xA659, 0xA659, 0xA659, 0xA659, 0xA659, 0xA659, 0xA659, 0xA659, 0xA659, 0xA659, 0xA659, 0xA659, 0xA659, 0xA659, 0xA659, 0xA659, 0xA659, 0xA659, 0xA659, 0xA659, 0xA659, 0xA659, 0xA659, 0xA659,
        0xA659, 0xA659, 0xA659, 0xA659, 0xA659, 0xA659, 0xA659, 0xA659, 0xA659, 0xA659, 0xA659, 0xA659, 0xA659, 0xA659, 0xA659, 0xA659, 0xA659, 0xA659, 0xA659, 0xA659, 0xA659, 0xA659, 0xA659, 0xA659, 0xA659, 0xA659, 0xA659, 0xA659, 0xA659, 0xA659, 0xA659, 0xA659,
        0xA659, 0xA659, 0xA659, 0xA659, 0xA659, 0xA659, 0xA659, 0xA659, 0xA659, 0xA659, 0xA659, 0xA659, 0xA659, 0xA659, 0xA659, 0xA659, 0xA659, 0xA659, 0xA659, 0xA659, 0xA659, 0xA659, 0xA659, 0xA659, 0xA659, 0xA659, 0xA659, 0xA659, 0xA659, 0xA659, 0xA659, 0xA659,
        0xA659, 0xA659, 0xA659, 0xA659, 0xA659, 0xA659, 0xA659, 0xA659, 0xA659, 0xA659, 0xA659, 0xA659, 0xA659, 0xA659, 0xA659, 0xA659, 0xA659, 0xA659, 0xA659, 0xA659, 0xA659, 0xA659, 0xA659, 0xA659, 0xA659, 0xA659, 0xA659, 0xA659, 0xA659, 0xA659, 0xA659, 0xA659,
        0xA659, 0xA659, 0xA659, 0xA659, 0xA659, 0xA659, 0xA659, 0xA659, 0xA659, 0xA659, 0xA659, 0xA659, 0xA659, 0xA659, 0xA659, 0xA659, 0xA659, 0xA659, 0xA659, 0xA659, 0xA659, 0xA659, 0xA659, 0xA659, 0xA659, 0xA659, 0xA659, 0xA659, 0xA659, 0xA659, 0xA659, 0xA659,
        0xA659, 0xA659, 0xA659, 0xA659, 0xA659, 0xA659, 0xA659, 0xA659, 0xA659, 0xA659, 0xA659, 0xA659, 0xA659, 0xA659, 0xA659, 0xA659, 0xA659, 0xA659, 0xA659, 0xA659, 0xA659, 0xA659, 0xA659, 0xA659, 0xA659, 0xA659, 0xA659, 0xA659, 0xA659, 0xA659, 0xA659, 0xA659,
        0xA659, 0xA659, 0xA659, 0xA659, 0xA659, 0xA659, 0xA659, 0xA659, 0xA659, 0xA659, 0xA659, 0xA659, 0xA659, 0xA659, 0xA659, 0xA659, 0xA659, 0xA659, 0xA659, 0xA659, 0xA659, 0xA659, 0xA659, 0xA659, 0xA659, 0xA659, 0xA659, 0xA659, 0xA659, 0xA659, 0xA659, 0xA659,
        0xA659, 0xA659, 0xA659, 0xA659, 0xA659, 0xA659, 0xA659, 0xA659, 0xA659, 0xA659, 0xA659, 0xA659, 0xA659, 0xA659, 0xA659, 0xA659, 0xA659, 0xA659, 0xA659, 0xA659, 0xA659, 0xA659, 0xA659, 0xA659, 0xA659, 0xA659, 0xA659, 0xA659, 0xA659, 0xA659, 0xA659, 0xA659,
        0xA659, 0xA659, 0xA659, 0xA659, 0xA659, 0xA659, 0xA659, 0xA659, 0xA659, 0xA659, 0xA659, 0xA659, 0xA659, 0xA659, 0xA659, 0xA659, 0xA659, 0xA659, 0xA659, 0xA659, 0xA659, 0xA659, 0xA659, 0xA659, 0xA659, 0xA659, 0xA659, 0xA659, 0xA659, 0xA659, 0xA659, 0xA659,
        0xA659, 0xA659, 0xA659, 0xA659, 0xA659, 0xA659, 0xA659, 0xA659, 0xA659, 0xA659, 0xA659, 0xA659, 0xA659, 0xA659, 0xA659, 0xA659, 0xA659, 0xA659, 0xA659, 0xA659, 0xA659, 0xA659, 0xA659, 0xA659, 0xA659, 0xA659, 0xA659, 0xA659, 0xA659, 0xA659, 0xA659, 0xA659,
        0xA659, 0xA659, 0xA659, 0xA659, 0xA659, 0xA659, 0xA659, 0xA659, 0xA659, 0xA659, 0xA659, 0xA659, 0xA659, 0xA659, 0xA659, 0xA659, 0xA659, 0xA659, 0xA659, 0xA659, 0xA659, 0xA659, 0xA659, 0xA659, 0xA659, 0xA659, 0xA659, 0xA659, 0xA659, 0xA659, 0xA659, 0xA659,
        0xA659, 0xA659, 0xA659, 0xA659, 0xA659, 0xA659, 0xA659, 0xA659, 0xA659, 0xA659, 0xA659, 0xA659, 0xA659, 0xA659, 0xA659, 0xA659, 0xA659, 0xA659, 0xA659, 0xA659, 0xA659, 0xA659, 0xA659, 0xA659, 0xA659, 0xA659, 0xA659, 0xA659, 0xA659, 0xA659, 0xA659, 0xA659,
        0xA659, 0xA659, 0xA659, 0xA659, 0xA659, 0xA659, 0xA659, 0xA659, 0xA659, 0xA659, 0xA659, 0xA659, 0xA659, 0xA659, 0xA659, 0xA659, 0xA659, 0xA659, 0xA659, 0xA659, 0xA659, 0xA659, 0xA659, 0xA659, 0xA659, 0xA659, 0xA659, 0xA659, 0xA659, 0xA659, 0xA659, 0xA659,
        0xA659, 0xA659, 0xA659, 0xA659, 0xA659, 0xA659, 0xA659, 0xA659, 0xA659, 0xA659, 0xA659, 0xA659, 0xA659, 0xA659, 0xA659, 0xA659, 0xA659, 0xA659, 0xA659, 0xA659, 0xA659, 0xA659, 0xA659, 0xA659, 0xA659, 0xA659, 0xA659, 0xA659, 0xA659, 0xA659, 0xA659, 0xA659,
        0xA659, 0xA659, 0xA659, 0xA659, 0xA659, 0xA659, 0xA659, 0xA659, 0xA659, 0xA659, 0xA659, 0xA659, 0xA659, 0xA659, 0xA659, 0xA659, 0xA659, 0xA659, 0xA659, 0xA659, 0xA659, 0xA659, 0xA659, 0xA659, 0xA659, 0xA659, 0xA659, 0xA659, 0xA659, 0xA659, 0xA659, 0xA659,
        0xA659, 0xA659, 0xA659, 0xA659, 0xA659, 0xA659, 0xA659, 0xA659, 0xA659, 0xA659, 0xA659, 0xA659, 0xA659, 0xA659, 0xA659, 0xA659, 0xA659, 0xA659, 0xA659, 0xA659, 0xA659, 0xA659, 0xA659, 0xA659, 0xA659, 0xA659, 0xA659, 0xA659, 0xA659, 0xA659, 0xA659, 0xA659,
        0xA659, 0xA659, 0xA659, 0xA659, 0xA659, 0xA659, 0xA659, 0xA659, 0xA659, 0xA659, 0xA659, 0xA659, 0xA659, 0xA659, 0xA659, 0xA659, 0xA659, 0xA659, 0xA659, 0xA659, 0xA659, 0xA659, 0xA659, 0xA659, 0xA659, 0xA659, 0xA659, 0xA659, 0xA659, 0xA659, 0xA659, 0xA659,
        0xA659, 0xA659, 0xA659, 0xA659, 0xA659, 0xA659, 0xA659, 0xA659, 0xA659, 0xA659, 0xA659, 0xA659, 0xA659, 0xA659, 0xA659, 0xA659, 0xA659, 0xA659, 0xA659, 0xA659, 0xA659, 0xA659, 0xA659, 0xA659, 0xA659, 0xA659, 0xA659, 0xA659, 0xA659, 0xA659, 0xA659, 0xA659,
        0xA659, 0xA659, 0xA659, 0xA659, 0xA659, 0xA659, 0xA659, 0xA659, 0xA659, 0xA659, 0xA659, 0xA659, 0xA659, 0xA659, 0xA659, 0xA659, 0xA659, 0xA659, 0xA659, 0xA659, 0xA659, 0xA659, 0xA659, 0xA659, 0xA659, 0xA659, 0xA659, 0xA659, 0xA659, 0xA659, 0xA659, 0xA659,
        0xA659, 0xA659, 0xA659, 0xA659, 0xA659, 0xA659, 0xA659, 0xA659, 0xA659, 0xA659, 0xA659, 0xA659, 0xA659, 0xA659, 0xA659, 0xA659, 0xA659, 0xA659, 0xA659, 0xA659, 0xA659, 0xA659, 0xA659, 0xA659, 0xA659, 0xA659, 0xA659, 0xA659, 0xA659, 0xA659, 0xA659, 0xA659,
        0xA659, 0xA659, 0xA659, 0xA659, 0xA659, 0xA659, 0xA659, 0xA659, 0xA659, 0xA659, 0xA659, 0xA659, 0xA659, 0xA659, 0xA659, 0xA659, 0xA659, 0xA659, 0xA659, 0xA659, 0xA659, 0xA659, 0xA659, 0xA659, 0xA659, 0xA659, 0xA659, 0xA659, 0xA659, 0xA659, 0xA659, 0xA659,
        0xA659, 0xA659, 0xA659, 0xA659, 0xA659, 0xA659, 0xA659, 0xA659, 0xA659, 0xA659, 0xA659, 0xA659, 0xA659, 0xA659, 0xA659, 0xA659, 0xA659, 0xA659, 0xA659, 0xA659, 0xA659, 0xA659, 0xA659, 0xA659, 0xA659, 0xA659, 0xA659, 0xA659, 0xA659, 0xA659, 0xA659, 0xA659,
        0xA659, 0xA659, 0xA659, 0xA659, 0xA659, 0xA659, 0xA659, 0xA659, 0xA659, 0xA659, 0xA659, 0xA659, 0xA659, 0xA659, 0xA659, 0xA659, 0xA659, 0xA659, 0xA659, 0xA659, 0xA659, 0xA659, 0xA659, 0xA659, 0xA659, 0xA659, 0xA659, 0xA659, 0xA659, 0xA659, 0xA659, 0xA659,
        0xA659, 0xA659, 0xA659, 0xA659, 0xA659, 0xA659, 0xA659, 0xA659, 0xA659, 0xA659, 0xA659, 0xA659, 0xA659, 0xA659, 0xA659, 0xA659, 0xA659, 0xA659, 0xA659, 0xA659, 0xA659, 0xA659, 0xA659, 0xA659, 0xA659, 0xA659, 0xA659, 0xA659, 0xA659, 0xA659, 0xA659, 0xA659,
        0xA659, 0xA659, 0xA659, 0xA659, 0xA659, 0xA659, 0xA659, 0xA659, 0xA659, 0xA659, 0xA659, 0xA659, 0xA659, 0xA659, 0xA659, 0xA659, 0xA659, 0xA659, 0xA659, 0xA659, 0xA659, 0xA659, 0xA659, 0xA659, 0xA659, 0xA659, 0xA659, 0xA659, 0xA659, 0xA659, 0xA659, 0xA659,
        0xA659, 0xA659, 0xA659, 0xA659, 0xA659, 0xA659, 0xA659, 0xA659, 0xA659, 0xA659, 0xA659, 0xA659, 0xA659, 0xA659, 0xA659, 0xA659, 0xA659, 0xA659, 0xA659, 0xA659, 0xA659, 0xA659, 0xA659, 0xA659, 0xA659, 0xA659, 0xA659, 0xA659, 0xA659, 0xA659, 0xA659, 0xA659,
        0xA659, 0xA659, 0xA659, 0xA659, 0xA659, 0xA659, 0xA659, 0xA659, 0xA659, 0xA659, 0xA659, 0xA659, 0xA659, 0xA659, 0xA659, 0xA659, 0xA659, 0xA659, 0xA659, 0xA659, 0xA659, 0xA659, 0xA659, 0xA659, 0xA659, 0xA659, 0xA659, 0xA659, 0xA659, 0xA659, 0xA659, 0xA659
    },
    [TRACK_TILE_ROAD_0F] = {
        0xA659, 0xA659, 0xA659, 0xA659, 0xA659, 0xA659, 0xA659, 0xA659, 0xA659, 0xA659, 0xA659, 0xA659, 0xA659, 0xA659, 0xA659, 0xA659, 0xA659, 0xA659, 0xA659, 0xA659, 0xA659, 0xA659, 0xA659, 0xA659, 0xA659, 0xA659, 0xA659, 0xA659, 0xA659, 0xA659, 0xA659, 0xA659,
        0xA659, 0xA659, 0xA659, 0xA659, 0xA659, 0xA659, 0xA659, 0xA659, 0xA659, 0xA659, 0xA659, 0xA659, 0xA659, 0xA659, 0xA659, 0xA659, 0xA659, 0xA659, 0xA659, 0xA659, 0xA659, 0xA659, 0xA659, 0xA659, 0xA659, 0xA659, 0xA659, 0xA659, 0xA659, 0xA659, 0xA659, 0xA659,
        0xA659, 0xA659, 0xA659, 0xA659, 0xA659, 0xA659, 0xA659, 0xA659, 0xA659, 0xA659, 0xA659, 0xA659, 0xA659, 0xA659, 0xA659, 0xA659, 0xA659, 0xA659, 0xA659, 0xA659, 0xA659, 0xA659, 0xA659, 0xA659, 0xA659, 0xA659, 0xA659, 0xA659, 0xA659, 0xA659, 0xA659, 0xA659,
        0xA659, 0xA659, 0xA659, 0xA659, 0xA659, 0xA659, 0xA659, 0xA659, 0xA659, 0xA659, 0xA659, 0xA659, 0xA659, 0xA659, 0xA659, 0xA659, 0xA659, 0xA659, 0xA659, 0xA659, 0xA659, 0xA659, 0xA659, 0xA659, 0xA659, 0xA659, 0xA659, 0xA659, 0xA659, 0xA659, 0xA659, 0xA659,
        0xA659, 0xA659, 0xA659, 0xA659, 0xA659, 0xA659, 0xA659, 0xA659, 0xA659, 0xA659, 0xA659, 0xA659, 0xA659, 0xA659, 0xA659, 0xA659, 0xA659, 0xA659, 0xA659, 0xA659, 0xA659, 0xA659, 0xA659, 0xA659, 0xA659, 0xA659, 0xA659, 0xA659, 0xA659, 0xA659, 0xA659, 0xA659,
        0xA659, 0xA659, 0xA659, 0xA659, 0xA659, 0xA659, 0xA659, 0xA659, 0xA659, 0xA659, 0xA659, 0xA659, 0xA659, 0xA659, 0xA659, 0xA659, 0xA659, 0xA659, 0xA659, 0xA659, 0xA659, 0xA659, 0xA659, 0xA659, 0xA659, 0xA659, 0xA659, 0xA659, 0xA659, 0xA659, 0xA659, 0xA659,
        0xA659, 0xA659, 0xA659, 0xA659, 0xA659, 0xA659, 0xA659, 0xA659, 0xA659, 0xA659, 0xA659, 0xA659, 0xA659, 0xA659, 0xA659, 0xA659, 0xA659, 0xA659, 0xA659, 0xA659, 0xA659, 0xA659, 0xA659, 0xA659, 0xA659, 0xA659, 0xA659, 0xA659, 0xA659, 0xA659, 0xA659, 0xA659,
        0xA659, 0xA659, 0xA659, 0xA659, 0xA659, 0xA659, 0xA659, 0xA659, 0xA659, 0xA659, 0xA659, 0xA659, 0xA659, 0xA659, 0xA659, 0xA659, 0xA659, 0xA659, 0xA659, 0xA659, 0xA659, 0xA659, 0xA659, 0xA659, 0xA659, 0xA659, 0xA659, 0xA659, 0xA659, 0xA659, 0xA659, 0xA659,
        0xA659, 0xA659, 0xA659, 0xA659, 0xA659, 0xA659, 0xA659, 0xA659, 0xA659, 0xA659, 0xA659, 0xA659, 0xA659, 0xA659, 0xA659, 0xA659, 0xA659, 0xA659, 0xA659, 0xA659, 0xA659, 0xA659, 0xA659, 0xA659, 0xA659, 0xA659, 0xA659, 0xA659, 0xA659, 0xA659, 0xA659, 0xA659,
        0xA659, 0xA659, 0xA659, 0xA659, 0xA659, 0xA659, 0xA659, 0xA659, 0xA659, 0xA659, 0xA659, 0xA659, 0xA659, 0xA659, 0xA659, 0xA659, 0xA659, 0xA659, 0xA659, 0xA659, 0xA659, 0xA659, 0xA659, 0xA659, 0xA659, 0xA659, 0xA659, 0xA659, 0xA659, 0xA659, 0xA659, 0xA659,
        0xA659, 0xA659, 0xA659, 0xA659, 0xA659, 0xA659, 0xA659, 0xA659, 0xA659, 0xA659, 0xA659, 0xA659, 0xA659, 0xA659, 0xA659, 0xA659, 0xA659, 0xA659, 0xA659, 0xA659, 0xA659, 0xA659, 0xA659, 0xA659, 0xA659, 0xA659, 0xA659, 0xA659, 0xA659, 0xA659, 0xA659, 0xA659,
        0xA659, 0xA659, 0xA659, 0xA659, 0xA659, 0xA659, 0xA659, 0xA659, 0xA659, 0xA659, 0xA659, 0xA659, 0xA659, 0xA659, 0xA659, 0xA659, 0xA659, 0xA659, 0xA659, 0xA659, 0xA659, 0xA659, 0xA659, 0xA659, 0xA659, 0xA659, 0xA659, 0xA659, 0xA659, 0xA659, 0xA659, 0xA659,
        0xA659, 0xA659, 0xA659, 0xA659, 0xA659, 0xA659, 0xA659, 0xA659, 0xA659, 0xA659, 0xA659, 0xA659, 0xA659, 0xA659, 0xA659, 0xA659, 0xA659, 0xA659, 0xA659, 0xA659, 0xA659, 0xA659, 0xA659, 0xA659, 0xA659, 0xA659, 0xA659, 0xA659, 0xA659, 0xA659, 0xA659, 0xA659,
        0xA659, 0xA659, 0xA659, 0xA659, 0xA659, 0xA659, 0xA659, 0xA659, 0xA659, 0xA659, 0xA659, 0xA659, 0xA659, 0xA659, 0xA659, 0xA659, 0xA659, 0xA659, 0xA659, 0xA659, 0xA659, 0xA659, 0xA659, 0xA659, 0xA659, 0xA659, 0xA659, 0xA659, 0xA659, 0xA659, 0xA659, 0xA659,
        0xA659, 0xA659, 0xA659, 0xA659, 0xA659, 0xA659, 0xA659, 0xA659, 0xA659, 0xA659, 0xA659, 0xA659, 0xA659, 0xA659, 0xA659, 0xA659, 0xA659, 0xA659, 0xA659, 0xA659, 0xA659, 0xA659, 0xA659, 0xA659, 0xA659, 0xA659, 0xA659, 0xA659, 0xA659, 0xA659, 0xA659, 0xA659,
        0xA659, 0xA659, 0xA659, 0xA659, 0xA659, 0xA659, 0xA659, 0xA659, 0xA659, 0xA659, 0xA659, 0xA659, 0xA659, 0xA659, 0xA659, 0xA659, 0xA659, 0xA659, 0xA659, 0xA659, 0xA659, 0xA659, 0xA659, 0xA659, 0xA659, 0xA659, 0xA659, 0xA659, 0xA659, 0xA659, 0xA659, 0xA659,
        0xA659, 0xA659, 0xA659, 0xA659, 0xA659, 0xA659, 0xA659, 0xA659, 0xA659, 0xA659, 0xA659, 0xA659, 0xA659, 0xA659, 0xA659, 0xA659, 0xA659, 0xA659, 0xA659, 0xA659, 0xA659, 0xA659, 0xA659, 0xA659, 0xA659, 0xA659, 0xA659, 0xA659, 0xA659, 0xA659, 0xA659, 0xA659,
        0xA659, 0xA659, 0xA659, 0xA659, 0xA659, 0xA659, 0xA659, 0xA659, 0xA659, 0xA659, 0xA659, 0xA659, 0xA659, 0xA659, 0xA659, 0xA659, 0xA659, 0xA659, 0xA659, 0xA659, 0xA659, 0xA659, 0xA659, 0xA659, 0xA659, 0xA659, 0xA659, 0xA659, 0xA659, 0xA659, 0xA659, 0xA659,
        0xA659, 0xA659, 0xA659, 0xA659, 0xA659, 0xA659, 0xA659, 0xA659, 0xA659, 0xA659, 0xA659, 0xA659, 0xA659, 0xA659, 0xA659, 0xA659, 0xA659, 0xA659, 0xA659, 0xA659, 0xA659, 0xA659, 0xA659, 0xA659, 0xA659, 0xA659, 0xA659, 0xA659, 0xA659, 0xA659, 0xA659, 0xA659,
        0xA659, 0xA659, 0xA659, 0xA659, 0xA659, 0xA659, 0xA659, 0xA659, 0xA659, 0xA659, 0xA659, 0xA659, 0xA659, 0xA659, 0xA659, 0xA659, 0xA659, 0xA659, 0xA659, 0xA659, 0xA659, 0xA659, 0xA659, 0xA659, 0xA659, 0xA659, 0xA659, 0xA659, 0xA659, 0xA659, 0xA659, 0xA659,
        0xA659, 0xA659, 0xA659, 0xA659, 0xA659, 0xA659, 0xA659, 0xA659, 0xA659, 0xA659, 0xA659, 0xA659, 0xA659, 0xA659, 0xA659, 0xA659, 0xA659, 0xA659, 0xA659, 0xA659, 0xA659, 0xA659, 0xA659, 0xA659, 0xA659, 0xA659, 0xA659, 0xA659, 0xA659, 0xA659, 0xA659, 0xA659,
        0xA659, 0xA659, 0xA659, 0xA659, 0xA659, 0xA659, 0xA659, 0xA659, 0xA659, 0xA659, 0xA659, 0xA659, 0xA659, 0xA659, 0xA659, 0xA659, 0xA659, 0xA659, 0xA659, 0xA659, 0xA659, 0xA659, 0xA659, 0xA659, 0xA659, 0xA659, 0xA659, 0xA659, 0xA659, 0xA659, 0xA659, 0xA659,
        0xA659, 0xA659, 0xA659, 0xA659, 0xA659, 0xA659, 0xA659, 0xA659, 0xA659, 0xA659, 0xA659, 0xA659, 0xA659, 0xA659, 0xA659, 0xA659, 0xA659, 0xA659, 0xA659, 0xA659, 0xA659, 0xA659, 0xA659, 0xA659, 0xA659, 0xA659, 0xA659, 0xA659, 0xA659, 0xA659, 0xA659, 0xA659,
        0xA659, 0xA659, 0xA659, 0xA659, 0xA659, 0xA659, 0xA659, 0xA659, 0xA659, 0xA659, 0xA659, 0xA659, 0xA659, 0xA659, 0xA659, 0xA659, 0xA659, 0xA659, 0xA659, 0xA659, 0xA659, 0xA659, 0xA659, 0xA659, 0xA659, 0xA659, 0xA659, 0xA659, 0xA659, 0xA659, 0xA659, 0xA659,
        0xA659, 0xA659, 0xA659, 0xA659, 0xA659, 0xA659, 0xA659, 0xA659, 0xA659, 0xA659, 0xA659, 0xA659, 0xA659, 0xA659, 0xA659, 0xA659, 0xA659, 0xA659, 0xA659, 0xA659, 0xA659, 0xA659, 0xA659, 0xA659, 0xA659, 0xA659, 0xA659, 0xA659, 0xA659, 0xA659, 0xA659, 0xA659,
        0xA659, 0xA659, 0xA659, 0xA659, 0xA659, 0xA659, 0xA659, 0xA659, 0xA659, 0xA659, 0xA659, 0xA659, 0xA659, 0xA659, 0xA659, 0xA659, 0xA659, 0xA659, 0xA659, 0xA659, 0xA659, 0xA659, 0xA659, 0xA659, 0xA659, 0xA659, 0xA659, 0xA659, 0xA659, 0xA659, 0xA659, 0xA659,
        0xA659, 0xA659, 0xA659, 0xA659, 0xA659, 0xA659, 0xA659, 0xA659, 0xA659, 0xA659, 0xA659, 0xA659, 0xA659, 0xA659, 0xA659, 0xA659, 0xA659, 0xA659, 0xA659, 0xA659, 0xA659, 0xA659, 0xA659, 0xA659, 0xA659, 0xA659, 0xA659, 0xA659, 0xA659, 0xA659, 0xA659, 0xA659,
        0xA659, 0xA659, 0xA659, 0xA659, 0xA659, 0xA659, 0xA659, 0xA659, 0xA659, 0xA659, 0xA659, 0xA659, 0xA659, 0xA659, 0xA659, 0xA659, 0xA659, 0xA659, 0xA659, 0xA659, 0xA659, 0xA659, 0xA659, 0xA659, 0xA659, 0xA659, 0xA659, 0xA659, 0xA659, 0xA659, 0xA659, 0xA659,
        0xA659, 0xA659, 0xA659, 0xA659, 0xA659, 0xA659, 0xA659, 0xA659, 0xA659, 0xA659, 0xA659, 0xA659, 0xA659, 0xA659, 0xA659, 0xA659, 0xA659, 0xA659, 0xA659, 0xA659, 0xA659, 0xA659, 0xA659, 0xA659, 0xA659, 0xA659, 0xA659, 0xA659, 0xA659, 0xA659, 0xA659, 0xA659,
        0xA659, 0xA659, 0xA659, 0xA659, 0xA659, 0xA659, 0xA659, 0xA659, 0xA659, 0xA659, 0xA659, 0xA659, 0xA659, 0xA659, 0xA659, 0xA659, 0xA659, 0xA659, 0xA659, 0xA659, 0xA659, 0xA659, 0xA659, 0xA659, 0xA659, 0xA659, 0xA659, 0xA659, 0xA659, 0xA659, 0xA659, 0xA659,
        0xA659, 0xA659, 0xA659, 0xA659, 0xA659, 0xA659, 0xA659, 0xA659, 0xA659, 0xA659, 0xA659, 0xA659, 0xA659, 0xA659, 0xA659, 0xA659, 0xA659, 0xA659, 0xA659, 0xA659, 0xA659, 0xA659, 0xA659, 0xA659, 0xA659, 0xA659, 0xA659, 0xA659, 0xA659, 0xA659, 0xA659, 0xA659,
        0xA659, 0xA659, 0xA659, 0xA659, 0xA659, 0xA659, 0xA659, 0xA659, 0xA659, 0xA659, 0xA659, 0xA659, 0xA659, 0xA659, 0xA659, 0xA659, 0xA659, 0xA659, 0xA659, 0xA659, 0xA659, 0xA659, 0xA659, 0xA659, 0xA659, 0xA659, 0xA659, 0xA659, 0xA659, 0xA659, 0xA659, 0xA659
    },
    [TRACK_TILE_FINISH_00] = {
        0x256C, 0x256C, 0xF79E, 0xF79E, 0xF79E, 0x256C, 0x256C, 0x256C, 0x256C, 0x256C, 0x256C, 0x256C, 0x256C, 0xF7BE, 0xF7BE, 0xF7BE, 0x18C3, 0x18C3, 0x18C3, 0x256C, 0x256C, 0x256C, 0x256C, 0x256C, 0x256C, 0x256C, 0x256C, 0xF79E, 0xF79E, 0xF79E, 0x256C, 0x256C,
        0x256C, 0x256C, 0xF79E, 0xF79E, 0xF79E, 0x256C, 0x256C, 0x256C, 0x256C, 0x256C, 0x256C, 0x256C, 0x256C, 0xF7BE, 0xF7BE, 0xF7BE, 0x18C3, 0x18C3, 0x18C3, 0x256C, 0x256C, 0x256C, 0x256C, 0x256C, 0x256C, 0x256C, 0x256C, 0xF79E, 0xF79E, 0xF79E, 0x256C, 0x256C,
        0x256C, 0x256C, 0xF79E, 0xF79E, 0xF79E, 0xF79E, 0xF79E, 0xF79E, 0xD165, 0xD165, 0xD165, 0xD165, 0xD165, 0xF7BE, 0xF7BE, 0xF7BE, 0x18C3, 0x18C3, 0x18C3, 0xF79E, 0xF79E, 0xF79E, 0xF79E, 0xF79E, 0xD165, 0xD165, 0xD165, 0xF79E, 0xF79E, 0xF79E, 0x256C, 0x256C,
        0x256C, 0x256C, 0xF79E, 0xF79E, 0xF79E, 0xF79E, 0xF79E, 0xF79E, 0xD165, 0xD165, 0xD165, 0xD165, 0xD165, 0xF7BE, 0xF7BE, 0xF7BE, 0x18C3, 0x18C3, 0x18C3, 0xF79E, 0xF79E, 0xF79E, 0xF79E, 0xF79E, 0xD165, 0xD165, 0xD165, 0xF79E, 0xF79E, 0xF79E, 0x256C, 0x256C,
        0x256C, 0x256C, 0xF79E, 0xF79E, 0xF79E, 0xF79E, 0xF79E, 0xF79E, 0xD165, 0xD165, 0xD165, 0xD165, 0xD165, 0x18C3, 0x18C3, 0x18C3, 0xF7BE, 0xF7BE, 0xF7BE, 0xF79E, 0xF79E, 0xF79E, 0xF79E, 0xF79E, 0xD165, 0xD165, 0xD165, 0xF79E, 0xF79E, 0xF79E, 0x256C, 0x256C,
        0x256C, 0x256C, 0xF79E, 0xF79E, 0xF79E, 0xA659, 0xA659, 0xA659, 0xA659, 0xA659, 0xA659, 0xA659, 0xA659, 0x18C3, 0x18C3, 0x18C3, 0xF7BE, 0xF7BE, 0xF7BE, 0xA659, 0xA659, 0xA659, 0xA659, 0xA659, 0xA659, 0xA659, 0xA659, 0xF79E, 0xF79E, 0xF79E, 0x256C, 0x256C,
        0x256C, 0x256C, 0xF79E, 0xF79E, 0xF79E, 0xA659, 0xA659, 0xA659, 0xA659, 0xA659, 0xA659, 0xA659, 0xA659, 0x18C3, 0x18C3, 0x18C3, 0xF7BE, 0xF7BE, 0xF7BE, 0xA659, 0xA659, 0xA659, 0xA659, 0xA659, 0xA659, 0xA659, 0xA659, 0xF79E, 0xF79E, 0xF79E, 0x256C, 0x256C,
        0x256C, 0x256C, 0xF79E, 0xF79E, 0xF79E, 0xA659, 0xA659, 0xA659, 0xA659, 0xA659, 0xA659, 0xA659, 0xA659, 0x18C3, 0x18C3, 0x18C3, 0xF7BE, 0xF7BE, 0xF7BE, 0xA659, 0xA659, 0xA659, 0xA659, 0xA659, 0xA659, 0xA659, 0xA659, 0xF79E, 0xF79E, 0xF79E, 0x256C, 0x256C,
        0x256C, 0x256C, 0xD165, 0xD165, 0xD165, 0xA659, 0xA659, 0xA659, 0xA659, 0xA659, 0xA659, 0xA659, 0xA659, 0xF7BE, 0xF7BE, 0xF7BE, 0x18C3, 0x18C3, 0x18C3, 0xA659, 0xA659, 0xA659, 0xA659, 0xA659, 0xA659, 0xA659, 0xA659, 0xD165, 0xD165, 0xD165, 0x256C, 0x256C,
        0x256C, 0x256C, 0xD165, 0xD165, 0xD165, 0xA659, 0xA659, 0xA659, 0xA659, 0xA659, 0xA659, 0xA659, 0xA659, 0xF7BE, 0xF7BE, 0xF7BE, 0x18C3, 0x18C3, 0x18C3, 0xA659, 0xA659, 0xA659, 0xA659, 0xA659, 0xA659, 0xA659, 0xA659, 0xD165, 0xD165, 0xD165, 0x256C, 0x256C,
        0x256C, 0x256C, 0xD165, 0xD165, 0xD165, 0xA659, 0xA659, 0xA659, 0xA659, 0xA659, 0xA659, 0xA659, 0xA659, 0xF7BE, 0xF7BE, 0xF7BE, 0x18C3, 0x18C3, 0x18C3, 0xA659, 0xA659, 0xA659, 0xA659, 0xA659, 0xA659, 0xA659, 0xA659, 0xD165, 0xD165, 0xD165, 0x256C, 0x256C,
        0x256C, 0x256C, 0xD165, 0xD165, 0xD165, 0xA659, 0xA659, 0xA659, 0xA659, 0xA659, 0xA659, 0xA659, 0xA659, 0xF7BE, 0xF7BE, 0xF7BE, 0x18C3, 0x18C3, 0x18C3, 0xA659, 0xA659, 0xA659, 0xA659, 0xA659, 0xA659, 0xA659, 0xA659, 0xD165, 0xD165, 0xD165, 0x256C, 0x256C,
        0x256C, 0x256C, 0xD165, 0xD165, 0xD165, 0xA659, 0xA659, 0xA659, 0xA659, 0xA659, 0xA659, 0xA659, 0xA659, 0x18C3, 0x18C3, 0x18C3, 0xF7BE, 0xF7BE, 0xF7BE, 0xA659, 0xA659, 0xA659, 0xA659, 0xA659, 0xA659, 0xA659, 0xA659, 0xD165, 0xD165, 0xD165, 0x256C, 0x256C,
        0x256C, 0x256C, 0xD165, 0xD165, 0xD165, 0xA659, 0xA659, 0xA659, 0xA659, 0xA659, 0xA659, 0xA659, 0xA659, 0x18C3, 0x18C3, 0x18C3, 0xF7BE, 0xF7BE, 0xF7BE, 0xA659, 0xA659, 0xA659, 0xA659, 0xA659, 0xA659, 0xA659, 0xA659, 0xD165, 0xD165, 0xD165, 0x256C, 0x256C,
        0x256C, 0x256C, 0xD165, 0xD165, 0xD165, 0xA659, 0xA659, 0xA659, 0xA659, 0xA659, 0xA659, 0xA659, 0xA659, 0x18C3, 0x18C3, 0x18C3, 0xF7BE, 0xF7BE, 0xF7BE, 0xA659, 0xA659, 0xA659, 0xA659, 0xA659, 0xA659, 0xA659, 0xA659, 0xD165, 0xD165, 0xD165, 0x256C, 0x256C,
        0x256C, 0x256C, 0xD165, 0xD165, 0xD165, 0xA659, 0xA659, 0xA659, 0xA659, 0xA659, 0xA659, 0xA659, 0xA659, 0x18C3, 0x18C3, 0x18C3, 0xF7BE, 0xF7BE, 0xF7BE, 0xA659, 0xA659, 0xA659, 0xA659, 0xA659, 0xA659, 0xA659, 0xA659, 0xD165, 0xD165, 0xD165, 0x256C, 0x256C,
        0x256C, 0x256C, 0xF79E, 0xF79E, 0xF79E, 0xA659, 0xA659, 0xA659, 0xA659, 0xA659, 0xA659, 0xA659, 0xA659, 0xF7BE, 0xF7BE, 0xF7BE, 0x18C3, 0x18C3, 0x18C3, 0xA659, 0xA659, 0xA659, 0xA659, 0xA659, 0xA659, 0xA659, 0xA659, 0xF79E, 0xF79E, 0xF79E, 0x256C, 0x256C,
        0x256C, 0x256C, 0xF79E, 0xF79E, 0xF79E, 0xA659, 0xA659, 0xA659, 0xA659, 0xA659, 0xA659, 0xA659, 0xA659, 0xF7BE, 0xF7BE, 0xF7BE, 0x18C3, 0x18C3, 0x18C3, 0xA659, 0xA659, 0xA659, 0xA659, 0xA659, 0xA659, 0xA659, 0xA659, 0xF79E, 0xF79E, 0xF79E, 0x256C, 0x256C,
        0x256C, 0x256C, 0xF79E, 0xF79E, 0xF79E, 0xA659, 0xA659, 0xA659, 0xA659, 0xA659, 0xA659, 0xA659, 0xA659, 0xF7BE, 0xF7BE, 0xF7BE, 0x18C3, 0x18C3, 0x18C3, 0xA659, 0xA659, 0xA659, 0xA659, 0xA659, 0xA659, 0xA659, 0xA659, 0xF79E, 0xF79E, 0xF79E, 0x256C, 0x256C,
        0x256C, 0x256C, 0xF79E, 0xF79E, 0xF79E, 0xA659, 0xA659, 0xA659, 0xA659, 0xA659, 0xA659, 0xA659, 0xA659, 0xF7BE, 0xF7BE, 0xF7BE, 0x18C3, 0x18C3, 0x18C3, 0xA659, 0xA659, 0xA659, 0xA659, 0xA659, 0xA659, 0xA659, 0xA659, 0xF79E, 0xF79E, 0xF79E, 0x256C, 0x256C,
        0x256C, 0x256C, 0xF79E, 0xF79E, 0xF79E, 0xA659, 0xA659, 0xA659, 0xA659, 0xA659, 0xA659, 0xA659, 0xA659, 0x18C3, 0x18C3, 0x18C3, 0xF7BE, 0xF7BE, 0xF7BE, 0xA659, 0xA659, 0xA659, 0xA659, 0xA659, 0xA659, 0xA659, 0xA659, 0xF79E, 0xF79E, 0xF79E, 0x256C, 0x256C,
        0x256C, 0x256C, 0xF79E, 0xF79E, 0xF79E, 0xA659, 0xA659, 0xA659, 0xA659, 0xA659, 0xA659, 0xA659, 0xA659, 0x18C3, 0x18C3, 0x18C3, 0xF7BE, 0xF7BE, 0xF7BE, 0xA659, 0xA659, 0xA659, 0xA659, 0xA659, 0xA659, 0xA659, 0xA659, 0xF79E, 0xF79E, 0xF79E, 0x256C, 0x256C,
        0x256C, 0x256C, 0xF79E, 0xF79E, 0xF79E, 0xA659, 0xA659, 0xA659, 0xA659, 0xA659, 0xA659, 0xA659, 0xA659, 0x18C3, 0x18C3, 0x18C3, 0xF7BE, 0xF7BE, 0xF7BE, 0xA659, 0xA659, 0xA659, 0xA659, 0xA659, 0xA659, 0xA659, 0xA659, 0xF79E, 0xF79E, 0xF79E, 0x256C, 0x256C,
        0x256C, 0x256C, 0xF79E, 0xF79E, 0xF79E, 0xA659, 0xA659, 0xA659, 0xA659, 0xA659, 0xA659, 0xA659, 0xA659, 0x18C3, 0x18C3, 0x18C3, 0xF7BE, 0xF7BE, 0xF7BE, 0xA659, 0xA659, 0xA659, 0xA659, 0xA659, 0xA659, 0xA659, 0xA659, 0xF79E, 0xF79E, 0xF79E, 0x256C, 0x256C,
        0x256C, 0x256C, 0xD165, 0xD165, 0xD165, 0xA659, 0xA659, 0xA659, 0xA659, 0xA659, 0xA659, 0xA659, 0xA659, 0xF7BE, 0xF7BE, 0xF7BE, 0x18C3, 0x18C3, 0x18C3, 0xA659, 0xA659, 0xA659, 0xA659, 0xA659, 0xA659, 0xA659, 0xA659, 0xD165, 0xD165, 0xD165, 0x256C, 0x256C,
        0x256C, 0x256C, 0xD165, 0xD165, 0xD165, 0xA659, 0xA659, 0xA659, 0xA659, 0xA659, 0xA659, 0xA659, 0xA659, 0xF7BE, 0xF7BE, 0xF7BE, 0x18C3, 0x18C3, 0x18C3, 0xA659, 0xA659, 0xA659, 0xA659, 0xA659, 0xA659, 0xA659, 0xA659, 0xD165, 0xD165, 0xD165, 0x256C, 0x256C,
        0x256C, 0x256C, 0xD165, 0xD165, 0xD165, 0xA659, 0xA659, 0xA659, 0xA659, 0xA659, 0xA659, 0xA659, 0xA659, 0xF7BE, 0xF7BE, 0xF7BE, 0x18C3, 0x18C3, 0x18C3, 0xA659, 0xA659, 0xA659, 0xA659, 0xA659, 0xA659, 0xA659, 0xA659, 0xD165, 0xD165, 0xD165, 0x256C, 0x256C,
        0x256C, 0x256C, 0xD165, 0xD165, 0xD165, 0xF79E, 0xF79E, 0xF79E, 0xD165, 0xD165, 0xD165, 0xD165, 0xD165, 0xF7BE, 0xF7BE, 0xF7BE, 0x18C3, 0x18C3, 0x18C3, 0xF79E, 0xF79E, 0xF79E, 0xF79E, 0xF79E, 0xD165, 0xD165, 0xD165, 0xD165, 0xD165, 0xD165, 0xD165, 0xD165,
        0x256C, 0x256C, 0xD165, 0xD165, 0xD165, 0xF79E, 0xF79E, 0xF79E, 0xD165, 0xD165, 0xD165, 0xD165, 0xD165, 0x18C3, 0x18C3, 0x18C3, 0xF7BE, 0xF7BE, 0xF7BE, 0xF79E, 0xF79E, 0xF79E, 0xF79E, 0xF79E, 0xD165, 0xD165, 0xD165, 0xD165, 0xD165, 0xD165, 0xD165, 0xD165,
        0x256C, 0x256C, 0xD165, 0xD165, 0xD165, 0xF79E, 0xF79E, 0xF79E, 0xD165, 0xD165, 0xD165, 0xD165, 0xD165, 0x18C3, 0x18C3, 0x18C3, 0xF7BE, 0xF7BE, 0xF7BE, 0xF79E, 0xF79E, 0xF79E, 0xF79E, 0xF79E, 0xD165, 0xD165, 0xD165, 0xD165, 0xD165, 0xD165, 0xD165, 0xD165,
        0x256C, 0x256C, 0xD165, 0xD165, 0xD165, 0x256C, 0x256C, 0x256C, 0x256C, 0x256C, 0x256C, 0x256C, 0x256C, 0x18C3, 0x18C3, 0x18C3, 0xF7BE, 0xF7BE, 0xF7BE, 0x256C, 0x256C, 0x256C, 0x256C, 0x256C, 0x256C, 0x256C, 0x256C, 0x256C, 0x256C, 0x256C, 0x256C, 0x256C,
        0x256C, 0x256C, 0xD165, 0xD165, 0xD165, 0x256C, 0x256C, 0x256C, 0x256C, 0x256C, 0x256C, 0x256C, 0x256C, 0x18C3, 0x18C3, 0x18C3, 0xF7BE, 0xF7BE, 0xF7BE, 0x256C, 0x256C, 0x256C, 0x256C, 0x256C, 0x256C, 0x256C, 0x256C, 0x256C, 0x256C, 0x256C, 0x256C, 0x256C
    },
    [TRACK_TILE_FINISH_01] = {
        0x256C, 0x256C, 0xF79E, 0xF79E, 0xF79E, 0xA659, 0xA659, 0xA659, 0xA659, 0xA659, 0xA659, 0xA659, 0xA659, 0xF7BE, 0xF7BE, 0xF7BE, 0x18C3, 0x18C3, 0x18C3, 0xA659, 0xA659, 0xA659, 0xA659, 0xA659, 0xA659, 0xA659, 0xA659, 0xF79E, 0xF79E, 0xF79E, 0x256C, 0x256C,
        0x256C, 0x256C, 0xF79E, 0xF79E, 0xF79E, 0xA659, 0xA659, 0xA659, 0xA659, 0xA659, 0xA659, 0xA659, 0xA659, 0xF7BE, 0xF7BE, 0xF7BE, 0x18C3, 0x18C3, 0x18C3, 0xA659, 0xA659, 0xA659, 0xA659, 0xA659, 0xA659, 0xA659, 0xA659, 0xF79E, 0xF79E, 0xF79E, 0x256C, 0x256C,
        0x256C, 0x256C, 0xF79E, 0xF79E, 0xF79E, 0xA659, 0xA659, 0xA659, 0xA659, 0xA659, 0xA659, 0xA659, 0xA659, 0xF7BE, 0xF7BE, 0xF7BE, 0x18C3, 0x18C3, 0x18C3, 0xA659, 0xA659, 0xA659, 0xA659, 0xA659, 0xA659, 0xA659, 0xA659, 0xF79E, 0xF79E, 0xF79E, 0x256C, 0x256C,
        0x256C, 0x256C, 0xF79E, 0xF79E, 0xF79E, 0xA659, 0xA659, 0xA659, 0xA659, 0xA659, 0xA659, 0xA659, 0xA659, 0xF7BE, 0xF7BE, 0xF7BE, 0x18C3, 0x18C3, 0x18C3, 0xA659, 0xA659, 0xA659, 0xA659, 0xA659, 0xA659, 0xA659, 0xA659, 0xF79E, 0xF79E, 0xF79E, 0x256C, 0x256C,
        0x256C, 0x256C, 0xF79E, 0xF79E, 0xF79E, 0xA659, 0xA659, 0xA659, 0xA659, 0xA659, 0xA659, 0xA659, 0xA659, 0x18C3, 0x18C3, 0x18C3, 0xF7BE, 0xF7BE, 0xF7BE, 0xA659, 0xA659, 0xA659, 0xA659, 0xA659, 0xA659, 0xA659, 0xA659, 0xF79E, 0xF79E, 0xF79E, 0x256C, 0x256C,
        0x256C, 0x256C, 0xF79E, 0xF79E, 0xF79E, 0xA659, 0xA659, 0xA659, 0xA659, 0xA659, 0xA659, 0xA659, 0xA659, 0x18C3, 0x18C3, 0x18C3, 0xF7BE, 0xF7BE, 0xF7BE, 0xA659, 0xA659, 0xA659, 0xA659, 0xA659, 0xA659, 0xA659, 0xA659, 0xF79E, 0xF79E, 0xF79E, 0x256C, 0x256C,
        0x256C, 0x256C, 0xF79E, 0xF79E, 0xF79E, 0xA659, 0xA659, 0xA659, 0xA659, 0xA659, 0xA659, 0xA659, 0xA659, 0x18C3, 0x18C3, 0x18C3, 0xF7BE, 0xF7BE, 0xF7BE, 0xA659, 0xA659, 0xA659, 0xA659, 0xA659, 0xA659, 0xA659, 0xA659, 0xF79E, 0xF79E, 0xF79E, 0x256C, 0x256C,
        0x256C, 0x256C, 0xF79E, 0xF79E, 0xF79E, 0xA659, 0xA659, 0xA659, 0xA659, 0xA659, 0xA659, 0xA659, 0xA659, 0x18C3, 0x18C3, 0x18C3, 0xF7BE, 0xF7BE, 0xF7BE, 0xA659, 0xA659, 0xA659, 0xA659, 0xA659, 0xA659, 0xA659, 0xA659, 0xF79E, 0xF79E, 0xF79E, 0x256C, 0x256C,
        0x256C, 0x256C, 0xD165, 0xD165, 0xD165, 0xA659, 0xA659, 0xA659, 0xA659, 0xA659, 0xA659, 0xA659, 0xA659, 0xF7BE, 0xF7BE, 0xF7BE, 0x18C3, 0x18C3, 0x18C3, 0xA659, 0xA659, 0xA659, 0xA659, 0xA659, 0xA659, 0xA659, 0xA659, 0xD165, 0xD165, 0xD165, 0x256C, 0x256C,
        0x256C, 0x256C, 0xD165, 0xD165, 0xD165, 0xA659, 0xA659, 0xA659, 0xA659, 0xA659, 0xA659, 0xA659, 0xA659, 0xF7BE, 0xF7BE, 0xF7BE, 0x18C3, 0x18C3, 0x18C3, 0xA659, 0xA659, 0xA659, 0xA659, 0xA659, 0xA659, 0xA659, 0xA659, 0xD165, 0xD165, 0xD165, 0x256C, 0x256C,
        0x256C, 0x256C, 0xD165, 0xD165, 0xD165, 0xA659, 0xA659, 0xA659, 0xA659, 0xA659, 0xA659, 0xA659, 0xA659, 0xF7BE, 0xF7BE, 0xF7BE, 0x18C3, 0x18C3, 0x18C3, 0xA659, 0xA659, 0xA659, 0xA659, 0xA659, 0xA659, 0xA659, 0xA659, 0xD165, 0xD165, 0xD165, 0x256C, 0x256C,
        0x256C, 0x256C, 0xD165, 0xD165, 0xD165, 0xA659, 0xA659, 0xA659, 0xA659, 0xA659, 0xA659, 0xA659, 0xA659, 0xF7BE, 0xF7BE, 0xF7BE, 0x18C3, 0x18C3, 0x18C3, 0xA659, 0xA659, 0xA659, 0xA659, 0xA659, 0xA659, 0xA659, 0xA659, 0xD165, 0xD165, 0xD165, 0x256C, 0x256C,
        0x256C, 0x256C, 0xD165, 0xD165, 0xD165, 0xA659, 0xA659, 0xA659, 0xA659, 0xA659, 0xA659, 0xA659, 0xA659, 0x18C3, 0x18C3, 0x18C3, 0xF7BE, 0xF7BE, 0xF7BE, 0xA659, 0xA659, 0xA659, 0xA659, 0xA659, 0xA659, 0xA659, 0xA659, 0xD165, 0xD165, 0xD165, 0x256C, 0x256C,
        0x256C, 0x256C, 0xD165, 0xD165, 0xD165, 0xA659, 0xA659, 0xA659, 0xA659, 0xA659, 0xA659, 0xA659, 0xA659, 0x18C3, 0x18C3, 0x18C3, 0xF7BE, 0xF7BE, 0xF7BE, 0xA659, 0xA659, 0xA659, 0xA659, 0xA659, 0xA659, 0xA659, 0xA659, 0xD165, 0xD165, 0xD165, 0x256C, 0x256C,
        0x256C, 0x256C, 0xD165, 0xD165, 0xD165, 0xA659, 0xA659, 0xA659, 0xA659, 0xA659, 0xA659, 0xA659, 0xA659, 0x18C3, 0x18C3, 0x18C3, 0xF7BE, 0xF7BE, 0xF7BE, 0xA659, 0xA659, 0xA659, 0xA659, 0xA659, 0xA659, 0xA659, 0xA659, 0xD165, 0xD165, 0xD165, 0x256C, 0x256C,
        0x256C, 0x256C, 0xD165, 0xD165, 0xD165, 0xA659, 0xA659, 0xA659, 0xA659, 0xA659, 0xA659, 0xA659, 0xA659, 0x18C3, 0x18C3, 0x18C3, 0xF7BE, 0xF7BE, 0xF7BE, 0xA659, 0xA659, 0xA659, 0xA659, 0xA659, 0xA659, 0xA659, 0xA659, 0xD165, 0xD165, 0xD165, 0x256C, 0x256C,
        0x256C, 0x256C, 0xF79E, 0xF79E, 0xF79E, 0xA659, 0xA659, 0xA659, 0xA659, 0xA659, 0xA659, 0xA659, 0xA659, 0xF7BE, 0xF7BE, 0xF7BE, 0x18C3, 0x18C3, 0x18C3, 0xA659, 0xA659, 0xA659, 0xA659, 0xA659, 0xA659, 0xA659, 0xA659, 0xF79E, 0xF79E, 0xF79E, 0x256C, 0x256C,
        0x256C, 0x256C, 0xF79E, 0xF79E, 0xF79E, 0xA659, 0xA659, 0xA659, 0xA659, 0xA659, 0xA659, 0xA659, 0xA659, 0xF7BE, 0xF7BE, 0xF7BE, 0x18C3, 0x18C3, 0x18C3, 0xA659, 0xA659, 0xA659, 0xA659, 0xA659, 0xA659, 0xA659, 0xA659, 0xF79E, 0xF79E, 0xF79E, 0x256C, 0x256C,
        0x256C, 0x256C, 0xF79E, 0xF79E, 0xF79E, 0xA659, 0xA659, 0xA659, 0xA659, 0xA659, 0xA659, 0xA659, 0xA659, 0xF7BE, 0xF7BE, 0xF7BE, 0x18C3, 0x18C3, 0x18C3, 0xA659, 0xA659, 0xA659, 0xA659, 0xA659, 0xA659, 0xA659, 0xA659, 0xF79E, 0xF79E, 0xF79E, 0x256C, 0x256C,
        0x256C, 0x256C, 0xF79E, 0xF79E, 0xF79E, 0xA659, 0xA659, 0xA659, 0xA659, 0xA659, 0xA659, 0xA659, 0xA659, 0xF7BE, 0xF7BE, 0xF7BE, 0x18C3, 0x18C3, 0x18C3, 0xA659, 0xA659, 0xA659, 0xA659, 0xA659, 0xA659, 0xA659, 0xA659, 0xF79E, 0xF79E, 0xF79E, 0x256C, 0x256C,
        0x256C, 0x256C, 0xF79E, 0xF79E, 0xF79E, 0xA659, 0xA659, 0xA659, 0xA659, 0xA659, 0xA659, 0xA659, 0xA659, 0x18C3, 0x18C3, 0x18C3, 0xF7BE, 0xF7BE, 0xF7BE, 0xA659, 0xA659, 0xA659, 0xA659, 0xA659, 0xA659, 0xA659, 0xA659, 0xF79E, 0xF79E, 0xF79E, 0x256C, 0x256C,
        0x256C, 0x256C, 0xF79E, 0xF79E, 0xF79E, 0xA659, 0xA659, 0xA659, 0xA659, 0xA659, 0xA659, 0xA659, 0xA659, 0x18C3, 0x18C3, 0x18C3, 0xF7BE, 0xF7BE, 0xF7BE, 0xA659, 0xA659, 0xA659, 0xA659, 0xA659, 0xA659, 0xA659, 0xA659, 0xF79E, 0xF79E, 0xF79E, 0x256C, 0x256C,
        0x256C, 0x256C, 0xF79E, 0xF79E, 0xF79E, 0xA659, 0xA659, 0xA659, 0xA659, 0xA659, 0xA659, 0xA659, 0xA659, 0x18C3, 0x18C3, 0x18C3, 0xF7BE, 0xF7BE, 0xF7BE, 0xA659, 0xA659, 0xA659, 0xA659, 0xA659, 0xA659, 0xA659, 0xA659, 0xF79E, 0xF79E, 0xF79E, 0x256C, 0x256C,
        0x256C, 0x256C, 0xF79E, 0xF79E, 0xF79E, 0xA659, 0xA659, 0xA659, 0xA659, 0xA659, 0xA659, 0xA659, 0xA659, 0x18C3, 0x18C3, 0x18C3, 0xF7BE, 0xF7BE, 0xF7BE, 0xA659, 0xA659, 0xA659, 0xA659, 0xA659, 0xA659, 0xA659, 0xA659, 0xF79E, 0xF79E, 0xF79E, 0x256C, 0x256C,
        0x256C, 0x256C, 0xD165, 0xD165, 0xD165, 0xA659, 0xA659, 0xA659, 0xA659, 0xA659, 0xA659, 0xA659, 0xA659, 0xF7BE, 0xF7BE, 0xF7BE, 0x18C3, 0x18C3, 0x18C3, 0xA659, 0xA659, 0xA659, 0xA659, 0xA659, 0xA659, 0xA659, 0xA659, 0xD165, 0xD165, 0xD165, 0x256C, 0x256C,
        0x256C, 0x256C, 0xD165, 0xD165, 0xD165, 0xA659, 0xA659, 0xA659, 0xA659, 0xA659, 0xA659, 0xA659, 0xA659, 0xF7BE, 0xF7BE, 0xF7BE, 0x18C3, 0x18C3, 0x18C3, 0xA659, 0xA659, 0xA659, 0xA659, 0xA659, 0xA659, 0xA659, 0xA659, 0xD165, 0xD165, 0xD165, 0x256C, 0x256C,
        0x256C, 0x256C, 0xD165, 0xD165, 0xD165, 0xA659, 0xA659, 0xA659, 0xA659, 0xA659, 0xA659, 0xA659, 0xA659, 0xF7BE, 0xF7BE, 0xF7BE, 0x18C3, 0x18C3, 0x18C3, 0xA659, 0xA659, 0xA659, 0xA659, 0xA659, 0xA659, 0xA659, 0xA659, 0xD165, 0xD165, 0xD165, 0x256C, 0x256C,
        0x256C, 0x256C, 0xD165, 0xD165, 0xD165, 0xF79E, 0xF79E, 0xF79E, 0xD165, 0xD165, 0xD165, 0xD165, 0xD165, 0xF7BE, 0xF7BE, 0xF7BE, 0x18C3, 0x18C3, 0x18C3, 0xF79E, 0xF79E, 0xF79E, 0xF79E, 0xF79E, 0xD165, 0xD165, 0xD165, 0xD165, 0xD165, 0xD165, 0xD165, 0xD165,
        0x256C, 0x256C, 0xD165, 0xD165, 0xD165, 0xF79E, 0xF79E, 0xF79E, 0xD165, 0xD165, 0xD165, 0xD165, 0xD165, 0x18C3, 0x18C3, 0x18C3, 0xF7BE, 0xF7BE, 0xF7BE, 0xF79E, 0xF79E, 0xF79E, 0xF79E, 0xF79E, 0xD165, 0xD165, 0xD165, 0xD165, 0xD165, 0xD165, 0xD165, 0xD165,
        0x256C, 0x256C, 0xD165, 0xD165, 0xD165, 0xF79E, 0xF79E, 0xF79E, 0xD165, 0xD165, 0xD165, 0xD165, 0xD165, 0x18C3, 0x18C3, 0x18C3, 0xF7BE, 0xF7BE, 0xF7BE, 0xF79E, 0xF79E, 0xF79E, 0xF79E, 0xF79E, 0xD165, 0xD165, 0xD165, 0xD165, 0xD165, 0xD165, 0xD165, 0xD165,
        0x256C, 0x256C, 0xD165, 0xD165, 0xD165, 0x256C, 0x256C, 0x256C, 0x256C, 0x256C, 0x256C, 0x256C, 0x256C, 0x18C3, 0x18C3, 0x18C3, 0xF7BE, 0xF7BE, 0xF7BE, 0x256C, 0x256C, 0x256C, 0x256C, 0x256C, 0x256C, 0x256C, 0x256C, 0x256C, 0x256C, 0x256C, 0x256C, 0x256C,
        0x256C, 0x256C, 0xD165, 0xD165, 0xD165, 0x256C, 0x256C, 0x256C, 0x256C, 0x256C, 0x256C, 0x256C, 0x256C, 0x18C3, 0x18C3, 0x18C3, 0xF7BE, 0xF7BE, 0xF7BE, 0x256C, 0x256C, 0x256C, 0x256C, 0x256C, 0x256C, 0x256C, 0x256C, 0x256C, 0x256C, 0x256C, 0x256C, 0x256C
    },
    [TRACK_TILE_FINISH_02] = {
        0x256C, 0x256C, 0xF79E, 0xF79E, 0xF79E, 0x256C, 0x256C, 0x256C, 0x256C, 0x256C, 0x256C, 0x256C, 0x256C, 0xF7BE, 0xF7BE, 0xF7BE, 0x18C3, 0x18C3, 0x18C3, 0x256C, 0x256C, 0x256C, 0x256C, 0x256C, 0x256C, 0x256C, 0x256C, 0x256C, 0x256C, 0x256C, 0x256C, 0x256C,
        0x256C, 0x256C, 0xF79E, 0xF79E, 0xF79E, 0x256C, 0x256C, 0x256C, 0x256C, 0x256C, 0x256C, 0x256C, 0x256C, 0xF7BE, 0xF7BE, 0xF7BE, 0x18C3, 0x18C3, 0x18C3, 0x256C, 0x256C, 0x256C, 0x256C, 0x256C, 0x256C, 0x256C, 0x256C, 0x256C, 0x256C, 0x256C, 0x256C, 0x256C,
        0x256C, 0x256C, 0xF79E, 0xF79E, 0xF79E, 0xF79E, 0xF79E, 0xF79E, 0xD165, 0xD165, 0xD165, 0xD165, 0xD165, 0xF7BE, 0xF7BE, 0xF7BE, 0x18C3, 0x18C3, 0x18C3, 0xF79E, 0xF79E, 0xF79E, 0xF79E, 0xF79E, 0xD165, 0xD165, 0xD165, 0xD165, 0xD165, 0xD165, 0xD165, 0xD165,
        0x256C, 0x256C, 0xF79E, 0xF79E, 0xF79E, 0xF79E, 0xF79E, 0xF79E, 0xD165, 0xD165, 0xD165, 0xD165, 0xD165, 0xF7BE, 0xF7BE, 0xF7BE, 0x18C3, 0x18C3, 0x18C3, 0xF79E, 0xF79E, 0xF79E, 0xF79E, 0xF79E, 0xD165, 0xD165, 0xD165, 0xD165, 0xD165, 0xD165, 0xD165, 0xD165,
        0x256C, 0x256C, 0xF79E, 0xF79E, 0xF79E, 0xF79E, 0xF79E, 0xF79E, 0xD165, 0xD165, 0xD165, 0xD165, 0xD165, 0x18C3, 0x18C3, 0x18C3, 0xF7BE, 0xF7BE, 0xF7BE, 0xF79E, 0xF79E, 0xF79E, 0xF79E, 0xF79E, 0xD165, 0xD165, 0xD165, 0xD165, 0xD165, 0xD165, 0xD165, 0xD165,
        0x256C, 0x256C, 0xF79E, 0xF79E, 0xF79E, 0xA659, 0xA659, 0xA659, 0xA659, 0xA659, 0xA659, 0xA659, 0xA659, 0x18C3, 0x18C3, 0x18C3, 0xF7BE, 0xF7BE, 0xF7BE, 0xA659, 0xA659, 0xA659, 0xA659, 0xA659, 0xA659, 0xA659, 0xA659, 0xA659, 0xA659, 0xA659, 0xA659, 0xA659,
        0x256C, 0x256C, 0xF79E, 0xF79E, 0xF79E, 0xA659, 0xA659, 0xA659, 0xA659, 0xA659, 0xA659, 0xA659, 0xA659, 0x18C3, 0x18C3, 0x18C3, 0xF7BE, 0xF7BE, 0xF7BE, 0xA659, 0xA659, 0xA659, 0xA659, 0xA659, 0xA659, 0xA659, 0xA659, 0xA659, 0xA659, 0xA659, 0xA659, 0xA659,
        0x256C, 0x256C, 0xF79E, 0xF79E, 0xF79E, 0xA659, 0xA659, 0xA659, 0xA659, 0xA659, 0xA659, 0xA659, 0xA659, 0x18C3, 0x18C3, 0x18C3, 0xF7BE, 0xF7BE, 0xF7BE, 0xA659, 0xA659, 0xA659, 0xA659, 0xA659, 0xA659, 0xA659, 0xA659, 0xA659, 0xA659, 0xA659, 0xA659, 0xA659,
        0x256C, 0x256C, 0xD165, 0xD165, 0xD165, 0xA659, 0xA659, 0xA659, 0xA659, 0xA659, 0xA659, 0xA659, 0xA659, 0xF7BE, 0xF7BE, 0xF7BE, 0x18C3, 0x18C3, 0x18C3, 0xA659, 0xA659, 0xA659, 0xA659, 0xA659, 0xA659, 0xA659, 0xA659, 0xA659, 0xA659, 0xA659, 0xA659, 0xA659,
        0x256C, 0x256C, 0xD165, 0xD165, 0xD165, 0xA659, 0xA659, 0xA659, 0xA659, 0xA659, 0xA659, 0xA659, 0xA659, 0xF7BE, 0xF7BE, 0xF7BE, 0x18C3, 0x18C3, 0x18C3, 0xA659, 0xA659, 0xA659, 0xA659, 0xA659, 0xA659, 0xA659, 0xA659, 0xA659, 0xA659, 0xA659, 0xA659, 0xA659,
        0x256C, 0x256C, 0xD165, 0xD165, 0xD165, 0xA659, 0xA659, 0xA659, 0xA659, 0xA659, 0xA659, 0xA659, 0xA659, 0xF7BE, 0xF7BE, 0xF7BE, 0x18C3, 0x18C3, 0x18C3, 0xA659, 0xA659, 0xA659, 0xA659, 0xA659, 0xA659, 0xA659, 0xA659, 0xA659, 0xA659, 0xA659, 0xA659, 0xA659,
        0x256C, 0x256C, 0xD165, 0xD165, 0xD165, 0xA659, 0xA659, 0xA659, 0xA659, 0xA659, 0xA659, 0xA659, 0xA659, 0xF7BE, 0xF7BE, 0xF7BE, 0x18C3, 0x18C3, 0x18C3, 0xA659, 0xA659, 0xA659, 0xA659, 0xA659, 0xA659, 0xA659, 0xA659, 0xA659, 0xA659, 0xA659, 0xA659, 0xA659,
        0x256C, 0x256C, 0xD165, 0xD165, 0xD165, 0xA659, 0xA659, 0xA659, 0xA659, 0xA659, 0xA659, 0xA659, 0xA659, 0x18C3, 0x18C3, 0x18C3, 0xF7BE, 0xF7BE, 0xF7BE, 0xA659, 0xA659, 0xA659, 0xA659, 0xA659, 0xA659, 0xA659, 0xA659, 0xA659, 0xA659, 0xA659, 0xA659, 0xA659,
        0x256C, 0x256C, 0xD165, 0xD165, 0xD165, 0xA659, 0xA659, 0xA659, 0xA659, 0xA659, 0xA659, 0xA659, 0xA659, 0x18C3, 0x18C3, 0x18C3, 0xF7BE, 0xF7BE, 0xF7BE, 0xA659, 0xA659, 0xA659, 0xA659, 0xA659, 0xA659, 0xA659, 0xA659, 0xA659, 0xA659, 0xA659, 0xA659, 0xA659,
        0x256C, 0x256C, 0xD165, 0xD165, 0xD165, 0xA659, 0xA659, 0xA659, 0xA659, 0xA659, 0xA659, 0xA659, 0xA659, 0x18C3, 0x18C3, 0x18C3, 0xF7BE, 0xF7BE, 0xF7BE, 0xA659, 0xA659, 0xA659, 0xA659, 0xA659, 0xA659, 0xA659, 0xA659, 0xA659, 0xA659, 0xA659, 0xA659, 0xA659,
        0x256C, 0x256C, 0xD165, 0xD165, 0xD165, 0xA659, 0xA659, 0xA659, 0xA659, 0xA659, 0xA659, 0xA659, 0xA659, 0x18C3, 0x18C3, 0x18C3, 0xF7BE, 0xF7BE, 0xF7BE, 0xA659, 0xA659, 0xA659, 0xA659, 0xA659, 0xA659, 0xA659, 0xA659, 0xA659, 0xA659, 0xA659, 0xA659, 0xA659,
        0x256C, 0x256C, 0xF79E, 0xF79E, 0xF79E, 0xA659, 0xA659, 0xA659, 0xA659, 0xA659, 0xA659, 0xA659, 0xA659, 0xF7BE, 0xF7BE, 0xF7BE, 0x18C3, 0x18C3, 0x18C3, 0xA659, 0xA659, 0xA659, 0xA659, 0xA659, 0xA659, 0xA659, 0xA659, 0xA659, 0xA659, 0xA659, 0xA659, 0xA659,
        0x256C, 0x256C, 0xF79E, 0xF79E, 0xF79E, 0xA659, 0xA659, 0xA659, 0xA659, 0xA659, 0xA659, 0xA659, 0xA659, 0xF7BE, 0xF7BE, 0xF7BE, 0x18C3, 0x18C3, 0x18C3, 0xA659, 0xA659, 0xA659, 0xA659, 0xA659, 0xA659, 0xA659, 0xA659, 0xA659, 0xA659, 0xA659, 0xA659, 0xA659,
        0x256C, 0x256C, 0xF79E, 0xF79E, 0xF79E, 0xA659, 0xA659, 0xA659, 0xA659, 0xA659, 0xA659, 0xA659, 0xA659, 0xF7BE, 0xF7BE, 0xF7BE, 0x18C3, 0x18C3, 0x18C3, 0xA659, 0xA659, 0xA659, 0xA659, 0xA659, 0xA659, 0xA659, 0xA659, 0xA659, 0xA659, 0xA659, 0xA659, 0xA659,
        0x256C, 0x256C, 0xF79E, 0xF79E, 0xF79E, 0xA659, 0xA659, 0xA659, 0xA659, 0xA659, 0xA659, 0xA659, 0xA659, 0xF7BE, 0xF7BE, 0xF7BE, 0x18C3, 0x18C3, 0x18C3, 0xA659, 0xA659, 0xA659, 0xA659, 0xA659, 0xA659, 0xA659, 0xA659, 0xA659, 0xA659, 0xA659, 0xA659, 0xA659,
        0x256C, 0x256C, 0xF79E, 0xF79E, 0xF79E, 0xA659, 0xA659, 0xA659, 0xA659, 0xA659, 0xA659, 0xA659, 0xA659, 0x18C3, 0x18C3, 0x18C3, 0xF7BE, 0xF7BE, 0xF7BE, 0xA659, 0xA659, 0xA659, 0xA659, 0xA659, 0xA659, 0xA659, 0xA659, 0xA659, 0xA659, 0xA659, 0xA659, 0xA659,
        0x256C, 0x256C, 0xF79E, 0xF79E, 0xF79E, 0xA659, 0xA659, 0xA659, 0xA659, 0xA659, 0xA659, 0xA659, 0xA659, 0x18C3, 0x18C3, 0x18C3, 0xF7BE, 0xF7BE, 0xF7BE, 0xA659, 0xA659, 0xA659, 0xA659, 0xA659, 0xA659, 0xA659, 0xA659, 0xA659, 0xA659, 0xA659, 0xA659, 0xA659,
        0x256C, 0x256C, 0xF79E, 0xF79E, 0xF79E, 0xA659, 0xA659, 0xA659, 0xA659, 0xA659, 0xA659, 0xA659, 0xA659, 0x18C3, 0x18C3, 0x18C3, 0xF7BE, 0xF7BE, 0xF7BE, 0xA659, 0xA659, 0xA659, 0xA659, 0xA659, 0xA659, 0xA659, 0xA659, 0xA659, 0xA659, 0xA659, 0xA659, 0xA659,
        0x256C, 0x256C, 0xF79E, 0xF79E, 0xF79E, 0xA659, 0xA659, 0xA659, 0xA659, 0xA659, 0xA659, 0xA659, 0xA659, 0x18C3, 0x18C3, 0x18C3, 0xF7BE, 0xF7BE, 0xF7BE, 0xA659, 0xA659, 0xA659, 0xA659, 0xA659, 0xA659, 0xA659, 0xA659, 0xA659, 0xA659, 0xA659, 0xA659, 0xA659,
        0x256C, 0x256C, 0xD165, 0xD165, 0xD165, 0xA659, 0xA659, 0xA659, 0xA659, 0xA659, 0xA659, 0xA659, 0xA659, 0xF7BE, 0xF7BE, 0xF7BE, 0x18C3, 0x18C3, 0x18C3, 0xA659, 0xA659, 0xA659, 0xA659, 0xA659, 0xA659, 0xA659, 0xA659, 0xA659, 0xA659, 0xA659, 0xA659, 0xA659,
        0x256C, 0x256C, 0xD165, 0xD165, 0xD165, 0xA659, 0xA659, 0xA659, 0xA659, 0xA659, 0xA659, 0xA659, 0xA659, 0xF7BE, 0xF7BE, 0xF7BE, 0x18C3, 0x18C3, 0x18C3, 0xA659, 0xA659, 0xA659, 0xA659, 0xA659, 0xA659, 0xA659, 0xA659, 0xA659, 0xA659, 0xA659, 0xA659, 0xA659,
        0x256C, 0x256C, 0xD165, 0xD165, 0xD165, 0xA659, 0xA659, 0xA659, 0xA659, 0xA659, 0xA659, 0xA659, 0xA659, 0xF7BE, 0xF7BE, 0xF7BE, 0x18C3, 0x18C3, 0x18C3, 0xA659, 0xA659, 0xA659, 0xA659, 0xA659, 0xA659, 0xA659, 0xA659, 0xA659, 0xA659, 0xA659, 0xA659, 0xA659,
        0x256C, 0x256C, 0xD165, 0xD165, 0xD165, 0xF79E, 0xF79E, 0xF79E, 0xD165, 0xD165, 0xD165, 0xD165, 0xD165, 0xF7BE, 0xF7BE, 0xF7BE, 0x18C3, 0x18C3, 0x18C3, 0xF79E, 0xF79E, 0xF79E, 0xF79E, 0xF79E, 0xD165, 0xD165, 0xD165, 0xD165, 0xD165, 0xD165, 0xD165, 0xD165,
        0x256C, 0x256C, 0xD165, 0xD165, 0xD165, 0xF79E, 0xF79E, 0xF79E, 0xD165, 0xD165, 0xD165, 0xD165, 0xD165, 0x18C3, 0x18C3, 0x18C3, 0xF7BE, 0xF7BE, 0xF7BE, 0xF79E, 0xF79E, 0xF79E, 0xF79E, 0xF79E, 0xD165, 0xD165, 0xD165, 0xD165, 0xD165, 0xD165, 0xD165, 0xD165,
        0x256C, 0x256C, 0xD165, 0xD165, 0xD165, 0xF79E, 0xF79E, 0xF79E, 0xD165, 0xD165, 0xD165, 0xD165, 0xD165, 0x18C3, 0x18C3, 0x18C3, 0xF7BE, 0xF7BE, 0xF7BE, 0xF79E, 0xF79E, 0xF79E, 0xF79E, 0xF79E, 0xD165, 0xD165, 0xD165, 0xD165, 0xD165, 0xD165, 0xD165, 0xD165,
        0x256C, 0x256C, 0xD165, 0xD165, 0xD165, 0x256C, 0x256C, 0x256C, 0x256C, 0x256C, 0x256C, 0x256C, 0x256C, 0x18C3, 0x18C3, 0x18C3, 0xF7BE, 0xF7BE, 0xF7BE, 0x256C, 0x256C, 0x256C, 0x256C, 0x256C, 0x256C, 0x256C, 0x256C, 0x256C, 0x256C, 0x256C, 0x256C, 0x256C,
        0x256C, 0x256C, 0xD165, 0xD165, 0xD165, 0x256C, 0x256C, 0x256C, 0x256C, 0x256C, 0x256C, 0x256C, 0x256C, 0x18C3, 0x18C3, 0x18C3, 0xF7BE, 0xF7BE, 0xF7BE, 0x256C, 0x256C, 0x256C, 0x256C, 0x256C, 0x256C, 0x256C, 0x256C, 0x256C, 0x256C, 0x256C, 0x256C, 0x256C
    },
    [TRACK_TILE_FINISH_03] = {
        0x256C, 0x256C, 0xF79E, 0xF79E, 0xF79E, 0xA659, 0xA659, 0xA659, 0xA659, 0xA659, 0xA659, 0xA659, 0xA659, 0xF7BE, 0xF7BE, 0xF7BE, 0x18C3, 0x18C3, 0x18C3, 0xA659, 0xA659, 0xA659, 0xA659, 0xA659, 0xA659, 0xA659, 0xA659, 0xA659, 0xA659, 0xA659, 0xA659, 0xA659,
        0x256C, 0x256C, 0xF79E, 0xF79E, 0xF79E, 0xA659, 0xA659, 0xA659, 0xA659, 0xA659, 0xA659, 0xA659, 0xA659, 0xF7BE, 0xF7BE, 0xF7BE, 0x18C3, 0x18C3, 0x18C3, 0xA659, 0xA659, 0xA659, 0xA659, 0xA659, 0xA659, 0xA659, 0xA659, 0xA659, 0xA659, 0xA659, 0xA659, 0xA659,
        0x256C, 0x256C, 0xF79E, 0xF79E, 0xF79E, 0xA659, 0xA659, 0xA659, 0xA659, 0xA659, 0xA659, 0xA659, 0xA659, 0xF7BE, 0xF7BE, 0xF7BE, 0x18C3, 0x18C3, 0x18C3, 0xA659, 0xA659, 0xA659, 0xA659, 0xA659, 0xA659, 0xA659, 0xA659, 0xA659, 0xA659, 0xA659, 0xA659, 0xA659,
        0x256C, 0x256C, 0xF79E, 0xF79E, 0xF79E, 0xA659, 0xA659, 0xA659, 0xA659, 0xA659, 0xA659, 0xA659, 0xA659, 0xF7BE, 0xF7BE, 0xF7BE, 0x18C3, 0x18C3, 0x18C3, 0xA659, 0xA659, 0xA659, 0xA659, 0xA659, 0xA659, 0xA659, 0xA659, 0xA659, 0xA659, 0xA659, 0xA659, 0xA659,
        0x256C, 0x256C, 0xF79E, 0xF79E, 0xF79E, 0xA659, 0xA659, 0xA659, 0xA659, 0xA659, 0xA659, 0xA659, 0xA659, 0x18C3, 0x18C3, 0x18C3, 0xF7BE, 0xF7BE, 0xF7BE, 0xA659, 0xA659, 0xA659, 0xA659, 0xA659, 0xA659, 0xA659, 0xA659, 0xA659, 0xA659, 0xA659, 0xA659, 0xA659,
        0x256C, 0x256C, 0xF79E, 0xF79E, 0xF79E, 0xA659, 0xA659, 0xA659, 0xA659, 0xA659, 0xA659, 0xA659, 0xA659, 0x18C3, 0x18C3, 0x18C3, 0xF7BE, 0xF7BE, 0xF7BE, 0xA659, 0xA659, 0xA659, 0xA659, 0xA659, 0xA659, 0xA659, 0xA659, 0xA659, 0xA659, 0xA659, 0xA659, 0xA659,
        0x256C, 0x256C, 0xF79E, 0xF79E, 0xF79E, 0xA659, 0xA659, 0xA659, 0xA659, 0xA659, 0xA659, 0xA659, 0xA659, 0x18C3, 0x18C3, 0x18C3, 0xF7BE, 0xF7BE, 0xF7BE, 0xA659, 0xA659, 0xA659, 0xA659, 0xA659, 0xA659, 0xA659, 0xA659, 0xA659, 0xA659, 0xA659, 0xA659, 0xA659,
        0x256C, 0x256C, 0xF79E, 0xF79E, 0xF79E, 0xA659, 0xA659, 0xA659, 0xA659, 0xA659, 0xA659, 0xA659, 0xA659, 0x18C3, 0x18C3, 0x18C3, 0xF7BE, 0xF7BE, 0xF7BE, 0xA659, 0xA659, 0xA659, 0xA659, 0xA659, 0xA659, 0xA659, 0xA659, 0xA659, 0xA659, 0xA659, 0xA659, 0xA659,
        0x256C, 0x256C, 0xD165, 0xD165, 0xD165, 0xA659, 0xA659, 0xA659, 0xA659, 0xA659, 0xA659, 0xA659, 0xA659, 0xF7BE, 0xF7BE, 0xF7BE, 0x18C3, 0x18C3, 0x18C3, 0xA659, 0xA659, 0xA659, 0xA659, 0xA659, 0xA659, 0xA659, 0xA659, 0xA659, 0xA659, 0xA659, 0xA659, 0xA659,
        0x256C, 0x256C, 0xD165, 0xD165, 0xD165, 0xA659, 0xA659, 0xA659, 0xA659, 0xA659, 0xA659, 0xA659, 0xA659, 0xF7BE, 0xF7BE, 0xF7BE, 0x18C3, 0x18C3, 0x18C3, 0xA659, 0xA659, 0xA659, 0xA659, 0xA659, 0xA659, 0xA659, 0xA659, 0xA659, 0xA659, 0xA659, 0xA659, 0xA659,
        0x256C, 0x256C, 0xD165, 0xD165, 0xD165, 0xA659, 0xA659, 0xA659, 0xA659, 0xA659, 0xA659, 0xA659, 0xA659, 0xF7BE, 0xF7BE, 0xF7BE, 0x18C3, 0x18C3, 0x18C3, 0xA659, 0xA659, 0xA659, 0xA659, 0xA659, 0xA659, 0xA659, 0xA659, 0xA659, 0xA659, 0xA659, 0xA659, 0xA659,
        0x256C, 0x256C, 0xD165, 0xD165, 0xD165, 0xA659, 0xA659, 0xA659, 0xA659, 0xA659, 0xA659, 0xA659, 0xA659, 0xF7BE, 0xF7BE, 0xF7BE, 0x18C3, 0x18C3, 0x18C3, 0xA659, 0xA659, 0xA659, 0xA659, 0xA659, 0xA659, 0xA659, 0xA659, 0xA659, 0xA659, 0xA659, 0xA659, 0xA659,
        0x256C, 0x256C, 0xD165, 0xD165, 0xD165, 0xA659, 0xA659, 0xA659, 0xA659, 0xA659, 0xA659, 0xA659, 0xA659, 0x18C3, 0x18C3, 0x18C3, 0xF7BE, 0xF7BE, 0xF7BE, 0xA659, 0xA659, 0xA659, 0xA659, 0xA659, 0xA659, 0xA659, 0xA659, 0xA659, 0xA659, 0xA659, 0xA659, 0xA659,
        0x256C, 0x256C, 0xD165, 0xD165, 0xD165, 0xA659, 0xA659, 0xA659, 0xA659, 0xA659, 0xA659, 0xA659, 0xA659, 0x18C3, 0x18C3, 0x18C3, 0xF7BE, 0xF7BE, 0xF7BE, 0xA659, 0xA659, 0xA659, 0xA659, 0xA659, 0xA659, 0xA659, 0xA659, 0xA659, 0xA659, 0xA659, 0xA659, 0xA659,
        0x256C, 0x256C, 0xD165, 0xD165, 0xD165, 0xA659, 0xA659, 0xA659, 0xA659, 0xA659, 0xA659, 0xA659, 0xA659, 0x18C3, 0x18C3, 0x18C3, 0xF7BE, 0xF7BE, 0xF7BE, 0xA659, 0xA659, 0xA659, 0xA659, 0xA659, 0xA659, 0xA659, 0xA659, 0xA659, 0xA659, 0xA659, 0xA659, 0xA659,
        0x256C, 0x256C, 0xD165, 0xD165, 0xD165, 0xA659, 0xA659, 0xA659, 0xA659, 0xA659, 0xA659, 0xA659, 0xA659, 0x18C3, 0x18C3, 0x18C3, 0xF7BE, 0xF7BE, 0xF7BE, 0xA659, 0xA659, 0xA659, 0xA659, 0xA659, 0xA659, 0xA659, 0xA659, 0xA659, 0xA659, 0xA659, 0xA659, 0xA659,
        0x256C, 0x256C, 0xF79E, 0xF79E, 0xF79E, 0xA659, 0xA659, 0xA659, 0xA659, 0xA659, 0xA659, 0xA659, 0xA659, 0xF7BE, 0xF7BE, 0xF7BE, 0x18C3, 0x18C3, 0x18C3, 0xA659, 0xA659, 0xA659, 0xA659, 0xA659, 0xA659, 0xA659, 0xA659, 0xA659, 0xA659, 0xA659, 0xA659, 0xA659,
        0x256C, 0x256C, 0xF79E, 0xF79E, 0xF79E, 0xA659, 0xA659, 0xA659, 0xA659, 0xA659, 0xA659, 0xA659, 0xA659, 0xF7BE, 0xF7BE, 0xF7BE, 0x18C3, 0x18C3, 0x18C3, 0xA659, 0xA659, 0xA659, 0xA659, 0xA659, 0xA659, 0xA659, 0xA659, 0xA659, 0xA659, 0xA659, 0xA659, 0xA659,
        0x256C, 0x256C, 0xF79E, 0xF79E, 0xF79E, 0xA659, 0xA659, 0xA659, 0xA659, 0xA659, 0xA659, 0xA659, 0xA659, 0xF7BE, 0xF7BE, 0xF7BE, 0x18C3, 0x18C3, 0x18C3, 0xA659, 0xA659, 0xA659, 0xA659, 0xA659, 0xA659, 0xA659, 0xA659, 0xA659, 0xA659, 0xA659, 0xA659, 0xA659,
        0x256C, 0x256C, 0xF79E, 0xF79E, 0xF79E, 0xA659, 0xA659, 0xA659, 0xA659, 0xA659, 0xA659, 0xA659, 0xA659, 0xF7BE, 0xF7BE, 0xF7BE, 0x18C3, 0x18C3, 0x18C3, 0xA659, 0xA659, 0xA659, 0xA659, 0xA659, 0xA659, 0xA659, 0xA659, 0xA659, 0xA659, 0xA659, 0xA659, 0xA659,
        0x256C, 0x256C, 0xF79E, 0xF79E, 0xF79E, 0xA659, 0xA659, 0xA659, 0xA659, 0xA659, 0xA659, 0xA659, 0xA659, 0x18C3, 0x18C3, 0x18C3, 0xF7BE, 0xF7BE, 0xF7BE, 0xA659, 0xA659, 0xA659, 0xA659, 0xA659, 0xA659, 0xA659, 0xA659, 0xA659, 0xA659, 0xA659, 0xA659, 0xA659,
        0x256C, 0x256C, 0xF79E, 0xF79E, 0xF79E, 0xA659, 0xA659, 0xA659, 0xA659, 0xA659, 0xA659, 0xA659, 0xA659, 0x18C3, 0x18C3, 0x18C3, 0xF7BE, 0xF7BE, 0xF7BE, 0xA659, 0xA659, 0xA659, 0xA659, 0xA659, 0xA659, 0xA659, 0xA659, 0xA659, 0xA659, 0xA659, 0xA659, 0xA659,
        0x256C, 0x256C, 0xF79E, 0xF79E, 0xF79E, 0xA659, 0xA659, 0xA659, 0xA659, 0xA659, 0xA659, 0xA659, 0xA659, 0x18C3, 0x18C3, 0x18C3, 0xF7BE, 0xF7BE, 0xF7BE, 0xA659, 0xA659, 0xA659, 0xA659, 0xA659, 0xA659, 0xA659, 0xA659, 0xA659, 0xA659, 0xA659, 0xA659, 0xA659,
        0x256C, 0x256C, 0xF79E, 0xF79E, 0xF79E, 0xA659, 0xA659, 0xA659, 0xA659, 0xA659, 0xA659, 0xA659, 0xA659, 0x18C3, 0x18C3, 0x18C3, 0xF7BE, 0xF7BE, 0xF7BE, 0xA659, 0xA659, 0xA659, 0xA659, 0xA659, 0xA659, 0xA659, 0xA659, 0xA659, 0xA659, 0xA659, 0xA659, 0xA659,
        0x256C, 0x256C, 0xD165, 0xD165, 0xD165, 0xA659, 0xA659, 0xA659, 0xA659, 0xA659, 0xA659, 0xA659, 0xA659, 0xF7BE, 0xF7BE, 0xF7BE, 0x18C3, 0x18C3, 0x18C3, 0xA659, 0xA659, 0xA659, 0xA659, 0xA659, 0xA659, 0xA659, 0xA659, 0xA659, 0xA659, 0xA659, 0xA659, 0xA659,
        0x256C, 0x256C, 0xD165, 0xD165, 0xD165, 0xA659, 0xA659, 0xA659, 0xA659, 0xA659, 0xA659, 0xA659, 0xA659, 0xF7BE, 0xF7BE, 0xF7BE, 0x18C3, 0x18C3, 0x18C3, 0xA659, 0xA659, 0xA659, 0xA659, 0xA659, 0xA659, 0xA659, 0xA659, 0xA659, 0xA659, 0xA659, 0xA659, 0xA659,
        0x256C, 0x256C, 0xD165, 0xD165, 0xD165, 0xA659, 0xA659, 0xA659, 0xA659, 0xA659, 0xA659, 0xA659, 0xA659, 0xF7BE, 0xF7BE, 0xF7BE, 0x18C3, 0x18C3, 0x18C3, 0xA659, 0xA659, 0xA659, 0xA659, 0xA659, 0xA659, 0xA659, 0xA659, 0xA659, 0xA659, 0xA659, 0xA659, 0xA659,
        0x256C, 0x256C, 0xD165, 0xD165, 0xD165, 0xF79E, 0xF79E, 0xF79E, 0xD165, 0xD165, 0xD165, 0xD165, 0xD165, 0xF7BE, 0xF7BE, 0xF7BE, 0x18C3, 0x18C3, 0x18C3, 0xF79E, 0xF79E, 0xF79E, 0xF79E, 0xF79E, 0xD165, 0xD165, 0xD165, 0xD165, 0xD165, 0xD165, 0xD165, 0xD165,
        0x256C, 0x256C, 0xD165, 0xD165, 0xD165, 0xF79E, 0xF79E, 0xF79E, 0xD165, 0xD165, 0xD165, 0xD165, 0xD165, 0x18C3, 0x18C3, 0x18C3, 0xF7BE, 0xF7BE, 0xF7BE, 0xF79E, 0xF79E, 0xF79E, 0xF79E, 0xF79E, 0xD165, 0xD165, 0xD165, 0xD165, 0xD165, 0xD165, 0xD165, 0xD165,
        0x256C, 0x256C, 0xD165, 0xD165, 0xD165, 0xF79E, 0xF79E, 0xF79E, 0xD165, 0xD165, 0xD165, 0xD165, 0xD165, 0x18C3, 0x18C3, 0x18C3, 0xF7BE, 0xF7BE, 0xF7BE, 0xF79E, 0xF79E, 0xF79E, 0xF79E, 0xF79E, 0xD165, 0xD165, 0xD165, 0xD165, 0xD165, 0xD165, 0xD165, 0xD165,
        0x256C, 0x256C, 0xD165, 0xD165, 0xD165, 0x256C, 0x256C, 0x256C, 0x256C, 0x256C, 0x256C, 0x256C, 0x256C, 0x18C3, 0x18C3, 0x18C3, 0xF7BE, 0xF7BE, 0xF7BE, 0x256C, 0x256C, 0x256C, 0x256C, 0x256C, 0x256C, 0x256C, 0x256C, 0x256C, 0x256C, 0x256C, 0x256C, 0x256C,
        0x256C, 0x256C, 0xD165, 0xD165, 0xD165, 0x256C, 0x256C, 0x256C, 0x256C, 0x256C, 0x256C, 0x256C, 0x256C, 0x18C3, 0x18C3, 0x18C3, 0xF7BE, 0xF7BE, 0xF7BE, 0x256C, 0x256C, 0x256C, 0x256C, 0x256C, 0x256C, 0x256C, 0x256C, 0x256C, 0x256C, 0x256C, 0x256C, 0x256C
    },
    [TRACK_TILE_FINISH_04] = {
        0x256C, 0x256C, 0xF79E, 0xF79E, 0xF79E, 0x256C, 0x256C, 0x256C, 0x256C, 0x256C, 0x256C, 0x256C, 0x256C, 0xF7BE, 0xF7BE, 0xF7BE, 0x18C3, 0x18C3, 0x18C3, 0x256C, 0x256C, 0x256C, 0x256C, 0x256C, 0x256C, 0x256C, 0x256C, 0xF79E, 0xF79E, 0xF79E, 0x256C, 0x256C,
        0x256C, 0x256C, 0xF79E, 0xF79E, 0xF79E, 0x256C, 0x256C, 0x256C, 0x256C, 0x256C, 0x256C, 0x256C, 0x256C, 0xF7BE, 0xF7BE, 0xF7BE, 0x18C3, 0x18C3, 0x18C3, 0x256C, 0x256C, 0x256C, 0x256C, 0x256C, 0x256C, 0x256C, 0x256C, 0xF79E, 0xF79E, 0xF79E, 0x256C, 0x256C,
        0x256C, 0x256C, 0xF79E, 0xF79E, 0xF79E, 0xF79E, 0xF79E, 0xF79E, 0xD165, 0xD165, 0xD165, 0xD165, 0xD165, 0xF7BE, 0xF7BE, 0xF7BE, 0x18C3, 0x18C3, 0x18C3, 0xF79E, 0xF79E, 0xF79E, 0xF79E, 0xF79E, 0xD165, 0xD165, 0xD165, 0xF79E, 0xF79E, 0xF79E, 0x256C, 0x256C,
        0x256C, 0x256C, 0xF79E, 0xF79E, 0xF79E, 0xF79E, 0xF79E, 0xF79E, 0xD165, 0xD165, 0xD165, 0xD165, 0xD165, 0xF7BE, 0xF7BE, 0xF7BE, 0x18C3, 0x18C3, 0x18C3, 0xF79E, 0xF79E, 0xF79E, 0xF79E, 0xF79E, 0xD165, 0xD165, 0xD165, 0xF79E, 0xF79E, 0xF79E, 0x256C, 0x256C,
        0x256C, 0x256C, 0xF79E, 0xF79E, 0xF79E, 0xF79E, 0xF79E, 0xF79E, 0xD165, 0xD165, 0xD165, 0xD165, 0xD165, 0x18C3, 0x18C3, 0x18C3, 0xF7BE, 0xF7BE, 0xF7BE, 0xF79E, 0xF79E, 0xF79E, 0xF79E, 0xF79E, 0xD165, 0xD165, 0xD165, 0xF79E, 0xF79E, 0xF79E, 0x256C, 0x256C,
        0x256C, 0x256C, 0xF79E, 0xF79E, 0xF79E, 0xA659, 0xA659, 0xA659, 0xA659, 0xA659, 0xA659, 0xA659, 0xA659, 0x18C3, 0x18C3, 0x18C3, 0xF7BE, 0xF7BE, 0xF7BE, 0xA659, 0xA659, 0xA659, 0xA659, 0xA659, 0xA659, 0xA659, 0xA659, 0xF79E, 0xF79E, 0xF79E, 0x256C, 0x256C,
        0x256C, 0x256C, 0xF79E, 0xF79E, 0xF79E, 0xA659, 0xA659, 0xA659, 0xA659, 0xA659, 0xA659, 0xA659, 0xA659, 0x18C3, 0x18C3, 0x18C3, 0xF7BE, 0xF7BE, 0xF7BE, 0xA659, 0xA659, 0xA659, 0xA659, 0xA659, 0xA659, 0xA659, 0xA659, 0xF79E, 0xF79E, 0xF79E, 0x256C, 0x256C,
        0x256C, 0x256C, 0xF79E, 0xF79E, 0xF79E, 0xA659, 0xA659, 0xA659, 0xA659, 0xA659, 0xA659, 0xA659, 0xA659, 0x18C3, 0x18C3, 0x18C3, 0xF7BE, 0xF7BE, 0xF7BE, 0xA659, 0xA659, 0xA659, 0xA659, 0xA659, 0xA659, 0xA659, 0xA659, 0xF79E, 0xF79E, 0xF79E, 0x256C, 0x256C,
        0x256C, 0x256C, 0xD165, 0xD165, 0xD165, 0xA659, 0xA659, 0xA659, 0xA659, 0xA659, 0xA659, 0xA659, 0xA659, 0xF7BE, 0xF7BE, 0xF7BE, 0x18C3, 0x18C3, 0x18C3, 0xA659, 0xA659, 0xA659, 0xA659, 0xA659, 0xA659, 0xA659, 0xA659, 0xD165, 0xD165, 0xD165, 0x256C, 0x256C,
        0x256C, 0x256C, 0xD165, 0xD165, 0xD165, 0xA659, 0xA659, 0xA659, 0xA659, 0xA659, 0xA659, 0xA659, 0xA659, 0xF7BE, 0xF7BE, 0xF7BE, 0x18C3, 0x18C3, 0x18C3, 0xA659, 0xA659, 0xA659, 0xA659, 0xA659, 0xA659, 0xA659, 0xA659, 0xD165, 0xD165, 0xD165, 0x256C, 0x256C,
        0x256C, 0x256C, 0xD165, 0xD165, 0xD165, 0xA659, 0xA659, 0xA659, 0xA659, 0xA659, 0xA659, 0xA659, 0xA659, 0xF7BE, 0xF7BE, 0xF7BE, 0x18C3, 0x18C3, 0x18C3, 0xA659, 0xA659, 0xA659, 0xA659, 0xA659, 0xA659, 0xA659, 0xA659, 0xD165, 0xD165, 0xD165, 0x256C, 0x256C,
        0x256C, 0x256C, 0xD165, 0xD165, 0xD165, 0xA659, 0xA659, 0xA659, 0xA659, 0xA659, 0xA659, 0xA659, 0xA659, 0xF7BE, 0xF7BE, 0xF7BE, 0x18C3, 0x18C3, 0x18C3, 0xA659, 0xA659, 0xA659, 0xA659, 0xA659, 0xA659, 0xA659, 0xA659, 0xD165, 0xD165, 0xD165, 0x256C, 0x256C,
        0x256C, 0x256C, 0xD165, 0xD165, 0xD165, 0xA659, 0xA659, 0xA659, 0xA659, 0xA659, 0xA659, 0xA659, 0xA659, 0x18C3, 0x18C3, 0x18C3, 0xF7BE, 0xF7BE, 0xF7BE, 0xA659, 0xA659, 0xA659, 0xA659, 0xA659, 0xA659, 0xA659, 0xA659, 0xD165, 0xD165, 0xD165, 0x256C, 0x256C,
        0x256C, 0x256C, 0xD165, 0xD165, 0xD165, 0xA659, 0xA659, 0xA659, 0xA659, 0xA659, 0xA659, 0xA659, 0xA659, 0x18C3, 0x18C3, 0x18C3, 0xF7BE, 0xF7BE, 0xF7BE, 0xA659, 0xA659, 0xA659, 0xA659, 0xA659, 0xA659, 0xA659, 0xA659, 0xD165, 0xD165, 0xD165, 0x256C, 0x256C,
        0x256C, 0x256C, 0xD165, 0xD165, 0xD165, 0xA659, 0xA659, 0xA659, 0xA659, 0xA659, 0xA659, 0xA659, 0xA659, 0x18C3, 0x18C3, 0x18C3, 0xF7BE, 0xF7BE, 0xF7BE, 0xA659, 0xA659, 0xA659, 0xA659, 0xA659, 0xA659, 0xA659, 0xA659, 0xD165, 0xD165, 0xD165, 0x256C, 0x256C,
        0x256C, 0x256C, 0xD165, 0xD165, 0xD165, 0xA659, 0xA659, 0xA659, 0xA659, 0xA659, 0xA659, 0xA659, 0xA659, 0x18C3, 0x18C3, 0x18C3, 0xF7BE, 0xF7BE, 0xF7BE, 0xA659, 0xA659, 0xA659, 0xA659, 0xA659, 0xA659, 0xA659, 0xA659, 0xD165, 0xD165, 0xD165, 0x256C, 0x256C,
        0x256C, 0x256C, 0xF79E, 0xF79E, 0xF79E, 0xA659, 0xA659, 0xA659, 0xA659, 0xA659, 0xA659, 0xA659, 0xA659, 0xF7BE, 0xF7BE, 0xF7BE, 0x18C3, 0x18C3, 0x18C3, 0xA659, 0xA659, 0xA659, 0xA659, 0xA659, 0xA659, 0xA659, 0xA659, 0xF79E, 0xF79E, 0xF79E, 0x256C, 0x256C,
        0x256C, 0x256C, 0xF79E, 0xF79E, 0xF79E, 0xA659, 0xA659, 0xA659, 0xA659, 0xA659, 0xA659, 0xA659, 0xA659, 0xF7BE, 0xF7BE, 0xF7BE, 0x18C3, 0x18C3, 0x18C3, 0xA659, 0xA659, 0xA659, 0xA659, 0xA659, 0xA659, 0xA659, 0xA659, 0xF79E, 0xF79E, 0xF79E, 0x256C, 0x256C,
        0x256C, 0x256C, 0xF79E, 0xF79E, 0xF79E, 0xA659, 0xA659, 0xA659, 0xA659, 0xA659, 0xA659, 0xA659, 0xA659, 0xF7BE, 0xF7BE, 0xF7BE, 0x18C3, 0x18C3, 0x18C3, 0xA659, 0xA659, 0xA659, 0xA659, 0xA659, 0xA659, 0xA659, 0xA659, 0xF79E, 0xF79E, 0xF79E, 0x256C, 0x256C,
        0x256C, 0x256C, 0xF79E, 0xF79E, 0xF79E, 0xA659, 0xA659, 0xA659, 0xA659, 0xA659, 0xA659, 0xA659, 0xA659, 0xF7BE, 0xF7BE, 0xF7BE, 0x18C3, 0x18C3, 0x18C3, 0xA659, 0xA659, 0xA659, 0xA659, 0xA659, 0xA659, 0xA659, 0xA659, 0xF79E, 0xF79E, 0xF79E, 0x256C, 0x256C,
        0x256C, 0x256C, 0xF79E, 0xF79E, 0xF79E, 0xA659, 0xA659, 0xA659, 0xA659, 0xA659, 0xA659, 0xA659, 0xA659, 0x18C3, 0x18C3, 0x18C3, 0xF7BE, 0xF7BE, 0xF7BE, 0xA659, 0xA659, 0xA659, 0xA659, 0xA659, 0xA659, 0xA659, 0xA659, 0xF79E, 0xF79E, 0xF79E, 0x256C, 0x256C,
        0x256C, 0x256C, 0xF79E, 0xF79E, 0xF79E, 0xA659, 0xA659, 0xA659, 0xA659, 0xA659, 0xA659, 0xA659, 0xA659, 0x18C3, 0x18C3, 0x18C3, 0xF7BE, 0xF7BE, 0xF7BE, 0xA659, 0xA659, 0xA659, 0xA659, 0xA659, 0xA659, 0xA659, 0xA659, 0xF79E, 0xF79E, 0xF79E, 0x256C, 0x256C,
        0x256C, 0x256C, 0xF79E, 0xF79E, 0xF79E, 0xA659, 0xA659, 0xA659, 0xA659, 0xA659, 0xA659, 0xA659, 0xA659, 0x18C3, 0x18C3, 0x18C3, 0xF7BE, 0xF7BE, 0xF7BE, 0xA659, 0xA659, 0xA659, 0xA659, 0xA659, 0xA659, 0xA659, 0xA659, 0xF79E, 0xF79E, 0xF79E, 0x256C, 0x256C,
        0x256C, 0x256C, 0xF79E, 0xF79E, 0xF79E, 0xA659, 0xA659, 0xA659, 0xA659, 0xA659, 0xA659, 0xA659, 0xA659, 0x18C3, 0x18C3, 0x18C3, 0xF7BE, 0xF7BE, 0xF7BE, 0xA659, 0xA659, 0xA659, 0xA659, 0xA659, 0xA659, 0xA659, 0xA659, 0xF79E, 0xF79E, 0xF79E, 0x256C, 0x256C,
        0x256C, 0x256C, 0xD165, 0xD165, 0xD165, 0xA659, 0xA659, 0xA659, 0xA659, 0xA659, 0xA659, 0xA659, 0xA659, 0xF7BE, 0xF7BE, 0xF7BE, 0x18C3, 0x18C3, 0x18C3, 0xA659, 0xA659, 0xA659, 0xA659, 0xA659, 0xA659, 0xA659, 0xA659, 0xD165, 0xD165, 0xD165, 0x256C, 0x256C,
        0x256C, 0x256C, 0xD165, 0xD165, 0xD165, 0xA659, 0xA659, 0xA659, 0xA659, 0xA659, 0xA659, 0xA659, 0xA659, 0xF7BE, 0xF7BE, 0xF7BE, 0x18C3, 0x18C3, 0x18C3, 0xA659, 0xA659, 0xA659, 0xA659, 0xA659, 0xA659, 0xA659, 0xA659, 0xD165, 0xD165, 0xD165, 0x256C, 0x256C,
        0x256C, 0x256C, 0xD165, 0xD165, 0xD165, 0xA659, 0xA659, 0xA659, 0xA659, 0xA659, 0xA659, 0xA659, 0xA659, 0xF7BE, 0xF7BE, 0xF7BE, 0x18C3, 0x18C3, 0x18C3, 0xA659, 0xA659, 0xA659, 0xA659, 0xA659, 0xA659, 0xA659, 0xA659, 0xD165, 0xD165, 0xD165, 0x256C, 0x256C,
        0x256C, 0x256C, 0xD165, 0xD165, 0xD165, 0xA659, 0xA659, 0xA659, 0xA659, 0xA659, 0xA659, 0xA659, 0xA659, 0xF7BE, 0xF7BE, 0xF7BE, 0x18C3, 0x18C3, 0x18C3, 0xA659, 0xA659, 0xA659, 0xA659, 0xA659, 0xA659, 0xA659, 0xA659, 0xD165, 0xD165, 0xD165, 0x256C, 0x256C,
        0x256C, 0x256C, 0xD165, 0xD165, 0xD165, 0xA659, 0xA659, 0xA659, 0xA659, 0xA659, 0xA659, 0xA659, 0xA659, 0x18C3, 0x18C3, 0x18C3, 0xF7BE, 0xF7BE, 0xF7BE, 0xA659, 0xA659, 0xA659, 0xA659, 0xA659, 0xA659, 0xA659, 0xA659, 0xD165, 0xD165, 0xD165, 0x256C, 0x256C,
        0x256C, 0x256C, 0xD165, 0xD165, 0xD165, 0xA659, 0xA659, 0xA659, 0xA659, 0xA659, 0xA659, 0xA659, 0xA659, 0x18C3, 0x18C3, 0x18C3, 0xF7BE, 0xF7BE, 0xF7BE, 0xA659, 0xA659, 0xA659, 0xA659, 0xA659, 0xA659, 0xA659, 0xA659, 0xD165, 0xD165, 0xD165, 0x256C, 0x256C,
        0x256C, 0x256C, 0xD165, 0xD165, 0xD165, 0xA659, 0xA659, 0xA659, 0xA659, 0xA659, 0xA659, 0xA659, 0xA659, 0x18C3, 0x18C3, 0x18C3, 0xF7BE, 0xF7BE, 0xF7BE, 0xA659, 0xA659, 0xA659, 0xA659, 0xA659, 0xA659, 0xA659, 0xA659, 0xD165, 0xD165, 0xD165, 0x256C, 0x256C,
        0x256C, 0x256C, 0xD165, 0xD165, 0xD165, 0xA659, 0xA659, 0xA659, 0xA659, 0xA659, 0xA659, 0xA659, 0xA659, 0x18C3, 0x18C3, 0x18C3, 0xF7BE, 0xF7BE, 0xF7BE, 0xA659, 0xA659, 0xA659, 0xA659, 0xA659, 0xA659, 0xA659, 0xA659, 0xD165, 0xD165, 0xD165, 0x256C, 0x256C
    },
    [TRACK_TILE_FINISH_05] = {
        0x256C, 0x256C, 0xF79E, 0xF79E, 0xF79E, 0xA659, 0xA659, 0xA659, 0xA659, 0xA659, 0xA659, 0xA659, 0xA659, 0xF7BE, 0xF7BE, 0xF7BE, 0x18C3, 0x18C3, 0x18C3, 0xA659, 0xA659, 0xA659, 0xA659, 0xA659, 0xA659, 0xA659, 0xA659, 0xF79E, 0xF79E, 0xF79E, 0x256C, 0x256C,
        0x256C, 0x256C, 0xF79E, 0xF79E, 0xF79E, 0xA659, 0xA659, 0xA659, 0xA659, 0xA659, 0xA659, 0xA659, 0xA659, 0xF7BE, 0xF7BE, 0xF7BE, 0x18C3, 0x18C3, 0x18C3, 0xA659, 0xA659, 0xA659, 0xA659, 0xA659, 0xA659, 0xA659, 0xA659, 0xF79E, 0xF79E, 0xF79E, 0x256C, 0x256C,
        0x256C, 0x256C, 0xF79E, 0xF79E, 0xF79E, 0xA659, 0xA659, 0xA659, 0xA659, 0xA659, 0xA659, 0xA659, 0xA659, 0xF7BE, 0xF7BE, 0xF7BE, 0x18C3, 0x18C3, 0x18C3, 0xA659, 0xA659, 0xA659, 0xA659, 0xA659, 0xA659, 0xA659, 0xA659, 0xF79E, 0xF79E, 0xF79E, 0x256C, 0x256C,
        0x256C, 0x256C, 0xF79E, 0xF79E, 0xF79E, 0xA659, 0xA659, 0xA659, 0xA659, 0xA659, 0xA659, 0xA659, 0xA659, 0xF7BE, 0xF7BE, 0xF7BE, 0x18C3, 0x18C3, 0x18C3, 0xA659, 0xA659, 0xA659, 0xA659, 0xA659, 0xA659, 0xA659, 0xA659, 0xF79E, 0xF79E, 0xF79E, 0x256C, 0x256C,
        0x256C, 0x256C, 0xF79E, 0xF79E, 0xF79E, 0xA659, 0xA659, 0xA659, 0xA659, 0xA659, 0xA659, 0xA659, 0xA659, 0x18C3, 0x18C3, 0x18C3, 0xF7BE, 0xF7BE, 0xF7BE, 0xA659, 0xA659, 0xA659, 0xA659, 0xA659, 0xA659, 0xA659, 0xA659, 0xF79E, 0xF79E, 0xF79E, 0x256C, 0x256C,
        0x256C, 0x256C, 0xF79E, 0xF79E, 0xF79E, 0xA659, 0xA659, 0xA659, 0xA659, 0xA659, 0xA659, 0xA659, 0xA659, 0x18C3, 0x18C3, 0x18C3, 0xF7BE, 0xF7BE, 0xF7BE, 0xA659, 0xA659, 0xA659, 0xA659, 0xA659, 0xA659, 0xA659, 0xA659, 0xF79E, 0xF79E, 0xF79E, 0x256C, 0x256C,
        0x256C, 0x256C, 0xF79E, 0xF79E, 0xF79E, 0xA659, 0xA659, 0xA659, 0xA659, 0xA659, 0xA659, 0xA659, 0xA659, 0x18C3, 0x18C3, 0x18C3, 0xF7BE, 0xF7BE, 0xF7BE, 0xA659, 0xA659, 0xA659, 0xA659, 0xA659, 0xA659, 0xA659, 0xA659, 0xF79E, 0xF79E, 0xF79E, 0x256C, 0x256C,
        0x256C, 0x256C, 0xF79E, 0xF79E, 0xF79E, 0xA659, 0xA659, 0xA659, 0xA659, 0xA659, 0xA659, 0xA659, 0xA659, 0x18C3, 0x18C3, 0x18C3, 0xF7BE, 0xF7BE, 0xF7BE, 0xA659, 0xA659, 0xA659, 0xA659, 0xA659, 0xA659, 0xA659, 0xA659, 0xF79E, 0xF79E, 0xF79E, 0x256C, 0x256C,
        0x256C, 0x256C, 0xD165, 0xD165, 0xD165, 0xA659, 0xA659, 0xA659, 0xA659, 0xA659, 0xA659, 0xA659, 0xA659, 0xF7BE, 0xF7BE, 0xF7BE, 0x18C3, 0x18C3, 0x18C3, 0xA659, 0xA659, 0xA659, 0xA659, 0xA659, 0xA659, 0xA659, 0xA659, 0xD165, 0xD165, 0xD165, 0x256C, 0x256C,
        0x256C, 0x256C, 0xD165, 0xD165, 0xD165, 0xA659, 0xA659, 0xA659, 0xA659, 0xA659, 0xA659, 0xA659, 0xA659, 0xF7BE, 0xF7BE, 0xF7BE, 0x18C3, 0x18C3, 0x18C3, 0xA659, 0xA659, 0xA659, 0xA659, 0xA659, 0xA659, 0xA659, 0xA659, 0xD165, 0xD165, 0xD165, 0x256C, 0x256C,
        0x256C, 0x256C, 0xD165, 0xD165, 0xD165, 0xA659, 0xA659, 0xA659, 0xA659, 0xA659, 0xA659, 0xA659, 0xA659, 0xF7BE, 0xF7BE, 0xF7BE, 0x18C3, 0x18C3, 0x18C3, 0xA659, 0xA659, 0xA659, 0xA659, 0xA659, 0xA659, 0xA659, 0xA659, 0xD165, 0xD165, 0xD165, 0x256C, 0x256C,
        0x256C, 0x256C, 0xD165, 0xD165, 0xD165, 0xA659, 0xA659, 0xA659, 0xA659, 0xA659, 0xA659, 0xA659, 0xA659, 0xF7BE, 0xF7BE, 0xF7BE, 0x18C3, 0x18C3, 0x18C3, 0xA659, 0xA659, 0xA659, 0xA659, 0xA659, 0xA659, 0xA659, 0xA659, 0xD165, 0xD165, 0xD165, 0x256C, 0x256C,
        0x256C, 0x256C, 0xD165, 0xD165, 0xD165, 0xA659, 0xA659, 0xA659, 0xA659, 0xA659, 0xA659, 0xA659, 0xA659, 0x18C3, 0x18C3, 0x18C3, 0xF7BE, 0xF7BE, 0xF7BE, 0xA659, 0xA659, 0xA659, 0xA659, 0xA659, 0xA659, 0xA659, 0xA659, 0xD165, 0xD165, 0xD165, 0x256C, 0x256C,
        0x256C, 0x256C, 0xD165, 0xD165, 0xD165, 0xA659, 0xA659, 0xA659, 0xA659, 0xA659, 0xA659, 0xA659, 0xA659, 0x18C3, 0x18C3, 0x18C3, 0xF7BE, 0xF7BE, 0xF7BE, 0xA659, 0xA659, 0xA659, 0xA659, 0xA659, 0xA659, 0xA659, 0xA659, 0xD165, 0xD165, 0xD165, 0x256C, 0x256C,
        0x256C, 0x256C, 0xD165, 0xD165, 0xD165, 0xA659, 0xA659, 0xA659, 0xA659, 0xA659, 0xA659, 0xA659, 0xA659, 0x18C3, 0x18C3, 0x18C3, 0xF7BE, 0xF7BE, 0xF7BE, 0xA659, 0xA659, 0xA659, 0xA659, 0xA659, 0xA659, 0xA659, 0xA659, 0xD165, 0xD165, 0xD165, 0x256C, 0x256C,
        0x256C, 0x256C, 0xD165, 0xD165, 0xD165, 0xA659, 0xA659, 0xA659, 0xA659, 0xA659, 0xA659, 0xA659, 0xA659, 0x18C3, 0x18C3, 0x18C3, 0xF7BE, 0xF7BE, 0xF7BE, 0xA659, 0xA659, 0xA659, 0xA659, 0xA659, 0xA659, 0xA659, 0xA659, 0xD165, 0xD165, 0xD165, 0x256C, 0x256C,
        0x256C, 0x256C, 0xF79E, 0xF79E, 0xF79E, 0xA659, 0xA659, 0xA659, 0xA659, 0xA659, 0xA659, 0xA659, 0xA659, 0xF7BE, 0xF7BE, 0xF7BE, 0x18C3, 0x18C3, 0x18C3, 0xA659, 0xA659, 0xA659, 0xA659, 0xA659, 0xA659, 0xA659, 0xA659, 0xF79E, 0xF79E, 0xF79E, 0x256C, 0x256C,
        0x256C, 0x256C, 0xF79E, 0xF79E, 0xF79E, 0xA659, 0xA659, 0xA659, 0xA659, 0xA659, 0xA659, 0xA659, 0xA659, 0xF7BE, 0xF7BE, 0xF7BE, 0x18C3, 0x18C3, 0x18C3, 0xA659, 0xA659, 0xA659, 0xA659, 0xA659, 0xA659, 0xA659, 0xA659, 0xF79E, 0xF79E, 0xF79E, 0x256C, 0x256C,
        0x256C, 0x256C, 0xF79E, 0xF79E, 0xF79E, 0xA659, 0xA659, 0xA659, 0xA659, 0xA659, 0xA659, 0xA659, 0xA659, 0xF7BE, 0xF7BE, 0xF7BE, 0x18C3, 0x18C3, 0x18C3, 0xA659, 0xA659, 0xA659, 0xA659, 0xA659, 0xA659, 0xA659, 0xA659, 0xF79E, 0xF79E, 0xF79E, 0x256C, 0x256C,
        0x256C, 0x256C, 0xF79E, 0xF79E, 0xF79E, 0xA659, 0xA659, 0xA659, 0xA659, 0xA659, 0xA659, 0xA659, 0xA659, 0xF7BE, 0xF7BE, 0xF7BE, 0x18C3, 0x18C3, 0x18C3, 0xA659, 0xA659, 0xA659, 0xA659, 0xA659, 0xA659, 0xA659, 0xA659, 0xF79E, 0xF79E, 0xF79E, 0x256C, 0x256C,
        0x256C, 0x256C, 0xF79E, 0xF79E, 0xF79E, 0xA659, 0xA659, 0xA659, 0xA659, 0xA659, 0xA659, 0xA659, 0xA659, 0x18C3, 0x18C3, 0x18C3, 0xF7BE, 0xF7BE, 0xF7BE, 0xA659, 0xA659, 0xA659, 0xA659, 0xA659, 0xA659, 0xA659, 0xA659, 0xF79E, 0xF79E, 0xF79E, 0x256C, 0x256C,
        0x256C, 0x256C, 0xF79E, 0xF79E, 0xF79E, 0xA659, 0xA659, 0xA659, 0xA659, 0xA659, 0xA659, 0xA659, 0xA659, 0x18C3, 0x18C3, 0x18C3, 0xF7BE, 0xF7BE, 0xF7BE, 0xA659, 0xA659, 0xA659, 0xA659, 0xA659, 0xA659, 0xA659, 0xA659, 0xF79E, 0xF79E, 0xF79E, 0x256C, 0x256C,
        0x256C, 0x256C, 0xF79E, 0xF79E, 0xF79E, 0xA659, 0xA659, 0xA659, 0xA659, 0xA659, 0xA659, 0xA659, 0xA659, 0x18C3, 0x18C3, 0x18C3, 0xF7BE, 0xF7BE, 0xF7BE, 0xA659, 0xA659, 0xA659, 0xA659, 0xA659, 0xA659, 0xA659, 0xA659, 0xF79E, 0xF79E, 0xF79E, 0x256C, 0x256C,
        0x256C, 0x256C, 0xF79E, 0xF79E, 0xF79E, 0xA659, 0xA659, 0xA659, 0xA659, 0xA659, 0xA659, 0xA659, 0xA659, 0x18C3, 0x18C3, 0x18C3, 0xF7BE, 0xF7BE, 0xF7BE, 0xA659, 0xA659, 0xA659, 0xA659, 0xA659, 0xA659, 0xA659, 0xA659, 0xF79E, 0xF79E, 0xF79E, 0x256C, 0x256C,
        0x256C, 0x256C, 0xD165, 0xD165, 0xD165, 0xA659, 0xA659, 0xA659, 0xA659, 0xA659, 0xA659, 0xA659, 0xA659, 0xF7BE, 0xF7BE, 0xF7BE, 0x18C3, 0x18C3, 0x18C3, 0xA659, 0xA659, 0xA659, 0xA659, 0xA659, 0xA659, 0xA659, 0xA659, 0xD165, 0xD165, 0xD165, 0x256C, 0x256C,
        0x256C, 0x256C, 0xD165, 0xD165, 0xD165, 0xA659, 0xA659, 0xA659, 0xA659, 0xA659, 0xA659, 0xA659, 0xA659, 0xF7BE, 0xF7BE, 0xF7BE, 0x18C3, 0x18C3, 0x18C3, 0xA659, 0xA659, 0xA659, 0xA659, 0xA659, 0xA659, 0xA659, 0xA659, 0xD165, 0xD165, 0xD165, 0x256C, 0x256C,
        0x256C, 0x256C, 0xD165, 0xD165, 0xD165, 0xA659, 0xA659, 0xA659, 0xA659, 0xA659, 0xA659, 0xA659, 0xA659, 0xF7BE, 0xF7BE, 0xF7BE, 0x18C3, 0x18C3, 0x18C3, 0xA659, 0xA659, 0xA659, 0xA659, 0xA659, 0xA659, 0xA659, 0xA659, 0xD165, 0xD165, 0xD165, 0x256C, 0x256C,
        0x256C, 0x256C, 0xD165, 0xD165, 0xD165, 0xA659, 0xA659, 0xA659, 0xA659, 0xA659, 0xA659, 0xA659, 0xA659, 0xF7BE, 0xF7BE, 0xF7BE, 0x18C3, 0x18C3, 0x18C3, 0xA659, 0xA659, 0xA659, 0xA659, 0xA659, 0xA659, 0xA659, 0xA659, 0xD165, 0xD165, 0xD165, 0x256C, 0x256C,
        0x256C, 0x256C, 0xD165, 0xD165, 0xD165, 0xA659, 0xA659, 0xA659, 0xA659, 0xA659, 0xA659, 0xA659, 0xA659, 0x18C3, 0x18C3, 0x18C3, 0xF7BE, 0xF7BE, 0xF7BE, 0xA659, 0xA659, 0xA659, 0xA659, 0xA659, 0xA659, 0xA659, 0xA659, 0xD165, 0xD165, 0xD165, 0x256C, 0x256C,
        0x256C, 0x256C, 0xD165, 0xD165, 0xD165, 0xA659, 0xA659, 0xA659, 0xA659, 0xA659, 0xA659, 0xA659, 0xA659, 0x18C3, 0x18C3, 0x18C3, 0xF7BE, 0xF7BE, 0xF7BE, 0xA659, 0xA659, 0xA659, 0xA659, 0xA659, 0xA659, 0xA659, 0xA659, 0xD165, 0xD165, 0xD165, 0x256C, 0x256C,
        0x256C, 0x256C, 0xD165, 0xD165, 0xD165, 0xA659, 0xA659, 0xA659, 0xA659, 0xA659, 0xA659, 0xA659, 0xA659, 0x18C3, 0x18C3, 0x18C3, 0xF7BE, 0xF7BE, 0xF7BE, 0xA659, 0xA659, 0xA659, 0xA659, 0xA659, 0xA659, 0xA659, 0xA659, 0xD165, 0xD165, 0xD165, 0x256C, 0x256C,
        0x256C, 0x256C, 0xD165, 0xD165, 0xD165, 0xA659, 0xA659, 0xA659, 0xA659, 0xA659, 0xA659, 0xA659, 0xA659, 0x18C3, 0x18C3, 0x18C3, 0xF7BE, 0xF7BE, 0xF7BE, 0xA659, 0xA659, 0xA659, 0xA659, 0xA659, 0xA659, 0xA659, 0xA659, 0xD165, 0xD165, 0xD165, 0x256C, 0x256C
    },
    [TRACK_TILE_FINISH_06] = {
        0x256C, 0x256C, 0xF79E, 0xF79E, 0xF79E, 0x256C, 0x256C, 0x256C, 0x256C, 0x256C, 0x256C, 0x256C, 0x256C, 0xF7BE, 0xF7BE, 0xF7BE, 0x18C3, 0x18C3, 0x18C3, 0x256C, 0x256C, 0x256C, 0x256C, 0x256C, 0x256C, 0x256C, 0x256C, 0x256C, 0x256C, 0x256C, 0x256C, 0x256C,
        0x256C, 0x256C, 0xF79E, 0xF79E, 0xF79E, 0x256C, 0x256C, 0x256C, 0x256C, 0x256C, 0x256C, 0x256C, 0x256C, 0xF7BE, 0xF7BE, 0xF7BE, 0x18C3, 0x18C3, 0x18C3, 0x256C, 0x256C, 0x256C, 0x256C, 0x256C, 0x256C, 0x256C, 0x256C, 0x256C, 0x256C, 0x256C, 0x256C, 0x256C,
        0x256C, 0x256C, 0xF79E, 0xF79E, 0xF79E, 0xF79E, 0xF79E, 0xF79E, 0xD165, 0xD165, 0xD165, 0xD165, 0xD165, 0xF7BE, 0xF7BE, 0xF7BE, 0x18C3, 0x18C3, 0x18C3, 0xF79E, 0xF79E, 0xF79E, 0xF79E, 0xF79E, 0xD165, 0xD165, 0xD165, 0xD165, 0xD165, 0xD165, 0xD165, 0xD165,
        0x256C, 0x256C, 0xF79E, 0xF79E, 0xF79E, 0xF79E, 0xF79E, 0xF79E, 0xD165, 0xD165, 0xD165, 0xD165, 0xD165, 0xF7BE, 0xF7BE, 0xF7BE, 0x18C3, 0x18C3, 0x18C3, 0xF79E, 0xF79E, 0xF79E, 0xF79E, 0xF79E, 0xD165, 0xD165, 0xD165, 0xD165, 0xD165, 0xD165, 0xD165, 0xD165,
        0x256C, 0x256C, 0xF79E, 0xF79E, 0xF79E, 0xF79E, 0xF79E, 0xF79E, 0xD165, 0xD165, 0xD165, 0xD165, 0xD165, 0x18C3, 0x18C3, 0x18C3, 0xF7BE, 0xF7BE, 0xF7BE, 0xF79E, 0xF79E, 0xF79E, 0xF79E, 0xF79E, 0xD165, 0xD165, 0xD165, 0xD165, 0xD165, 0xD165, 0xD165, 0xD165,
        0x256C, 0x256C, 0xF79E, 0xF79E, 0xF79E, 0xA659, 0xA659, 0xA659, 0xA659, 0xA659, 0xA659, 0xA659, 0xA659, 0x18C3, 0x18C3, 0x18C3, 0xF7BE, 0xF7BE, 0xF7BE, 0xA659, 0xA659, 0xA659, 0xA659, 0xA659, 0xA659, 0xA659, 0xA659, 0xA659, 0xA659, 0xA659, 0xA659, 0xA659,
        0x256C, 0x256C, 0xF79E, 0xF79E, 0xF79E, 0xA659, 0xA659, 0xA659, 0xA659, 0xA659, 0xA659, 0xA659, 0xA659, 0x18C3, 0x18C3, 0x18C3, 0xF7BE, 0xF7BE, 0xF7BE, 0xA659, 0xA659, 0xA659, 0xA659, 0xA659, 0xA659, 0xA659, 0xA659, 0xA659, 0xA659, 0xA659, 0xA659, 0xA659,
        0x256C, 0x256C, 0xF79E, 0xF79E, 0xF79E, 0xA659, 0xA659, 0xA659, 0xA659, 0xA659, 0xA659, 0xA659, 0xA659, 0x18C3, 0x18C3, 0x18C3, 0xF7BE, 0xF7BE, 0xF7BE, 0xA659, 0xA659, 0xA659, 0xA659, 0xA659, 0xA659, 0xA659, 0xA659, 0xA659, 0xA659, 0xA659, 0xA659, 0xA659,
        0x256C, 0x256C, 0xD165, 0xD165, 0xD165, 0xA659, 0xA659, 0xA659, 0xA659, 0xA659, 0xA659, 0xA659, 0xA659, 0xF7BE, 0xF7BE, 0xF7BE, 0x18C3, 0x18C3, 0x18C3, 0xA659, 0xA659, 0xA659, 0xA659, 0xA659, 0xA659, 0xA659, 0xA659, 0xA659, 0xA659, 0xA659, 0xA659, 0xA659,
        0x256C, 0x256C, 0xD165, 0xD165, 0xD165, 0xA659, 0xA659, 0xA659, 0xA659, 0xA659, 0xA659, 0xA659, 0xA659, 0xF7BE, 0xF7BE, 0xF7BE, 0x18C3, 0x18C3, 0x18C3, 0xA659, 0xA659, 0xA659, 0xA659, 0xA659, 0xA659, 0xA659, 0xA659, 0xA659, 0xA659, 0xA659, 0xA659, 0xA659,
        0x256C, 0x256C, 0xD165, 0xD165, 0xD165, 0xA659, 0xA659, 0xA659, 0xA659, 0xA659, 0xA659, 0xA659, 0xA659, 0xF7BE, 0xF7BE, 0xF7BE, 0x18C3, 0x18C3, 0x18C3, 0xA659, 0xA659, 0xA659, 0xA659, 0xA659, 0xA659, 0xA659, 0xA659, 0xA659, 0xA659, 0xA659, 0xA659, 0xA659,
        0x256C, 0x256C, 0xD165, 0xD165, 0xD165, 0xA659, 0xA659, 0xA659, 0xA659, 0xA659, 0xA659, 0xA659, 0xA659, 0xF7BE, 0xF7BE, 0xF7BE, 0x18C3, 0x18C3, 0x18C3, 0xA659, 0xA659, 0xA659, 0xA659, 0xA659, 0xA659, 0xA659, 0xA659, 0xA659, 0xA659, 0xA659, 0xA659, 0xA659,
        0x256C, 0x256C, 0xD165, 0xD165, 0xD165, 0xA659, 0xA659, 0xA659, 0xA659, 0xA659, 0xA659, 0xA659, 0xA659, 0x18C3, 0x18C3, 0x18C3, 0xF7BE, 0xF7BE, 0xF7BE, 0xA659, 0xA659, 0xA659, 0xA659, 0xA659, 0xA659, 0xA659, 0xA659, 0xA659, 0xA659, 0xA659, 0xA659, 0xA659,
        0x256C, 0x256C, 0xD165, 0xD165, 0xD165, 0xA659, 0xA659, 0xA659, 0xA659, 0xA659, 0xA659, 0xA659, 0xA659, 0x18C3, 0x18C3, 0x18C3, 0xF7BE, 0xF7BE, 0xF7BE, 0xA659, 0xA659, 0xA659, 0xA659, 0xA659, 0xA659, 0xA659, 0xA659, 0xA659, 0xA659, 0xA659, 0xA659, 0xA659,
        0x256C, 0x256C, 0xD165, 0xD165, 0xD165, 0xA659, 0xA659, 0xA659, 0xA659, 0xA659, 0xA659, 0xA659, 0xA659, 0x18C3, 0x18C3, 0x18C3, 0xF7BE, 0xF7BE, 0xF7BE, 0xA659, 0xA659, 0xA659, 0xA659, 0xA659, 0xA659, 0xA659, 0xA659, 0xA659, 0xA659, 0xA659, 0xA659, 0xA659,
        0x256C, 0x256C, 0xD165, 0xD165, 0xD165, 0xA659, 0xA659, 0xA659, 0xA659, 0xA659, 0xA659, 0xA659, 0xA659, 0x18C3, 0x18C3, 0x18C3, 0xF7BE, 0xF7BE, 0xF7BE, 0xA659, 0xA659, 0xA659, 0xA659, 0xA659, 0xA659, 0xA659, 0xA659, 0xA659, 0xA659, 0xA659, 0xA659, 0xA659,
        0x256C, 0x256C, 0xF79E, 0xF79E, 0xF79E, 0xA659, 0xA659, 0xA659, 0xA659, 0xA659, 0xA659, 0xA659, 0xA659, 0xF7BE, 0xF7BE, 0xF7BE, 0x18C3, 0x18C3, 0x18C3, 0xA659, 0xA659, 0xA659, 0xA659, 0xA659, 0xA659, 0xA659, 0xA659, 0xA659, 0xA659, 0xA659, 0xA659, 0xA659,
        0x256C, 0x256C, 0xF79E, 0xF79E, 0xF79E, 0xA659, 0xA659, 0xA659, 0xA659, 0xA659, 0xA659, 0xA659, 0xA659, 0xF7BE, 0xF7BE, 0xF7BE, 0x18C3, 0x18C3, 0x18C3, 0xA659, 0xA659, 0xA659, 0xA659, 0xA659, 0xA659, 0xA659, 0xA659, 0xA659, 0xA659, 0xA659, 0xA659, 0xA659,
        0x256C, 0x256C, 0xF79E, 0xF79E, 0xF79E, 0xA659, 0xA659, 0xA659, 0xA659, 0xA659, 0xA659, 0xA659, 0xA659, 0xF7BE, 0xF7BE, 0xF7BE, 0x18C3, 0x18C3, 0x18C3, 0xA659, 0xA659, 0xA659, 0xA659, 0xA659, 0xA659, 0xA659, 0xA659, 0xA659, 0xA659, 0xA659, 0xA659, 0xA659,
        0x256C, 0x256C, 0xF79E, 0xF79E, 0xF79E, 0xA659, 0xA659, 0xA659, 0xA659, 0xA659, 0xA659, 0xA659, 0xA659, 0xF7BE, 0xF7BE, 0xF7BE, 0x18C3, 0x18C3, 0x18C3, 0xA659, 0xA659, 0xA659, 0xA659, 0xA659, 0xA659, 0xA659, 0xA659, 0xA659, 0xA659, 0xA659, 0xA659, 0xA659,
        0x256C, 0x256C, 0xF79E, 0xF79E, 0xF79E, 0xA659, 0xA659, 0xA659, 0xA659, 0xA659, 0xA659, 0xA659, 0xA659, 0x18C3, 0x18C3, 0x18C3, 0xF7BE, 0xF7BE, 0xF7BE, 0xA659, 0xA659, 0xA659, 0xA659, 0xA659, 0xA659, 0xA659, 0xA659, 0xA659, 0xA659, 0xA659, 0xA659, 0xA659,
        0x256C, 0x256C, 0xF79E, 0xF79E, 0xF79E, 0xA659, 0xA659, 0xA659, 0xA659, 0xA659, 0xA659, 0xA659, 0xA659, 0x18C3, 0x18C3, 0x18C3, 0xF7BE, 0xF7BE, 0xF7BE, 0xA659, 0xA659, 0xA659, 0xA659, 0xA659, 0xA659, 0xA659, 0xA659, 0xA659, 0xA659, 0xA659, 0xA659, 0xA659,
        0x256C, 0x256C, 0xF79E, 0xF79E, 0xF79E, 0xA659, 0xA659, 0xA659, 0xA659, 0xA659, 0xA659, 0xA659, 0xA659, 0x18C3, 0x18C3, 0x18C3, 0xF7BE, 0xF7BE, 0xF7BE, 0xA659, 0xA659, 0xA659, 0xA659, 0xA659, 0xA659, 0xA659, 0xA659, 0xA659, 0xA659, 0xA659, 0xA659, 0xA659,
        0x256C, 0x256C, 0xF79E, 0xF79E, 0xF79E, 0xA659, 0xA659, 0xA659, 0xA659, 0xA659, 0xA659, 0xA659, 0xA659, 0x18C3, 0x18C3, 0x18C3, 0xF7BE, 0xF7BE, 0xF7BE, 0xA659, 0xA659, 0xA659, 0xA659, 0xA659, 0xA659, 0xA659, 0xA659, 0xA659, 0xA659, 0xA659, 0xA659, 0xA659,
        0x256C, 0x256C, 0xD165, 0xD165, 0xD165, 0xA659, 0xA659, 0xA659, 0xA659, 0xA659, 0xA659, 0xA659, 0xA659, 0xF7BE, 0xF7BE, 0xF7BE, 0x18C3, 0x18C3, 0x18C3, 0xA659, 0xA659, 0xA659, 0xA659, 0xA659, 0xA659, 0xA659, 0xA659, 0xA659, 0xA659, 0xA659, 0xA659, 0xA659,
        0x256C, 0x256C, 0xD165, 0xD165, 0xD165, 0xA659, 0xA659, 0xA659, 0xA659, 0xA659, 0xA659, 0xA659, 0xA659, 0xF7BE, 0xF7BE, 0xF7BE, 0x18C3, 0x18C3, 0x18C3, 0xA659, 0xA659, 0xA659, 0xA659, 0xA659, 0xA659, 0xA659, 0xA659, 0xA659, 0xA659, 0xA659, 0xA659, 0xA659,
        0x256C, 0x256C, 0xD165, 0xD165, 0xD165, 0xA659, 0xA659, 0xA659, 0xA659, 0xA659, 0xA659, 0xA659, 0xA659, 0xF7BE, 0xF7BE, 0xF7BE, 0x18C3, 0x18C3, 0x18C3, 0xA659, 0xA659, 0xA659, 0xA659, 0xA659, 0xA659, 0xA659, 0xA659, 0xA659, 0xA659, 0xA659, 0xA659, 0xA659,
        0x256C, 0x256C, 0xD165, 0xD165, 0xD165, 0xA659, 0xA659, 0xA659, 0xA659, 0xA659, 0xA659, 0xA659, 0xA659, 0xF7BE, 0xF7BE, 0xF7BE, 0x18C3, 0x18C3, 0x18C3, 0xA659, 0xA659, 0xA659, 0xA659, 0xA659, 0xA659, 0xA659, 0xA659, 0xA659, 0xA659, 0xA659, 0xA659, 0xA659,
        0x256C, 0x256C, 0xD165, 0xD165, 0xD165, 0xA659, 0xA659, 0xA659, 0xA659, 0xA659, 0xA659, 0xA659, 0xA659, 0x18C3, 0x18C3, 0x18C3, 0xF7BE, 0xF7BE, 0xF7BE, 0xA659, 0xA659, 0xA659, 0xA659, 0xA659, 0xA659, 0xA659, 0xA659, 0xA659, 0xA659, 0xA659, 0xA659, 0xA659,
        0x256C, 0x256C, 0xD165, 0xD165, 0xD165, 0xA659, 0xA659, 0xA659, 0xA659, 0xA659, 0xA659, 0xA659, 0xA659, 0x18C3, 0x18C3, 0x18C3, 0xF7BE, 0xF7BE, 0xF7BE, 0xA659, 0xA659, 0xA659, 0xA659, 0xA659, 0xA659, 0xA659, 0xA659, 0xA659, 0xA659, 0xA659, 0xA659, 0xA659,
        0x256C, 0x256C, 0xD165, 0xD165, 0xD165, 0xA659, 0xA659, 0xA659, 0xA659, 0xA659, 0xA659, 0xA659, 0xA659, 0x18C3, 0x18C3, 0x18C3, 0xF7BE, 0xF7BE, 0xF7BE, 0xA659, 0xA659, 0xA659, 0xA659, 0xA659, 0xA659, 0xA659, 0xA659, 0xA659, 0xA659, 0xA659, 0xA659, 0xA659,
        0x256C, 0x256C, 0xD165, 0xD165, 0xD165, 0xA659, 0xA659, 0xA659, 0xA659, 0xA659, 0xA659, 0xA659, 0xA659, 0x18C3, 0x18C3, 0x18C3, 0xF7BE, 0xF7BE, 0xF7BE, 0xA659, 0xA659, 0xA659, 0xA659, 0xA659, 0xA659, 0xA659, 0xA659, 0xA659, 0xA659, 0xA659, 0xA659, 0xA659
    },
    [TRACK_TILE_FINISH_07] = {
        0x256C, 0x256C, 0xF79E, 0xF79E, 0xF79E, 0xA659, 0xA659, 0xA659, 0xA659, 0xA659, 0xA659, 0xA659, 0xA659, 0xF7BE, 0xF7BE, 0xF7BE, 0x18C3, 0x18C3, 0x18C3, 0xA659, 0xA659, 0xA659, 0xA659, 0xA659, 0xA659, 0xA659, 0xA659, 0xA659, 0xA659, 0xA659, 0xA659, 0xA659,
        0x256C, 0x256C, 0xF79E, 0xF79E, 0xF79E, 0xA659, 0xA659, 0xA659, 0xA659, 0xA659, 0xA659, 0xA659, 0xA659, 0xF7BE, 0xF7BE, 0xF7BE, 0x18C3, 0x18C3, 0x18C3, 0xA659, 0xA659, 0xA659, 0xA659, 0xA659, 0xA659, 0xA659, 0xA659, 0xA659, 0xA659, 0xA659, 0xA659, 0xA659,
        0x256C, 0x256C, 0xF79E, 0xF79E, 0xF79E, 0xA659, 0xA659, 0xA659, 0xA659, 0xA659, 0xA659, 0xA659, 0xA659, 0xF7BE, 0xF7BE, 0xF7BE, 0x18C3, 0x18C3, 0x18C3, 0xA659, 0xA659, 0xA659, 0xA659, 0xA659, 0xA659, 0xA659, 0xA659, 0xA659, 0xA659, 0xA659, 0xA659, 0xA659,
        0x256C, 0x256C, 0xF79E, 0xF79E, 0xF79E, 0xA659, 0xA659, 0xA659, 0xA659, 0xA659, 0xA659, 0xA659, 0xA659, 0xF7BE, 0xF7BE, 0xF7BE, 0x18C3, 0x18C3, 0x18C3, 0xA659, 0xA659, 0xA659, 0xA659, 0xA659, 0xA659, 0xA659, 0xA659, 0xA659, 0xA659, 0xA659, 0xA659, 0xA659,
        0x256C, 0x256C, 0xF79E, 0xF79E, 0xF79E, 0xA659, 0xA659, 0xA659, 0xA659, 0xA659, 0xA659, 0xA659, 0xA659, 0x18C3, 0x18C3, 0x18C3, 0xF7BE, 0xF7BE, 0xF7BE, 0xA659, 0xA659, 0xA659, 0xA659, 0xA659, 0xA659, 0xA659, 0xA659, 0xA659, 0xA659, 0xA659, 0xA659, 0xA659,
        0x256C, 0x256C, 0xF79E, 0xF79E, 0xF79E, 0xA659, 0xA659, 0xA659, 0xA659, 0xA659, 0xA659, 0xA659, 0xA659, 0x18C3, 0x18C3, 0x18C3, 0xF7BE, 0xF7BE, 0xF7BE, 0xA659, 0xA659, 0xA659, 0xA659, 0xA659, 0xA659, 0xA659, 0xA659, 0xA659, 0xA659, 0xA659, 0xA659, 0xA659,
        0x256C, 0x256C, 0xF79E, 0xF79E, 0xF79E, 0xA659, 0xA659, 0xA659, 0xA659, 0xA659, 0xA659, 0xA659, 0xA659, 0x18C3, 0x18C3, 0x18C3, 0xF7BE, 0xF7BE, 0xF7BE, 0xA659, 0xA659, 0xA659, 0xA659, 0xA659, 0xA659, 0xA659, 0xA659, 0xA659, 0xA659, 0xA659, 0xA659, 0xA659,
        0x256C, 0x256C, 0xF79E, 0xF79E, 0xF79E, 0xA659, 0xA659, 0xA659, 0xA659, 0xA659, 0xA659, 0xA659, 0xA659, 0x18C3, 0x18C3, 0x18C3, 0xF7BE, 0xF7BE, 0xF7BE, 0xA659, 0xA659, 0xA659, 0xA659, 0xA659, 0xA659, 0xA659, 0xA659, 0xA659, 0xA659, 0xA659, 0xA659, 0xA659,
        0x256C, 0x256C, 0xD165, 0xD165, 0xD165, 0xA659, 0xA659, 0xA659, 0xA659, 0xA659, 0xA659, 0xA659, 0xA659, 0xF7BE, 0xF7BE, 0xF7BE, 0x18C3, 0x18C3, 0x18C3, 0xA659, 0xA659, 0xA659, 0xA659, 0xA659, 0xA659, 0xA659, 0xA659, 0xA659, 0xA659, 0xA659, 0xA659, 0xA659,
        0x256C, 0x256C, 0xD165, 0xD165, 0xD165, 0xA659, 0xA659, 0xA659, 0xA659, 0xA659, 0xA659, 0xA659, 0xA659, 0xF7BE, 0xF7BE, 0xF7BE, 0x18C3, 0x18C3, 0x18C3, 0xA659, 0xA659, 0xA659, 0xA659, 0xA659, 0xA659, 0xA659, 0xA659, 0xA659, 0xA659, 0xA659, 0xA659, 0xA659,
        0x256C, 0x256C, 0xD165, 0xD165, 0xD165, 0xA659, 0xA659, 0xA659, 0xA659, 0xA659, 0xA659, 0xA659, 0xA659, 0xF7BE, 0xF7BE, 0xF7BE, 0x18C3, 0x18C3, 0x18C3, 0xA659, 0xA659, 0xA659, 0xA659, 0xA659, 0xA659, 0xA659, 0xA659, 0xA659, 0xA659, 0xA659, 0xA659, 0xA659,
        0x256C, 0x256C, 0xD165, 0xD165, 0xD165, 0xA659, 0xA659, 0xA659, 0xA659, 0xA659, 0xA659, 0xA659, 0xA659, 0xF7BE, 0xF7BE, 0xF7BE, 0x18C3, 0x18C3, 0x18C3, 0xA659, 0xA659, 0xA659, 0xA659, 0xA659, 0xA659, 0xA659, 0xA659, 0xA659, 0xA659, 0xA659, 0xA659, 0xA659,
        0x256C, 0x256C, 0xD165, 0xD165, 0xD165, 0xA659, 0xA659, 0xA659, 0xA659, 0xA659, 0xA659, 0xA659, 0xA659, 0x18C3, 0x18C3, 0x18C3, 0xF7BE, 0xF7BE, 0xF7BE, 0xA659, 0xA659, 0xA659, 0xA659, 0xA659, 0xA659, 0xA659, 0xA659, 0xA659, 0xA659, 0xA659, 0xA659, 0xA659,
        0x256C, 0x256C, 0xD165, 0xD165, 0xD165, 0xA659, 0xA659, 0xA659, 0xA659, 0xA659, 0xA659, 0xA659, 0xA659, 0x18C3, 0x18C3, 0x18C3, 0xF7BE, 0xF7BE, 0xF7BE, 0xA659, 0xA659, 0xA659, 0xA659, 0xA659, 0xA659, 0xA659, 0xA659, 0xA659, 0xA659, 0xA659, 0xA659, 0xA659,
        0x256C, 0x256C, 0xD165, 0xD165, 0xD165, 0xA659, 0xA659, 0xA659, 0xA659, 0xA659, 0xA659, 0xA659, 0xA659, 0x18C3, 0x18C3, 0x18C3, 0xF7BE, 0xF7BE, 0xF7BE, 0xA659, 0xA659, 0xA659, 0xA659, 0xA659, 0xA659, 0xA659, 0xA659, 0xA659, 0xA659, 0xA659, 0xA659, 0xA659,
        0x256C, 0x256C, 0xD165, 0xD165, 0xD165, 0xA659, 0xA659, 0xA659, 0xA659, 0xA659, 0xA659, 0xA659, 0xA659, 0x18C3, 0x18C3, 0x18C3, 0xF7BE, 0xF7BE, 0xF7BE, 0xA659, 0xA659, 0xA659, 0xA659, 0xA659, 0xA659, 0xA659, 0xA659, 0xA659, 0xA659, 0xA659, 0xA659, 0xA659,
        0x256C, 0x256C, 0xF79E, 0xF79E, 0xF79E, 0xA659, 0xA659, 0xA659, 0xA659, 0xA659, 0xA659, 0xA659, 0xA659, 0xF7BE, 0xF7BE, 0xF7BE, 0x18C3, 0x18C3, 0x18C3, 0xA659, 0xA659, 0xA659, 0xA659, 0xA659, 0xA659, 0xA659, 0xA659, 0xA659, 0xA659, 0xA659, 0xA659, 0xA659,
        0x256C, 0x256C, 0xF79E, 0xF79E, 0xF79E, 0xA659, 0xA659, 0xA659, 0xA659, 0xA659, 0xA659, 0xA659, 0xA659, 0xF7BE, 0xF7BE, 0xF7BE, 0x18C3, 0x18C3, 0x18C3, 0xA659, 0xA659, 0xA659, 0xA659, 0xA659, 0xA659, 0xA659, 0xA659, 0xA659, 0xA659, 0xA659, 0xA659, 0xA659,
        0x256C, 0x256C, 0xF79E, 0xF79E, 0xF79E, 0xA659, 0xA659, 0xA659, 0xA659, 0xA659, 0xA659, 0xA659, 0xA659, 0xF7BE, 0xF7BE, 0xF7BE, 0x18C3, 0x18C3, 0x18C3, 0xA659, 0xA659, 0xA659, 0xA659, 0xA659, 0xA659, 0xA659, 0xA659, 0xA659, 0xA659, 0xA659, 0xA659, 0xA659,
        0x256C, 0x256C, 0xF79E, 0xF79E, 0xF79E, 0xA659, 0xA659, 0xA659, 0xA659, 0xA659, 0xA659, 0xA659, 0xA659, 0xF7BE, 0xF7BE, 0xF7BE, 0x18C3, 0x18C3, 0x18C3, 0xA659, 0xA659, 0xA659, 0xA659, 0xA659, 0xA659, 0xA659, 0xA659, 0xA659, 0xA659, 0xA659, 0xA659, 0xA659,
        0x256C, 0x256C, 0xF79E, 0xF79E, 0xF79E, 0xA659, 0xA659, 0xA659, 0xA659, 0xA659, 0xA659, 0xA659, 0xA659, 0x18C3, 0x18C3, 0x18C3, 0xF7BE, 0xF7BE, 0xF7BE, 0xA659, 0xA659, 0xA659, 0xA659, 0xA659, 0xA659, 0xA659, 0xA659, 0xA659, 0xA659, 0xA659, 0xA659, 0xA659,
        0x256C, 0x256C, 0xF79E, 0xF79E, 0xF79E, 0xA659, 0xA659, 0xA659, 0xA659, 0xA659, 0xA659, 0xA659, 0xA659, 0x18C3, 0x18C3, 0x18C3, 0xF7BE, 0xF7BE, 0xF7BE, 0xA659, 0xA659, 0xA659, 0xA659, 0xA659, 0xA659, 0xA659, 0xA659, 0xA659, 0xA659, 0xA659, 0xA659, 0xA659,
        0x256C, 0x256C, 0xF79E, 0xF79E, 0xF79E, 0xA659, 0xA659, 0xA659, 0xA659, 0xA659, 0xA659, 0xA659, 0xA659, 0x18C3, 0x18C3, 0x18C3, 0xF7BE, 0xF7BE, 0xF7BE, 0xA659, 0xA659, 0xA659, 0xA659, 0xA659, 0xA659, 0xA659, 0xA659, 0xA659, 0xA659, 0xA659, 0xA659, 0xA659,
        0x256C, 0x256C, 0xF79E, 0xF79E, 0xF79E, 0xA659, 0xA659, 0xA659, 0xA659, 0xA659, 0xA659, 0xA659, 0xA659, 0x18C3, 0x18C3, 0x18C3, 0xF7BE, 0xF7BE, 0xF7BE, 0xA659, 0xA659, 0xA659, 0xA659, 0xA659, 0xA659, 0xA659, 0xA659, 0xA659, 0xA659, 0xA659, 0xA659, 0xA659,
        0x256C, 0x256C, 0xD165, 0xD165, 0xD165, 0xA659, 0xA659, 0xA659, 0xA659, 0xA659, 0xA659, 0xA659, 0xA659, 0xF7BE, 0xF7BE, 0xF7BE, 0x18C3, 0x18C3, 0x18C3, 0xA659, 0xA659, 0xA659, 0xA659, 0xA659, 0xA659, 0xA659, 0xA659, 0xA659, 0xA659, 0xA659, 0xA659, 0xA659,
        0x256C, 0x256C, 0xD165, 0xD165, 0xD165, 0xA659, 0xA659, 0xA659, 0xA659, 0xA659, 0xA659, 0xA659, 0xA659, 0xF7BE, 0xF7BE, 0xF7BE, 0x18C3, 0x18C3, 0x18C3, 0xA659, 0xA659, 0xA659, 0xA659, 0xA659, 0xA659, 0xA659, 0xA659, 0xA659, 0xA659, 0xA659, 0xA659, 0xA659,
        0x256C, 0x256C, 0xD165, 0xD165, 0xD165, 0xA659, 0xA659, 0xA659, 0xA659, 0xA659, 0xA659, 0xA659, 0xA659, 0xF7BE, 0xF7BE, 0xF7BE, 0x18C3, 0x18C3, 0x18C3, 0xA659, 0xA659, 0xA659, 0xA659, 0xA659, 0xA659, 0xA659, 0xA659, 0xA659, 0xA659, 0xA659, 0xA659, 0xA659,
        0x256C, 0x256C, 0xD165, 0xD165, 0xD165, 0xA659, 0xA659, 0xA659, 0xA659, 0xA659, 0xA659, 0xA659, 0xA659, 0xF7BE, 0xF7BE, 0xF7BE, 0x18C3, 0x18C3, 0x18C3, 0xA659, 0xA659, 0xA659, 0xA659, 0xA659, 0xA659, 0xA659, 0xA659, 0xA659, 0xA659, 0xA659, 0xA659, 0xA659,
        0x256C, 0x256C, 0xD165, 0xD165, 0xD165, 0xA659, 0xA659, 0xA659, 0xA659, 0xA659, 0xA659, 0xA659, 0xA659, 0x18C3, 0x18C3, 0x18C3, 0xF7BE, 0xF7BE, 0xF7BE, 0xA659, 0xA659, 0xA659, 0xA659, 0xA659, 0xA659, 0xA659, 0xA659, 0xA659, 0xA659, 0xA659, 0xA659, 0xA659,
        0x256C, 0x256C, 0xD165, 0xD165, 0xD165, 0xA659, 0xA659, 0xA659, 0xA659, 0xA659, 0xA659, 0xA659, 0xA659, 0x18C3, 0x18C3, 0x18C3, 0xF7BE, 0xF7BE, 0xF7BE, 0xA659, 0xA659, 0xA659, 0xA659, 0xA659, 0xA659, 0xA659, 0xA659, 0xA659, 0xA659, 0xA659, 0xA659, 0xA659,
        0x256C, 0x256C, 0xD165, 0xD165, 0xD165, 0xA659, 0xA659, 0xA659, 0xA659, 0xA659, 0xA659, 0xA659, 0xA659, 0x18C3, 0x18C3, 0x18C3, 0xF7BE, 0xF7BE, 0xF7BE, 0xA659, 0xA659, 0xA659, 0xA659, 0xA659, 0xA659, 0xA659, 0xA659, 0xA659, 0xA659, 0xA659, 0xA659, 0xA659,
        0x256C, 0x256C, 0xD165, 0xD165, 0xD165, 0xA659, 0xA659, 0xA659, 0xA659, 0xA659, 0xA659, 0xA659, 0xA659, 0x18C3, 0x18C3, 0x18C3, 0xF7BE, 0xF7BE, 0xF7BE, 0xA659, 0xA659, 0xA659, 0xA659, 0xA659, 0xA659, 0xA659, 0xA659, 0xA659, 0xA659, 0xA659, 0xA659, 0xA659
    },
    [TRACK_TILE_FINISH_08] = {
        0x256C, 0x256C, 0x256C, 0x256C, 0x256C, 0x256C, 0x256C, 0x256C, 0x256C, 0x256C, 0x256C, 0x256C, 0x256C, 0xF7BE, 0xF7BE, 0xF7BE, 0x18C3, 0x18C3, 0x18C3, 0x256C, 0x256C, 0x256C, 0x256C, 0x256C, 0x256C, 0x256C, 0x256C, 0xF79E, 0xF79E, 0xF79E, 0x256C, 0x256C,
        0x256C, 0x256C, 0x256C, 0x256C, 0x256C, 0x256C, 0x256C, 0x256C, 0x256C, 0x256C, 0x256C, 0x256C, 0x256C, 0xF7BE, 0xF7BE, 0xF7BE, 0x18C3, 0x18C3, 0x18C3, 0x256C, 0x256C, 0x256C, 0x256C, 0x256C, 0x256C, 0x256C, 0x256C, 0xF79E, 0xF79E, 0xF79E, 0x256C, 0x256C,
        0xF79E, 0xF79E, 0xF79E, 0xF79E, 0xF79E, 0xF79E, 0xF79E, 0xF79E, 0xD165, 0xD165, 0xD165, 0xD165, 0xD165, 0xF7BE, 0xF7BE, 0xF7BE, 0x18C3, 0x18C3, 0x18C3, 0xF79E, 0xF79E, 0xF79E, 0xF79E, 0xF79E, 0xD165, 0xD165, 0xD165, 0xF79E, 0xF79E, 0xF79E, 0x256C, 0x256C,
        0xF79E, 0xF79E, 0xF79E, 0xF79E, 0xF79E, 0xF79E, 0xF79E, 0xF79E, 0xD165, 0xD165, 0xD165, 0xD165, 0xD165, 0xF7BE, 0xF7BE, 0xF7BE, 0x18C3, 0x18C3, 0x18C3, 0xF79E, 0xF79E, 0xF79E, 0xF79E, 0xF79E, 0xD165, 0xD165, 0xD165, 0xF79E, 0xF79E, 0xF79E, 0x256C, 0x256C,
        0xF79E, 0xF79E, 0xF79E, 0xF79E, 0xF79E, 0xF79E, 0xF79E, 0xF79E, 0xD165, 0xD165, 0xD165, 0xD165, 0xD165, 0x18C3, 0x18C3, 0x18C3, 0xF7BE, 0xF7BE, 0xF7BE, 0xF79E, 0xF79E, 0xF79E, 0xF79E, 0xF79E, 0xD165, 0xD165, 0xD165, 0xF79E, 0xF79E, 0xF79E, 0x256C, 0x256C,
        0xA659, 0xA659, 0xA659, 0xA659, 0xA659, 0xA659, 0xA659, 0xA659, 0xA659, 0xA659, 0xA659, 0xA659, 0xA659, 0x18C3, 0x18C3, 0x18C3, 0xF7BE, 0xF7BE, 0xF7BE, 0xA659, 0xA659, 0xA659, 0xA659, 0xA659, 0xA659, 0xA659, 0xA659, 0xF79E, 0xF79E, 0xF79E, 0x256C, 0x256C,
        0xA659, 0xA659, 0xA659, 0xA659, 0xA659, 0xA659, 0xA659, 0xA659, 0xA659, 0xA659, 0xA659, 0xA659, 0xA659, 0x18C3, 0x18C3, 0x18C3, 0xF7BE, 0xF7BE, 0xF7BE, 0xA659, 0xA659, 0xA659, 0xA659, 0xA659, 0xA659, 0xA659, 0xA659, 0xF79E, 0xF79E, 0xF79E, 0x256C, 0x256C,
        0xA659, 0xA659, 0xA659, 0xA659, 0xA659, 0xA659, 0xA659, 0xA659, 0xA659, 0xA659, 0xA659, 0xA659, 0xA659, 0x18C3, 0x18C3, 0x18C3, 0xF7BE, 0xF7BE, 0xF7BE, 0xA659, 0xA659, 0xA659, 0xA659, 0xA659, 0xA659, 0xA659, 0xA659, 0xF79E, 0xF79E, 0xF79E, 0x256C, 0x256C,
        0xA659, 0xA659, 0xA659, 0xA659, 0xA659, 0xA659, 0xA659, 0xA659, 0xA659, 0xA659, 0xA659, 0xA659, 0xA659, 0xF7BE, 0xF7BE, 0xF7BE, 0x18C3, 0x18C3, 0x18C3, 0xA659, 0xA659, 0xA659, 0xA659, 0xA659, 0xA659, 0xA659, 0xA659, 0xD165, 0xD165, 0xD165, 0x256C, 0x256C,
        0xA659, 0xA659, 0xA659, 0xA659, 0xA659, 0xA659, 0xA659, 0xA659, 0xA659, 0xA659, 0xA659, 0xA659, 0xA659, 0xF7BE, 0xF7BE, 0xF7BE, 0x18C3, 0x18C3, 0x18C3, 0xA659, 0xA659, 0xA659, 0xA659, 0xA659, 0xA659, 0xA659, 0xA659, 0xD165, 0xD165, 0xD165, 0x256C, 0x256C,
        0xA659, 0xA659, 0xA659, 0xA659, 0xA659, 0xA659, 0xA659, 0xA659, 0xA659, 0xA659, 0xA659, 0xA659, 0xA659, 0xF7BE, 0xF7BE, 0xF7BE, 0x18C3, 0x18C3, 0x18C3, 0xA659, 0xA659, 0xA659, 0xA659, 0xA659, 0xA659, 0xA659, 0xA659, 0xD165, 0xD165, 0xD165, 0x256C, 0x256C,
        0xA659, 0xA659, 0xA659, 0xA659, 0xA659, 0xA659, 0xA659, 0xA659, 0xA659, 0xA659, 0xA659, 0xA659, 0xA659, 0xF7BE, 0xF7BE, 0xF7BE, 0x18C3, 0x18C3, 0x18C3, 0xA659, 0xA659, 0xA659, 0xA659, 0xA659, 0xA659, 0xA659, 0xA659, 0xD165, 0xD165, 0xD165, 0x256C, 0x256C,
        0xA659, 0xA659, 0xA659, 0xA659, 0xA659, 0xA659, 0xA659, 0xA659, 0xA659, 0xA659, 0xA659, 0xA659, 0xA659, 0x18C3, 0x18C3, 0x18C3, 0xF7BE, 0xF7BE, 0xF7BE, 0xA659, 0xA659, 0xA659, 0xA659, 0xA659, 0xA659, 0xA659, 0xA659, 0xD165, 0xD165, 0xD165, 0x256C, 0x256C,
        0xA659, 0xA659, 0xA659, 0xA659, 0xA659, 0xA659, 0xA659, 0xA659, 0xA659, 0xA659, 0xA659, 0xA659, 0xA659, 0x18C3, 0x18C3, 0x18C3, 0xF7BE, 0xF7BE, 0xF7BE, 0xA659, 0xA659, 0xA659, 0xA659, 0xA659, 0xA659, 0xA659, 0xA659, 0xD165, 0xD165, 0xD165, 0x256C, 0x256C,
        0xA659, 0xA659, 0xA659, 0xA659, 0xA659, 0xA659, 0xA659, 0xA659, 0xA659, 0xA659, 0xA659, 0xA659, 0xA659, 0x18C3, 0x18C3, 0x18C3, 0xF7BE, 0xF7BE, 0xF7BE, 0xA659, 0xA659, 0xA659, 0xA659, 0xA659, 0xA659, 0xA659, 0xA659, 0xD165, 0xD165, 0xD165, 0x256C, 0x256C,
        0xA659, 0xA659, 0xA659, 0xA659, 0xA659, 0xA659, 0xA659, 0xA659, 0xA659, 0xA659, 0xA659, 0xA659, 0xA659, 0x18C3, 0x18C3, 0x18C3, 0xF7BE, 0xF7BE, 0xF7BE, 0xA659, 0xA659, 0xA659, 0xA659, 0xA659, 0xA659, 0xA659, 0xA659, 0xD165, 0xD165, 0xD165, 0x256C, 0x256C,
        0xA659, 0xA659, 0xA659, 0xA659, 0xA659, 0xA659, 0xA659, 0xA659, 0xA659, 0xA659, 0xA659, 0xA659, 0xA659, 0xF7BE, 0xF7BE, 0xF7BE, 0x18C3, 0x18C3, 0x18C3, 0xA659, 0xA659, 0xA659, 0xA659, 0xA659, 0xA659, 0xA659, 0xA659, 0xF79E, 0xF79E, 0xF79E, 0x256C, 0x256C,
        0xA659, 0xA659, 0xA659, 0xA659, 0xA659, 0xA659, 0xA659, 0xA659, 0xA659, 0xA659, 0xA659, 0xA659, 0xA659, 0xF7BE, 0xF7BE, 0xF7BE, 0x18C3, 0x18C3, 0x18C3, 0xA659, 0xA659, 0xA659, 0xA659, 0xA659, 0xA659, 0xA659, 0xA659, 0xF79E, 0xF79E, 0xF79E, 0x256C, 0x256C,
        0xA659, 0xA659, 0xA659, 0xA659, 0xA659, 0xA659, 0xA659, 0xA659, 0xA659, 0xA659, 0xA659, 0xA659, 0xA659, 0xF7BE, 0xF7BE, 0xF7BE, 0x18C3, 0x18C3, 0x18C3, 0xA659, 0xA659, 0xA659, 0xA659, 0xA659, 0xA659, 0xA659, 0xA659, 0xF79E, 0xF79E, 0xF79E, 0x256C, 0x256C,
        0xA659, 0xA659, 0xA659, 0xA659, 0xA659, 0xA659, 0xA659, 0xA659, 0xA659, 0xA659, 0xA659, 0xA659, 0xA659, 0xF7BE, 0xF7BE, 0xF7BE, 0x18C3, 0x18C3, 0x18C3, 0xA659, 0xA659, 0xA659, 0xA659, 0xA659, 0xA659, 0xA659, 0xA659, 0xF79E, 0xF79E, 0xF79E, 0x256C, 0x256C,
        0xA659, 0xA659, 0xA659, 0xA659, 0xA659, 0xA659, 0xA659, 0xA659, 0xA659, 0xA659, 0xA659, 0xA659, 0xA659, 0x18C3, 0x18C3, 0x18C3, 0xF7BE, 0xF7BE, 0xF7BE, 0xA659, 0xA659, 0xA659, 0xA659, 0xA659, 0xA659, 0xA659, 0xA659, 0xF79E, 0xF79E, 0xF79E, 0x256C, 0x256C,
        0xA659, 0xA659, 0xA659, 0xA659, 0xA659, 0xA659, 0xA659, 0xA659, 0xA659, 0xA659, 0xA659, 0xA659, 0xA659, 0x18C3, 0x18C3, 0x18C3, 0xF7BE, 0xF7BE, 0xF7BE, 0xA659, 0xA659, 0xA659, 0xA659, 0xA659, 0xA659, 0xA659, 0xA659, 0xF79E, 0xF79E, 0xF79E, 0x256C, 0x256C,
        0xA659, 0xA659, 0xA659, 0xA659, 0xA659, 0xA659, 0xA659, 0xA659, 0xA659, 0xA659, 0xA659, 0xA659, 0xA659, 0x18C3, 0x18C3, 0x18C3, 0xF7BE, 0xF7BE, 0xF7BE, 0xA659, 0xA659, 0xA659, 0xA659, 0xA659, 0xA659, 0xA659, 0xA659, 0xF79E, 0xF79E, 0xF79E, 0x256C, 0x256C,
        0xA659, 0xA659, 0xA659, 0xA659, 0xA659, 0xA659, 0xA659, 0xA659, 0xA659, 0xA659, 0xA659, 0xA659, 0xA659, 0x18C3, 0x18C3, 0x18C3, 0xF7BE, 0xF7BE, 0xF7BE, 0xA659, 0xA659, 0xA659, 0xA659, 0xA659, 0xA659, 0xA659, 0xA659, 0xF79E, 0xF79E, 0xF79E, 0x256C, 0x256C,
        0xA659, 0xA659, 0xA659, 0xA659, 0xA659, 0xA659, 0xA659, 0xA659, 0xA659, 0xA659, 0xA659, 0xA659, 0xA659, 0xF7BE, 0xF7BE, 0xF7BE, 0x18C3, 0x18C3, 0x18C3, 0xA659, 0xA659, 0xA659, 0xA659, 0xA659, 0xA659, 0xA659, 0xA659, 0xD165, 0xD165, 0xD165, 0x256C, 0x256C,
        0xA659, 0xA659, 0xA659, 0xA659, 0xA659, 0xA659, 0xA659, 0xA659, 0xA659, 0xA659, 0xA659, 0xA659, 0xA659, 0xF7BE, 0xF7BE, 0xF7BE, 0x18C3, 0x18C3, 0x18C3, 0xA659, 0xA659, 0xA659, 0xA659, 0xA659, 0xA659, 0xA659, 0xA659, 0xD165, 0xD165, 0xD165, 0x256C, 0x256C,
        0xA659, 0xA659, 0xA659, 0xA659, 0xA659, 0xA659, 0xA659, 0xA659, 0xA659, 0xA659, 0xA659, 0xA659, 0xA659, 0xF7BE, 0xF7BE, 0xF7BE, 0x18C3, 0x18C3, 0x18C3, 0xA659, 0xA659, 0xA659, 0xA659, 0xA659, 0xA659, 0xA659, 0xA659, 0xD165, 0xD165, 0xD165, 0x256C, 0x256C,
        0xF79E, 0xF79E, 0xF79E, 0xF79E, 0xF79E, 0xF79E, 0xF79E, 0xF79E, 0xD165, 0xD165, 0xD165, 0xD165, 0xD165, 0xF7BE, 0xF7BE, 0xF7BE, 0x18C3, 0x18C3, 0x18C3, 0xF79E, 0xF79E, 0xF79E, 0xF79E, 0xF79E, 0xD165, 0xD165, 0xD165, 0xD165, 0xD165, 0xD165, 0xD165, 0xD165,
        0xF79E, 0xF79E, 0xF79E, 0xF79E, 0xF79E, 0xF79E, 0xF79E, 0xF79E, 0xD165, 0xD165, 0xD165, 0xD165, 0xD165, 0x18C3, 0x18C3, 0x18C3, 0xF7BE, 0xF7BE, 0xF7BE, 0xF79E, 0xF79E, 0xF79E, 0xF79E, 0xF79E, 0xD165, 0xD165, 0xD165, 0xD165, 0xD165, 0xD165, 0xD165, 0xD165,
        0xF79E, 0xF79E, 0xF79E, 0xF79E, 0xF79E, 0xF79E, 0xF79E, 0xF79E, 0xD165, 0xD165, 0xD165, 0xD165, 0xD165, 0x18C3, 0x18C3, 0x18C3, 0xF7BE, 0xF7BE, 0xF7BE, 0xF79E, 0xF79E, 0xF79E, 0xF79E, 0xF79E, 0xD165, 0xD165, 0xD165, 0xD165, 0xD165, 0xD165, 0xD165, 0xD165,
        0x256C, 0x256C, 0x256C, 0x256C, 0x256C, 0x256C, 0x256C, 0x256C, 0x256C, 0x256C, 0x256C, 0x256C, 0x256C, 0x18C3, 0x18C3, 0x18C3, 0xF7BE, 0xF7BE, 0xF7BE, 0x256C, 0x256C, 0x256C, 0x256C, 0x256C, 0x256C, 0x256C, 0x256C, 0x256C, 0x256C, 0x256C, 0x256C, 0x256C,
        0x256C, 0x256C, 0x256C, 0x256C, 0x256C, 0x256C, 0x256C, 0x256C, 0x256C, 0x256C, 0x256C, 0x256C, 0x256C, 0x18C3, 0x18C3, 0x18C3, 0xF7BE, 0xF7BE, 0xF7BE, 0x256C, 0x256C, 0x256C, 0x256C, 0x256C, 0x256C, 0x256C, 0x256C, 0x256C, 0x256C, 0x256C, 0x256C, 0x256C
    },
    [TRACK_TILE_FINISH_09] = {
        0xA659, 0xA659, 0xA659, 0xA659, 0xA659, 0xA659, 0xA659, 0xA659, 0xA659, 0xA659, 0xA659, 0xA659, 0xA659, 0xF7BE, 0xF7BE, 0xF7BE, 0x18C3, 0x18C3, 0x18C3, 0xA659, 0xA659, 0xA659, 0xA659, 0xA659, 0xA659, 0xA659, 0xA659, 0xF79E, 0xF79E, 0xF79E, 0x256C, 0x256C,
        0xA659, 0xA659, 0xA659, 0xA659, 0xA659, 0xA659, 0xA659, 0xA659, 0xA659, 0xA659, 0xA659, 0xA659, 0xA659, 0xF7BE, 0xF7BE, 0xF7BE, 0x18C3, 0x18C3, 0x18C3, 0xA659, 0xA659, 0xA659, 0xA659, 0xA659, 0xA659, 0xA659, 0xA659, 0xF79E, 0xF79E, 0xF79E, 0x256C, 0x256C,
        0xA659, 0xA659, 0xA659, 0xA659, 0xA659, 0xA659, 0xA659, 0xA659, 0xA659, 0xA659, 0xA659, 0xA659, 0xA659, 0xF7BE, 0xF7BE, 0xF7BE, 0x18C3, 0x18C3, 0x18C3, 0xA659, 0xA659, 0xA659, 0xA659, 0xA659, 0xA659, 0xA659, 0xA659, 0xF79E, 0xF79E, 0xF79E, 0x256C, 0x256C,
        0xA659, 0xA659, 0xA659, 0xA659, 0xA659, 0xA659, 0xA659, 0xA659, 0xA659, 0xA659, 0xA659, 0xA659, 0xA659, 0xF7BE, 0xF7BE, 0xF7BE, 0x18C3, 0x18C3, 0x18C3, 0xA659, 0xA659, 0xA659, 0xA659, 0xA659, 0xA659, 0xA659, 0xA659, 0xF79E, 0xF79E, 0xF79E, 0x256C, 0x256C,
        0xA659, 0xA659, 0xA659, 0xA659, 0xA659, 0xA659, 0xA659, 0xA659, 0xA659, 0xA659, 0xA659, 0xA659, 0xA659, 0x18C3, 0x18C3, 0x18C3, 0xF7BE, 0xF7BE, 0xF7BE, 0xA659, 0xA659, 0xA659, 0xA659, 0xA659, 0xA659, 0xA659, 0xA659, 0xF79E, 0xF79E, 0xF79E, 0x256C, 0x256C,
        0xA659, 0xA659, 0xA659, 0xA659, 0xA659, 0xA659, 0xA659, 0xA659, 0xA659, 0xA659, 0xA659, 0xA659, 0xA659, 0x18C3, 0x18C3, 0x18C3, 0xF7BE, 0xF7BE, 0xF7BE, 0xA659, 0xA659, 0xA659, 0xA659, 0xA659, 0xA659, 0xA659, 0xA659, 0xF79E, 0xF79E, 0xF79E, 0x256C, 0x256C,
        0xA659, 0xA659, 0xA659, 0xA659, 0xA659, 0xA659, 0xA659, 0xA659, 0xA659, 0xA659, 0xA659, 0xA659, 0xA659, 0x18C3, 0x18C3, 0x18C3, 0xF7BE, 0xF7BE, 0xF7BE, 0xA659, 0xA659, 0xA659, 0xA659, 0xA659, 0xA659, 0xA659, 0xA659, 0xF79E, 0xF79E, 0xF79E, 0x256C, 0x256C,
        0xA659, 0xA659, 0xA659, 0xA659, 0xA659, 0xA659, 0xA659, 0xA659, 0xA659, 0xA659, 0xA659, 0xA659, 0xA659, 0x18C3, 0x18C3, 0x18C3, 0xF7BE, 0xF7BE, 0xF7BE, 0xA659, 0xA659, 0xA659, 0xA659, 0xA659, 0xA659, 0xA659, 0xA659, 0xF79E, 0xF79E, 0xF79E, 0x256C, 0x256C,
        0xA659, 0xA659, 0xA659, 0xA659, 0xA659, 0xA659, 0xA659, 0xA659, 0xA659, 0xA659, 0xA659, 0xA659, 0xA659, 0xF7BE, 0xF7BE, 0xF7BE, 0x18C3, 0x18C3, 0x18C3, 0xA659, 0xA659, 0xA659, 0xA659, 0xA659, 0xA659, 0xA659, 0xA659, 0xD165, 0xD165, 0xD165, 0x256C, 0x256C,
        0xA659, 0xA659, 0xA659, 0xA659, 0xA659, 0xA659, 0xA659, 0xA659, 0xA659, 0xA659, 0xA659, 0xA659, 0xA659, 0xF7BE, 0xF7BE, 0xF7BE, 0x18C3, 0x18C3, 0x18C3, 0xA659, 0xA659, 0xA659, 0xA659, 0xA659, 0xA659, 0xA659, 0xA659, 0xD165, 0xD165, 0xD165, 0x256C, 0x256C,
        0xA659, 0xA659, 0xA659, 0xA659, 0xA659, 0xA659, 0xA659, 0xA659, 0xA659, 0xA659, 0xA659, 0xA659, 0xA659, 0xF7BE, 0xF7BE, 0xF7BE, 0x18C3, 0x18C3, 0x18C3, 0xA659, 0xA659, 0xA659, 0xA659, 0xA659, 0xA659, 0xA659, 0xA659, 0xD165, 0xD165, 0xD165, 0x256C, 0x256C,
        0xA659, 0xA659, 0xA659, 0xA659, 0xA659, 0xA659, 0xA659, 0xA659, 0xA659, 0xA659, 0xA659, 0xA659, 0xA659, 0xF7BE, 0xF7BE, 0xF7BE, 0x18C3, 0x18C3, 0x18C3, 0xA659, 0xA659, 0xA659, 0xA659, 0xA659, 0xA659, 0xA659, 0xA659, 0xD165, 0xD165, 0xD165, 0x256C, 0x256C,
        0xA659, 0xA659, 0xA659, 0xA659, 0xA659, 0xA659, 0xA659, 0xA659, 0xA659, 0xA659, 0xA659, 0xA659, 0xA659, 0x18C3, 0x18C3, 0x18C3, 0xF7BE, 0xF7BE, 0xF7BE, 0xA659, 0xA659, 0xA659, 0xA659, 0xA659, 0xA659, 0xA659, 0xA659, 0xD165, 0xD165, 0xD165, 0x256C, 0x256C,
        0xA659, 0xA659, 0xA659, 0xA659, 0xA659, 0xA659, 0xA659, 0xA659, 0xA659, 0xA659, 0xA659, 0xA659, 0xA659, 0x18C3, 0x18C3, 0x18C3, 0xF7BE, 0xF7BE, 0xF7BE, 0xA659, 0xA659, 0xA659, 0xA659, 0xA659, 0xA659, 0xA659, 0xA659, 0xD165, 0xD165, 0xD165, 0x256C, 0x256C,
        0xA659, 0xA659, 0xA659, 0xA659, 0xA659, 0xA659, 0xA659, 0xA659, 0xA659, 0xA659, 0xA659, 0xA659, 0xA659, 0x18C3, 0x18C3, 0x18C3, 0xF7BE, 0xF7BE, 0xF7BE, 0xA659, 0xA659, 0xA659, 0xA659, 0xA659, 0xA659, 0xA659, 0xA659, 0xD165, 0xD165, 0xD165, 0x256C, 0x256C,
        0xA659, 0xA659, 0xA659, 0xA659, 0xA659, 0xA659, 0xA659, 0xA659, 0xA659, 0xA659, 0xA659, 0xA659, 0xA659, 0x18C3, 0x18C3, 0x18C3, 0xF7BE, 0xF7BE, 0xF7BE, 0xA659, 0xA659, 0xA659, 0xA659, 0xA659, 0xA659, 0xA659, 0xA659, 0xD165, 0xD165, 0xD165, 0x256C, 0x256C,
        0xA659, 0xA659, 0xA659, 0xA659, 0xA659, 0xA659, 0xA659, 0xA659, 0xA659, 0xA659, 0xA659, 0xA659, 0xA659, 0xF7BE, 0xF7BE, 0xF7BE, 0x18C3, 0x18C3, 0x18C3, 0xA659, 0xA659, 0xA659, 0xA659, 0xA659, 0xA659, 0xA659, 0xA659, 0xF79E, 0xF79E, 0xF79E, 0x256C, 0x256C,
        0xA659, 0xA659, 0xA659, 0xA659, 0xA659, 0xA659, 0xA659, 0xA659, 0xA659, 0xA659, 0xA659, 0xA659, 0xA659, 0xF7BE, 0xF7BE, 0xF7BE, 0x18C3, 0x18C3, 0x18C3, 0xA659, 0xA659, 0xA659, 0xA659, 0xA659, 0xA659, 0xA659, 0xA659, 0xF79E, 0xF79E, 0xF79E, 0x256C, 0x256C,
        0xA659, 0xA659, 0xA659, 0xA659, 0xA659, 0xA659, 0xA659, 0xA659, 0xA659, 0xA659, 0xA659, 0xA659, 0xA659, 0xF7BE, 0xF7BE, 0xF7BE, 0x18C3, 0x18C3, 0x18C3, 0xA659, 0xA659, 0xA659, 0xA659, 0xA659, 0xA659, 0xA659, 0xA659, 0xF79E, 0xF79E, 0xF79E, 0x256C, 0x256C,
        0xA659, 0xA659, 0xA659, 0xA659, 0xA659, 0xA659, 0xA659, 0xA659, 0xA659, 0xA659, 0xA659, 0xA659, 0xA659, 0xF7BE, 0xF7BE, 0xF7BE, 0x18C3, 0x18C3, 0x18C3, 0xA659, 0xA659, 0xA659, 0xA659, 0xA659, 0xA659, 0xA659, 0xA659, 0xF79E, 0xF79E, 0xF79E, 0x256C, 0x256C,
        0xA659, 0xA659, 0xA659, 0xA659, 0xA659, 0xA659, 0xA659, 0xA659, 0xA659, 0xA659, 0xA659, 0xA659, 0xA659, 0x18C3, 0x18C3, 0x18C3, 0xF7BE, 0xF7BE, 0xF7BE, 0xA659, 0xA659, 0xA659, 0xA659, 0xA659, 0xA659, 0xA659, 0xA659, 0xF79E, 0xF79E, 0xF79E, 0x256C, 0x256C,
        0xA659, 0xA659, 0xA659, 0xA659, 0xA659, 0xA659, 0xA659, 0xA659, 0xA659, 0xA659, 0xA659, 0xA659, 0xA659, 0x18C3, 0x18C3, 0x18C3, 0xF7BE, 0xF7BE, 0xF7BE, 0xA659, 0xA659, 0xA659, 0xA659, 0xA659, 0xA659, 0xA659, 0xA659, 0xF79E, 0xF79E, 0xF79E, 0x256C, 0x256C,
        0xA659, 0xA659, 0xA659, 0xA659, 0xA659, 0xA659, 0xA659, 0xA659, 0xA659, 0xA659, 0xA659, 0xA659, 0xA659, 0x18C3, 0x18C3, 0x18C3, 0xF7BE, 0xF7BE, 0xF7BE, 0xA659, 0xA659, 0xA659, 0xA659, 0xA659, 0xA659, 0xA659, 0xA659, 0xF79E, 0xF79E, 0xF79E, 0x256C, 0x256C,
        0xA659, 0xA659, 0xA659, 0xA659, 0xA659, 0xA659, 0xA659, 0xA659, 0xA659, 0xA659, 0xA659, 0xA659, 0xA659, 0x18C3, 0x18C3, 0x18C3, 0xF7BE, 0xF7BE, 0xF7BE, 0xA659, 0xA659, 0xA659, 0xA659, 0xA659, 0xA659, 0xA659, 0xA659, 0xF79E, 0xF79E, 0xF79E, 0x256C, 0x256C,
        0xA659, 0xA659, 0xA659, 0xA659, 0xA659, 0xA659, 0xA659, 0xA659, 0xA659, 0xA659, 0xA659, 0xA659, 0xA659, 0xF7BE, 0xF7BE, 0xF7BE, 0x18C3, 0x18C3, 0x18C3, 0xA659, 0xA659, 0xA659, 0xA659, 0xA659, 0xA659, 0xA659, 0xA659, 0xD165, 0xD165, 0xD165, 0x256C, 0x256C,
        0xA659, 0xA659, 0xA659, 0xA659, 0xA659, 0xA659, 0xA659, 0xA659, 0xA659, 0xA659, 0xA659, 0xA659, 0xA659, 0xF7BE, 0xF7BE, 0xF7BE, 0x18C3, 0x18C3, 0x18C3, 0xA659, 0xA659, 0xA659, 0xA659, 0xA659, 0xA659, 0xA659, 0xA659, 0xD165, 0xD165, 0xD165, 0x256C, 0x256C,
        0xA659, 0xA659, 0xA659, 0xA659, 0xA659, 0xA659, 0xA659, 0xA659, 0xA659, 0xA659, 0xA659, 0xA659, 0xA659, 0xF7BE, 0xF7BE, 0xF7BE, 0x18C3, 0x18C3, 0x18C3, 0xA659, 0xA659, 0xA659, 0xA659, 0xA659, 0xA659, 0xA659, 0xA659, 0xD165, 0xD165, 0xD165, 0x256C, 0x256C,
        0xF79E, 0xF79E, 0xF79E, 0xF79E, 0xF79E, 0xF79E, 0xF79E, 0xF79E, 0xD165, 0xD165, 0xD165, 0xD165, 0xD165, 0xF7BE, 0xF7BE, 0xF7BE, 0x18C3, 0x18C3, 0x18C3, 0xF79E, 0xF79E, 0xF79E, 0xF79E, 0xF79E, 0xD165, 0xD165, 0xD165, 0xD165, 0xD165, 0xD165, 0xD165, 0xD165,
        0xF79E, 0xF79E, 0xF79E, 0xF79E, 0xF79E, 0xF79E, 0xF79E, 0xF79E, 0xD165, 0xD165, 0xD165, 0xD165, 0xD165, 0x18C3, 0x18C3, 0x18C3, 0xF7BE, 0xF7BE, 0xF7BE, 0xF79E, 0xF79E, 0xF79E, 0xF79E, 0xF79E, 0xD165, 0xD165, 0xD165, 0xD165, 0xD165, 0xD165, 0xD165, 0xD165,
        0xF79E, 0xF79E, 0xF79E, 0xF79E, 0xF79E, 0xF79E, 0xF79E, 0xF79E, 0xD165, 0xD165, 0xD165, 0xD165, 0xD165, 0x18C3, 0x18C3, 0x18C3, 0xF7BE, 0xF7BE, 0xF7BE, 0xF79E, 0xF79E, 0xF79E, 0xF79E, 0xF79E, 0xD165, 0xD165, 0xD165, 0xD165, 0xD165, 0xD165, 0xD165, 0xD165,
        0x256C, 0x256C, 0x256C, 0x256C, 0x256C, 0x256C, 0x256C, 0x256C, 0x256C, 0x256C, 0x256C, 0x256C, 0x256C, 0x18C3, 0x18C3, 0x18C3, 0xF7BE, 0xF7BE, 0xF7BE, 0x256C, 0x256C, 0x256C, 0x256C, 0x256C, 0x256C, 0x256C, 0x256C, 0x256C, 0x256C, 0x256C, 0x256C, 0x256C,
        0x256C, 0x256C, 0x256C, 0x256C, 0x256C, 0x256C, 0x256C, 0x256C, 0x256C, 0x256C, 0x256C, 0x256C, 0x256C, 0x18C3, 0x18C3, 0x18C3, 0xF7BE, 0xF7BE, 0xF7BE, 0x256C, 0x256C, 0x256C, 0x256C, 0x256C, 0x256C, 0x256C, 0x256C, 0x256C, 0x256C, 0x256C, 0x256C, 0x256C
    },
    [TRACK_TILE_FINISH_0A] = {
        0x256C, 0x256C, 0x256C, 0x256C, 0x256C, 0x256C, 0x256C, 0x256C, 0x256C, 0x256C, 0x256C, 0x256C, 0x256C, 0xF7BE, 0xF7BE, 0xF7BE, 0x18C3, 0x18C3, 0x18C3, 0x256C, 0x256C, 0x256C, 0x256C, 0x256C, 0x256C, 0x256C, 0x256C, 0x256C, 0x256C, 0x256C, 0x256C, 0x256C,
        0x256C, 0x256C, 0x256C, 0x256C, 0x256C, 0x256C, 0x256C, 0x256C, 0x256C, 0x256C, 0x256C, 0x256C, 0x256C, 0xF7BE, 0xF7BE, 0xF7BE, 0x18C3, 0x18C3, 0x18C3, 0x256C, 0x256C, 0x256C, 0x256C, 0x256C, 0x256C, 0x256C, 0x256C, 0x256C, 0x256C, 0x256C, 0x256C, 0x256C,
        0xF79E, 0xF79E, 0xF79E, 0xF79E, 0xF79E, 0xF79E, 0xF79E, 0xF79E, 0xD165, 0xD165, 0xD165, 0xD165, 0xD165, 0xF7BE, 0xF7BE, 0xF7BE, 0x18C3, 0x18C3, 0x18C3, 0xF79E, 0xF79E, 0xF79E, 0xF79E, 0xF79E, 0xD165, 0xD165, 0xD165, 0xD165, 0xD165, 0xD165, 0xD165, 0xD165,
        0xF79E, 0xF79E, 0xF79E, 0xF79E, 0xF79E, 0xF79E, 0xF79E, 0xF79E, 0xD165, 0xD165, 0xD165, 0xD165, 0xD165, 0xF7BE, 0xF7BE, 0xF7BE, 0x18C3, 0x18C3, 0x18C3, 0xF79E, 0xF79E, 0xF79E, 0xF79E, 0xF79E, 0xD165, 0xD165, 0xD165, 0xD165, 0xD165, 0xD165, 0xD165, 0xD165,
        0xF79E, 0xF79E, 0xF79E, 0xF79E, 0xF79E, 0xF79E, 0xF79E, 0xF79E, 0xD165, 0xD165, 0xD165, 0xD165, 0xD165, 0x18C3, 0x18C3, 0x18C3, 0xF7BE, 0xF7BE, 0xF7BE, 0xF79E, 0xF79E, 0xF79E, 0xF79E, 0xF79E, 0xD165, 0xD165, 0xD165, 0xD165, 0xD165, 0xD165, 0xD165, 0xD165,
        0xA659, 0xA659, 0xA659, 0xA659, 0xA659, 0xA659, 0xA659, 0xA659, 0xA659, 0xA659, 0xA659, 0xA659, 0xA659, 0x18C3, 0x18C3, 0x18C3, 0xF7BE, 0xF7BE, 0xF7BE, 0xA659, 0xA659, 0xA659, 0xA659, 0xA659, 0xA659, 0xA659, 0xA659, 0xA659, 0xA659, 0xA659, 0xA659, 0xA659,
        0xA659, 0xA659, 0xA659, 0xA659, 0xA659, 0xA659, 0xA659, 0xA659, 0xA659, 0xA659, 0xA659, 0xA659, 0xA659, 0x18C3, 0x18C3, 0x18C3, 0xF7BE, 0xF7BE, 0xF7BE, 0xA659, 0xA659, 0xA659, 0xA659, 0xA659, 0xA659, 0xA659, 0xA659, 0xA659, 0xA659, 0xA659, 0xA659, 0xA659,
        0xA659, 0xA659, 0xA659, 0xA659, 0xA659, 0xA659, 0xA659, 0xA659, 0xA659, 0xA659, 0xA659, 0xA659, 0xA659, 0x18C3, 0x18C3, 0x18C3, 0xF7BE, 0xF7BE, 0xF7BE, 0xA659, 0xA659, 0xA659, 0xA659, 0xA659, 0xA659, 0xA659, 0xA659, 0xA659, 0xA659, 0xA659, 0xA659, 0xA659,
        0xA659, 0xA659, 0xA659, 0xA659, 0xA659, 0xA659, 0xA659, 0xA659, 0xA659, 0xA659, 0xA659, 0xA659, 0xA659, 0xF7BE, 0xF7BE, 0xF7BE, 0x18C3, 0x18C3, 0x18C3, 0xA659, 0xA659, 0xA659, 0xA659, 0xA659, 0xA659, 0xA659, 0xA659, 0xA659, 0xA659, 0xA659, 0xA659, 0xA659,
        0xA659, 0xA659, 0xA659, 0xA659, 0xA659, 0xA659, 0xA659, 0xA659, 0xA659, 0xA659, 0xA659, 0xA659, 0xA659, 0xF7BE, 0xF7BE, 0xF7BE, 0x18C3, 0x18C3, 0x18C3, 0xA659, 0xA659, 0xA659, 0xA659, 0xA659, 0xA659, 0xA659, 0xA659, 0xA659, 0xA659, 0xA659, 0xA659, 0xA659,
        0xA659, 0xA659, 0xA659, 0xA659, 0xA659, 0xA659, 0xA659, 0xA659, 0xA659, 0xA659, 0xA659, 0xA659, 0xA659, 0xF7BE, 0xF7BE, 0xF7BE, 0x18C3, 0x18C3, 0x18C3, 0xA659, 0xA659, 0xA659, 0xA659, 0xA659, 0xA659, 0xA659, 0xA659, 0xA659, 0xA659, 0xA659, 0xA659, 0xA659,
        0xA659, 0xA659, 0xA659, 0xA659, 0xA659, 0xA659, 0xA659, 0xA659, 0xA659, 0xA659, 0xA659, 0xA659, 0xA659, 0xF7BE, 0xF7BE, 0xF7BE, 0x18C3, 0x18C3, 0x18C3, 0xA659, 0xA659, 0xA659, 0xA659, 0xA659, 0xA659, 0xA659, 0xA659, 0xA659, 0xA659, 0xA659, 0xA659, 0xA659,
        0xA659, 0xA659, 0xA659, 0xA659, 0xA659, 0xA659, 0xA659, 0xA659, 0xA659, 0xA659, 0xA659, 0xA659, 0xA659, 0x18C3, 0x18C3, 0x18C3, 0xF7BE, 0xF7BE, 0xF7BE, 0xA659, 0xA659, 0xA659, 0xA659, 0xA659, 0xA659, 0xA659, 0xA659, 0xA659, 0xA659, 0xA659, 0xA659, 0xA659,
        0xA659, 0xA659, 0xA659, 0xA659, 0xA659, 0xA659, 0xA659, 0xA659, 0xA659, 0xA659, 0xA659, 0xA659, 0xA659, 0x18C3, 0x18C3, 0x18C3, 0xF7BE, 0xF7BE, 0xF7BE, 0xA659, 0xA659, 0xA659, 0xA659, 0xA659, 0xA659, 0xA659, 0xA659, 0xA659, 0xA659, 0xA659, 0xA659, 0xA659,
        0xA659, 0xA659, 0xA659, 0xA659, 0xA659, 0xA659, 0xA659, 0xA659, 0xA659, 0xA659, 0xA659, 0xA659, 0xA659, 0x18C3, 0x18C3, 0x18C3, 0xF7BE, 0xF7BE, 0xF7BE, 0xA659, 0xA659, 0xA659, 0xA659, 0xA659, 0xA659, 0xA659, 0xA659, 0xA659, 0xA659, 0xA659, 0xA659, 0xA659,
        0xA659, 0xA659, 0xA659, 0xA659, 0xA659, 0xA659, 0xA659, 0xA659, 0xA659, 0xA659, 0xA659, 0xA659, 0xA659, 0x18C3, 0x18C3, 0x18C3, 0xF7BE, 0xF7BE, 0xF7BE, 0xA659, 0xA659, 0xA659, 0xA659, 0xA659, 0xA659, 0xA659, 0xA659, 0xA659, 0xA659, 0xA659, 0xA659, 0xA659,
        0xA659, 0xA659, 0xA659, 0xA659, 0xA659, 0xA659, 0xA659, 0xA659, 0xA659, 0xA659, 0xA659, 0xA659, 0xA659, 0xF7BE, 0xF7BE, 0xF7BE, 0x18C3, 0x18C3, 0x18C3, 0xA659, 0xA659, 0xA659, 0xA659, 0xA659, 0xA659, 0xA659, 0xA659, 0xA659, 0xA659, 0xA659, 0xA659, 0xA659,
        0xA659, 0xA659, 0xA659, 0xA659, 0xA659, 0xA659, 0xA659, 0xA659, 0xA659, 0xA659, 0xA659, 0xA659, 0xA659, 0xF7BE, 0xF7BE, 0xF7BE, 0x18C3, 0x18C3, 0x18C3, 0xA659, 0xA659, 0xA659, 0xA659, 0xA659, 0xA659, 0xA659, 0xA659, 0xA659, 0xA659, 0xA659, 0xA659, 0xA659,
        0xA659, 0xA659, 0xA659, 0xA659, 0xA659, 0xA659, 0xA659, 0xA659, 0xA659, 0xA659, 0xA659, 0xA659, 0xA659, 0xF7BE, 0xF7BE, 0xF7BE, 0x18C3, 0x18C3, 0x18C3, 0xA659, 0xA659, 0xA659, 0xA659, 0xA659, 0xA659, 0xA659, 0xA659, 0xA659, 0xA659, 0xA659, 0xA659, 0xA659,
        0xA659, 0xA659, 0xA659, 0xA659, 0xA659, 0xA659, 0xA659, 0xA659, 0xA659, 0xA659, 0xA659, 0xA659, 0xA659, 0xF7BE, 0xF7BE, 0xF7BE, 0x18C3, 0x18C3, 0x18C3, 0xA659, 0xA659, 0xA659, 0xA659, 0xA659, 0xA659, 0xA659, 0xA659, 0xA659, 0xA659, 0xA659, 0xA659, 0xA659,
        0xA659, 0xA659, 0xA659, 0xA659, 0xA659, 0xA659, 0xA659, 0xA659, 0xA659, 0xA659, 0xA659, 0xA659, 0xA659, 0x18C3, 0x18C3, 0x18C3, 0xF7BE, 0xF7BE, 0xF7BE, 0xA659, 0xA659, 0xA659, 0xA659, 0xA659, 0xA659, 0xA659, 0xA659, 0xA659, 0xA659, 0xA659, 0xA659, 0xA659,
        0xA659, 0xA659, 0xA659, 0xA659, 0xA659, 0xA659, 0xA659, 0xA659, 0xA659, 0xA659, 0xA659, 0xA659, 0xA659, 0x18C3, 0x18C3, 0x18C3, 0xF7BE, 0xF7BE, 0xF7BE, 0xA659, 0xA659, 0xA659, 0xA659, 0xA659, 0xA659, 0xA659, 0xA659, 0xA659, 0xA659, 0xA659, 0xA659, 0xA659,
        0xA659, 0xA659, 0xA659, 0xA659, 0xA659, 0xA659, 0xA659, 0xA659, 0xA659, 0xA659, 0xA659, 0xA659, 0xA659, 0x18C3, 0x18C3, 0x18C3, 0xF7BE, 0xF7BE, 0xF7BE, 0xA659, 0xA659, 0xA659, 0xA659, 0xA659, 0xA659, 0xA659, 0xA659, 0xA659, 0xA659, 0xA659, 0xA659, 0xA659,
        0xA659, 0xA659, 0xA659, 0xA659, 0xA659, 0xA659, 0xA659, 0xA659, 0xA659, 0xA659, 0xA659, 0xA659, 0xA659, 0x18C3, 0x18C3, 0x18C3, 0xF7BE, 0xF7BE, 0xF7BE, 0xA659, 0xA659, 0xA659, 0xA659, 0xA659, 0xA659, 0xA659, 0xA659, 0xA659, 0xA659, 0xA659, 0xA659, 0xA659,
        0xA659, 0xA659, 0xA659, 0xA659, 0xA659, 0xA659, 0xA659, 0xA659, 0xA659, 0xA659, 0xA659, 0xA659, 0xA659, 0xF7BE, 0xF7BE, 0xF7BE, 0x18C3, 0x18C3, 0x18C3, 0xA659, 0xA659, 0xA659, 0xA659, 0xA659, 0xA659, 0xA659, 0xA659, 0xA659, 0xA659, 0xA659, 0xA659, 0xA659,
        0xA659, 0xA659, 0xA659, 0xA659, 0xA659, 0xA659, 0xA659, 0xA659, 0xA659, 0xA659, 0xA659, 0xA659, 0xA659, 0xF7BE, 0xF7BE, 0xF7BE, 0x18C3, 0x18C3, 0x18C3, 0xA659, 0xA659, 0xA659, 0xA659, 0xA659, 0xA659, 0xA659, 0xA659, 0xA659, 0xA659, 0xA659, 0xA659, 0xA659,
        0xA659, 0xA659, 0xA659, 0xA659, 0xA659, 0xA659, 0xA659, 0xA659, 0xA659, 0xA659, 0xA659, 0xA659, 0xA659, 0xF7BE, 0xF7BE, 0xF7BE, 0x18C3, 0x18C3, 0x18C3, 0xA659, 0xA659, 0xA659, 0xA659, 0xA659, 0xA659, 0xA659, 0xA659, 0xA659, 0xA659, 0xA659, 0xA659, 0xA659,
        0xF79E, 0xF79E, 0xF79E, 0xF79E, 0xF79E, 0xF79E, 0xF79E, 0xF79E, 0xD165, 0xD165, 0xD165, 0xD165, 0xD165, 0xF7BE, 0xF7BE, 0xF7BE, 0x18C3, 0x18C3, 0x18C3, 0xF79E, 0xF79E, 0xF79E, 0xF79E, 0xF79E, 0xD165, 0xD165, 0xD165, 0xD165, 0xD165, 0xD165, 0xD165, 0xD165,
        0xF79E, 0xF79E, 0xF79E, 0xF79E, 0xF79E, 0xF79E, 0xF79E, 0xF79E, 0xD165, 0xD165, 0xD165, 0xD165, 0xD165, 0x18C3, 0x18C3, 0x18C3, 0xF7BE, 0xF7BE, 0xF7BE, 0xF79E, 0xF79E, 0xF79E, 0xF79E, 0xF79E, 0xD165, 0xD165, 0xD165, 0xD165, 0xD165, 0xD165, 0xD165, 0xD165,
        0xF79E, 0xF79E, 0xF79E, 0xF79E, 0xF79E, 0xF79E, 0xF79E, 0xF79E, 0xD165, 0xD165, 0xD165, 0xD165, 0xD165, 0x18C3, 0x18C3, 0x18C3, 0xF7BE, 0xF7BE, 0xF7BE, 0xF79E, 0xF79E, 0xF79E, 0xF79E, 0xF79E, 0xD165, 0xD165, 0xD165, 0xD165, 0xD165, 0xD165, 0xD165, 0xD165,
        0x256C, 0x256C, 0x256C, 0x256C, 0x256C, 0x256C, 0x256C, 0x256C, 0x256C, 0x256C, 0x256C, 0x256C, 0x256C, 0x18C3, 0x18C3, 0x18C3, 0xF7BE, 0xF7BE, 0xF7BE, 0x256C, 0x256C, 0x256C, 0x256C, 0x256C, 0x256C, 0x256C, 0x256C, 0x256C, 0x256C, 0x256C, 0x256C, 0x256C,
        0x256C, 0x256C, 0x256C, 0x256C, 0x256C, 0x256C, 0x256C, 0x256C, 0x256C, 0x256C, 0x256C, 0x256C, 0x256C, 0x18C3, 0x18C3, 0x18C3, 0xF7BE, 0xF7BE, 0xF7BE, 0x256C, 0x256C, 0x256C, 0x256C, 0x256C, 0x256C, 0x256C, 0x256C, 0x256C, 0x256C, 0x256C, 0x256C, 0x256C
    },
    [TRACK_TILE_FINISH_0B] = {
        0xA659, 0xA659, 0xA659, 0xA659, 0xA659, 0xA659, 0xA659, 0xA659, 0xA659, 0xA659, 0xA659, 0xA659, 0xA659, 0xF7BE, 0xF7BE, 0xF7BE, 0x18C3, 0x18C3, 0x18C3, 0xA659, 0xA659, 0xA659, 0xA659, 0xA659, 0xA659, 0xA659, 0xA659, 0xA659, 0xA659, 0xA659, 0xA659, 0xA659,
        0xA659, 0xA659, 0xA659, 0xA659, 0xA659, 0xA659, 0xA659, 0xA659, 0xA659, 0xA659, 0xA659, 0xA659, 0xA659, 0xF7BE, 0xF7BE, 0xF7BE, 0x18C3, 0x18C3, 0x18C3, 0xA659, 0xA659, 0xA659, 0xA659, 0xA659, 0xA659, 0xA659, 0xA659, 0xA659, 0xA659, 0xA659, 0xA659, 0xA659,
        0xA659, 0xA659, 0xA659, 0xA659, 0xA659, 0xA659, 0xA659, 0xA659, 0xA659, 0xA659, 0xA659, 0xA659, 0xA659, 0xF7BE, 0xF7BE, 0xF7BE, 0x18C3, 0x18C3, 0x18C3, 0xA659, 0xA659, 0xA659, 0xA659, 0xA659, 0xA659, 0xA659, 0xA659, 0xA659, 0xA659, 0xA659, 0xA659, 0xA659,
        0xA659, 0xA659, 0xA659, 0xA659, 0xA659, 0xA659, 0xA659, 0xA659, 0xA659, 0xA659, 0xA659, 0xA659, 0xA659, 0xF7BE, 0xF7BE, 0xF7BE, 0x18C3, 0x18C3, 0x18C3, 0xA659, 0xA659, 0xA659, 0xA659, 0xA659, 0xA659, 0xA659, 0xA659, 0xA659, 0xA659, 0xA659, 0xA659, 0xA659,
        0xA659, 0xA659, 0xA659, 0xA659, 0xA659, 0xA659, 0xA659, 0xA659, 0xA659, 0xA659, 0xA659, 0xA659, 0xA659, 0x18C3, 0x18C3, 0x18C3, 0xF7BE, 0xF7BE, 0xF7BE, 0xA659, 0xA659, 0xA659, 0xA659, 0xA659, 0xA659, 0xA659, 0xA659, 0xA659, 0xA659, 0xA659, 0xA659, 0xA659,
        0xA659, 0xA659, 0xA659, 0xA659, 0xA659, 0xA659, 0xA659, 0xA659, 0xA659, 0xA659, 0xA659, 0xA659, 0xA659, 0x18C3, 0x18C3, 0x18C3, 0xF7BE, 0xF7BE, 0xF7BE, 0xA659, 0xA659, 0xA659, 0xA659, 0xA659, 0xA659, 0xA659, 0xA659, 0xA659, 0xA659, 0xA659, 0xA659, 0xA659,
        0xA659, 0xA659, 0xA659, 0xA659, 0xA659, 0xA659, 0xA659, 0xA659, 0xA659, 0xA659, 0xA659, 0xA659, 0xA659, 0x18C3, 0x18C3, 0x18C3, 0xF7BE, 0xF7BE, 0xF7BE, 0xA659, 0xA659, 0xA659, 0xA659, 0xA659, 0xA659, 0xA659, 0xA659, 0xA659, 0xA659, 0xA659, 0xA659, 0xA659,
        0xA659, 0xA659, 0xA659, 0xA659, 0xA659, 0xA659, 0xA659, 0xA659, 0xA659, 0xA659, 0xA659, 0xA659, 0xA659, 0x18C3, 0x18C3, 0x18C3, 0xF7BE, 0xF7BE, 0xF7BE, 0xA659, 0xA659, 0xA659, 0xA659, 0xA659, 0xA659, 0xA659, 0xA659, 0xA659, 0xA659, 0xA659, 0xA659, 0xA659,
        0xA659, 0xA659, 0xA659, 0xA659, 0xA659, 0xA659, 0xA659, 0xA659, 0xA659, 0xA659, 0xA659, 0xA659, 0xA659, 0xF7BE, 0xF7BE, 0xF7BE, 0x18C3, 0x18C3, 0x18C3, 0xA659, 0xA659, 0xA659, 0xA659, 0xA659, 0xA659, 0xA659, 0xA659, 0xA659, 0xA659, 0xA659, 0xA659, 0xA659,
        0xA659, 0xA659, 0xA659, 0xA659, 0xA659, 0xA659, 0xA659, 0xA659, 0xA659, 0xA659, 0xA659, 0xA659, 0xA659, 0xF7BE, 0xF7BE, 0xF7BE, 0x18C3, 0x18C3, 0x18C3, 0xA659, 0xA659, 0xA659, 0xA659, 0xA659, 0xA659, 0xA659, 0xA659, 0xA659, 0xA659, 0xA659, 0xA659, 0xA659,
        0xA659, 0xA659, 0xA659, 0xA659, 0xA659, 0xA659, 0xA659, 0xA659, 0xA659, 0xA659, 0xA659, 0xA659, 0xA659, 0xF7BE, 0xF7BE, 0xF7BE, 0x18C3, 0x18C3, 0x18C3, 0xA659, 0xA659, 0xA659, 0xA659, 0xA659, 0xA659, 0xA659, 0xA659, 0xA659, 0xA659, 0xA659, 0xA659, 0xA659,
        0xA659, 0xA659, 0xA659, 0xA659, 0xA659, 0xA659, 0xA659, 0xA659, 0xA659, 0xA659, 0xA659, 0xA659, 0xA659, 0xF7BE, 0xF7BE, 0xF7BE, 0x18C3, 0x18C3, 0x18C3, 0xA659, 0xA659, 0xA659, 0xA659, 0xA659, 0xA659, 0xA659, 0xA659, 0xA659, 0xA659, 0xA659, 0xA659, 0xA659,
        0xA659, 0xA659, 0xA659, 0xA659, 0xA659, 0xA659, 0xA659, 0xA659, 0xA659, 0xA659, 0xA659, 0xA659, 0xA659, 0x18C3, 0x18C3, 0x18C3, 0xF7BE, 0xF7BE, 0xF7BE, 0xA659, 0xA659, 0xA659, 0xA659, 0xA659, 0xA659, 0xA659, 0xA659, 0xA659, 0xA659, 0xA659, 0xA659, 0xA659,
        0xA659, 0xA659, 0xA659, 0xA659, 0xA659, 0xA659, 0xA659, 0xA659, 0xA659, 0xA659, 0xA659, 0xA659, 0xA659, 0x18C3, 0x18C3, 0x18C3, 0xF7BE, 0xF7BE, 0xF7BE, 0xA659, 0xA659, 0xA659, 0xA659, 0xA659, 0xA659, 0xA659, 0xA659, 0xA659, 0xA659, 0xA659, 0xA659, 0xA659,
        0xA659, 0xA659, 0xA659, 0xA659, 0xA659, 0xA659, 0xA659, 0xA659, 0xA659, 0xA659, 0xA659, 0xA659, 0xA659, 0x18C3, 0x18C3, 0x18C3, 0xF7BE, 0xF7BE, 0xF7BE, 0xA659, 0xA659, 0xA659, 0xA659, 0xA659, 0xA659, 0xA659, 0xA659, 0xA659, 0xA659, 0xA659, 0xA659, 0xA659,
        0xA659, 0xA659, 0xA659, 0xA659, 0xA659, 0xA659, 0xA659, 0xA659, 0xA659, 0xA659, 0xA659, 0xA659, 0xA659, 0x18C3, 0x18C3, 0x18C3, 0xF7BE, 0xF7BE, 0xF7BE, 0xA659, 0xA659, 0xA659, 0xA659, 0xA659, 0xA659, 0xA659, 0xA659, 0xA659, 0xA659, 0xA659, 0xA659, 0xA659,
        0xA659, 0xA659, 0xA659, 0xA659, 0xA659, 0xA659, 0xA659, 0xA659, 0xA659, 0xA659, 0xA659, 0xA659, 0xA659, 0xF7BE, 0xF7BE, 0xF7BE, 0x18C3, 0x18C3, 0x18C3, 0xA659, 0xA659, 0xA659, 0xA659, 0xA659, 0xA659, 0xA659, 0xA659, 0xA659, 0xA659, 0xA659, 0xA659, 0xA659,
        0xA659, 0xA659, 0xA659, 0xA659, 0xA659, 0xA659, 0xA659, 0xA659, 0xA659, 0xA659, 0xA659, 0xA659, 0xA659, 0xF7BE, 0xF7BE, 0xF7BE, 0x18C3, 0x18C3, 0x18C3, 0xA659, 0xA659, 0xA659, 0xA659, 0xA659, 0xA659, 0xA659, 0xA659, 0xA659, 0xA659, 0xA659, 0xA659, 0xA659,
        0xA659, 0xA659, 0xA659, 0xA659, 0xA659, 0xA659, 0xA659, 0xA659, 0xA659, 0xA659, 0xA659, 0xA659, 0xA659, 0xF7BE, 0xF7BE, 0xF7BE, 0x18C3, 0x18C3, 0x18C3, 0xA659, 0xA659, 0xA659, 0xA659, 0xA659, 0xA659, 0xA659, 0xA659, 0xA659, 0xA659, 0xA659, 0xA659, 0xA659,
        0xA659, 0xA659, 0xA659, 0xA659, 0xA659, 0xA659, 0xA659, 0xA659, 0xA659, 0xA659, 0xA659, 0xA659, 0xA659, 0xF7BE, 0xF7BE, 0xF7BE, 0x18C3, 0x18C3, 0x18C3, 0xA659, 0xA659, 0xA659, 0xA659, 0xA659, 0xA659, 0xA659, 0xA659, 0xA659, 0xA659, 0xA659, 0xA659, 0xA659,
        0xA659, 0xA659, 0xA659, 0xA659, 0xA659, 0xA659, 0xA659, 0xA659, 0xA659, 0xA659, 0xA659, 0xA659, 0xA659, 0x18C3, 0x18C3, 0x18C3, 0xF7BE, 0xF7BE, 0xF7BE, 0xA659, 0xA659, 0xA659, 0xA659, 0xA659, 0xA659, 0xA659, 0xA659, 0xA659, 0xA659, 0xA659, 0xA659, 0xA659,
        0xA659, 0xA659, 0xA659, 0xA659, 0xA659, 0xA659, 0xA659, 0xA659, 0xA659, 0xA659, 0xA659, 0xA659, 0xA659, 0x18C3, 0x18C3, 0x18C3, 0xF7BE, 0xF7BE, 0xF7BE, 0xA659, 0xA659, 0xA659, 0xA659, 0xA659, 0xA659, 0xA659, 0xA659, 0xA659, 0xA659, 0xA659, 0xA659, 0xA659,
        0xA659, 0xA659, 0xA659, 0xA659, 0xA659, 0xA659, 0xA659, 0xA659, 0xA659, 0xA659, 0xA659, 0xA659, 0xA659, 0x18C3, 0x18C3, 0x18C3, 0xF7BE, 0xF7BE, 0xF7BE, 0xA659, 0xA659, 0xA659, 0xA659, 0xA659, 0xA659, 0xA659, 0xA659, 0xA659, 0xA659, 0xA659, 0xA659, 0xA659,
        0xA659, 0xA659, 0xA659, 0xA659, 0xA659, 0xA659, 0xA659, 0xA659, 0xA659, 0xA659, 0xA659, 0xA659, 0xA659, 0x18C3, 0x18C3, 0x18C3, 0xF7BE, 0xF7BE, 0xF7BE, 0xA659, 0xA659, 0xA659, 0xA659, 0xA659, 0xA659, 0xA659, 0xA659, 0xA659, 0xA659, 0xA659, 0xA659, 0xA659,
        0xA659, 0xA659, 0xA659, 0xA659, 0xA659, 0xA659, 0xA659, 0xA659, 0xA659, 0xA659, 0xA659, 0xA659, 0xA659, 0xF7BE, 0xF7BE, 0xF7BE, 0x18C3, 0x18C3, 0x18C3, 0xA659, 0xA659, 0xA659, 0xA659, 0xA659, 0xA659, 0xA659, 0xA659, 0xA659, 0xA659, 0xA659, 0xA659, 0xA659,
        0xA659, 0xA659, 0xA659, 0xA659, 0xA659, 0xA659, 0xA659, 0xA659, 0xA659, 0xA659, 0xA659, 0xA659, 0xA659, 0xF7BE, 0xF7BE, 0xF7BE, 0x18C3, 0x18C3, 0x18C3, 0xA659, 0xA659, 0xA659, 0xA659, 0xA659, 0xA659, 0xA659, 0xA659, 0xA659, 0xA659, 0xA659, 0xA659, 0xA659,
        0xA659, 0xA659, 0xA659, 0xA659, 0xA659, 0xA659, 0xA659, 0xA659, 0xA659, 0xA659, 0xA659, 0xA659, 0xA659, 0xF7BE, 0xF7BE, 0xF7BE, 0x18C3, 0x18C3, 0x18C3, 0xA659, 0xA659, 0xA659, 0xA659, 0xA659, 0xA659, 0xA659, 0xA659, 0xA659, 0xA659, 0xA659, 0xA659, 0xA659,
        0xF79E, 0xF79E, 0xF79E, 0xF79E, 0xF79E, 0xF79E, 0xF79E, 0xF79E, 0xD165, 0xD165, 0xD165, 0xD165, 0xD165, 0xF7BE, 0xF7BE, 0xF7BE, 0x18C3, 0x18C3, 0x18C3, 0xF79E, 0xF79E, 0xF79E, 0xF79E, 0xF79E, 0xD165, 0xD165, 0xD165, 0xD165, 0xD165, 0xD165, 0xD165, 0xD165,
        0xF79E, 0xF79E, 0xF79E, 0xF79E, 0xF79E, 0xF79E, 0xF79E, 0xF79E, 0xD165, 0xD165, 0xD165, 0xD165, 0xD165, 0x18C3, 0x18C3, 0x18C3, 0xF7BE, 0xF7BE, 0xF7BE, 0xF79E, 0xF79E, 0xF79E, 0xF79E, 0xF79E, 0xD165, 0xD165, 0xD165, 0xD165, 0xD165, 0xD165, 0xD165, 0xD165,
        0xF79E, 0xF79E, 0xF79E, 0xF79E, 0xF79E, 0xF79E, 0xF79E, 0xF79E, 0xD165, 0xD165, 0xD165, 0xD165, 0xD165, 0x18C3, 0x18C3, 0x18C3, 0xF7BE, 0xF7BE, 0xF7BE, 0xF79E, 0xF79E, 0xF79E, 0xF79E, 0xF79E, 0xD165, 0xD165, 0xD165, 0xD165, 0xD165, 0xD165, 0xD165, 0xD165,
        0x256C, 0x256C, 0x256C, 0x256C, 0x256C, 0x256C, 0x256C, 0x256C, 0x256C, 0x256C, 0x256C, 0x256C, 0x256C, 0x18C3, 0x18C3, 0x18C3, 0xF7BE, 0xF7BE, 0xF7BE, 0x256C, 0x256C, 0x256C, 0x256C, 0x256C, 0x256C, 0x256C, 0x256C, 0x256C, 0x256C, 0x256C, 0x256C, 0x256C,
        0x256C, 0x256C, 0x256C, 0x256C, 0x256C, 0x256C, 0x256C, 0x256C, 0x256C, 0x256C, 0x256C, 0x256C, 0x256C, 0x18C3, 0x18C3, 0x18C3, 0xF7BE, 0xF7BE, 0xF7BE, 0x256C, 0x256C, 0x256C, 0x256C, 0x256C, 0x256C, 0x256C, 0x256C, 0x256C, 0x256C, 0x256C, 0x256C, 0x256C
    },
    [TRACK_TILE_FINISH_0C] = {
        0x256C, 0x256C, 0x256C, 0x256C, 0x256C, 0x256C, 0x256C, 0x256C, 0x256C, 0x256C, 0x256C, 0x256C, 0x256C, 0xF7BE, 0xF7BE, 0xF7BE, 0x18C3, 0x18C3, 0x18C3, 0x256C, 0x256C, 0x256C, 0x256C, 0x256C, 0x256C, 0x256C, 0x256C, 0xF79E, 0xF79E, 0xF79E, 0x256C, 0x256C,
        0x256C, 0x256C, 0x256C, 0x256C, 0x256C, 0x256C, 0x256C, 0x256C, 0x256C, 0x256C, 0x256C, 0x256C, 0x256C, 0xF7BE, 0xF7BE, 0xF7BE, 0x18C3, 0x18C3, 0x18C3, 0x256C, 0x256C, 0x256C, 0x256C, 0x256C, 0x256C, 0x256C, 0x256C, 0xF79E, 0xF79E, 0xF79E, 0x256C, 0x256C,
        0xF79E, 0xF79E, 0xF79E, 0xF79E, 0xF79E, 0xF79E, 0xF79E, 0xF79E, 0xD165, 0xD165, 0xD165, 0xD165, 0xD165, 0xF7BE, 0xF7BE, 0xF7BE, 0x18C3, 0x18C3, 0x18C3, 0xF79E, 0xF79E, 0xF79E, 0xF79E, 0xF79E, 0xD165, 0xD165, 0xD165, 0xF79E, 0xF79E, 0xF79E, 0x256C, 0x256C,
        0xF79E, 0xF79E, 0xF79E, 0xF79E, 0xF79E, 0xF79E, 0xF79E, 0xF79E, 0xD165, 0xD165, 0xD165, 0xD165, 0xD165, 0xF7BE, 0xF7BE, 0xF7BE, 0x18C3, 0x18C3, 0x18C3, 0xF79E, 0xF79E, 0xF79E, 0xF79E, 0xF79E, 0xD165, 0xD165, 0xD165, 0xF79E, 0xF79E, 0xF79E, 0x256C, 0x256C,
        0xF79E, 0xF79E, 0xF79E, 0xF79E, 0xF79E, 0xF79E, 0xF79E, 0xF79E, 0xD165, 0xD165, 0xD165, 0xD165, 0xD165, 0x18C3, 0x18C3, 0x18C3, 0xF7BE, 0xF7BE, 0xF7BE, 0xF79E, 0xF79E, 0xF79E, 0xF79E, 0xF79E, 0xD165, 0xD165, 0xD165, 0xF79E, 0xF79E, 0xF79E, 0x256C, 0x256C,
        0xA659, 0xA659, 0xA659, 0xA659, 0xA659, 0xA659, 0xA659, 0xA659, 0xA659, 0xA659, 0xA659, 0xA659, 0xA659, 0x18C3, 0x18C3, 0x18C3, 0xF7BE, 0xF7BE, 0xF7BE, 0xA659, 0xA659, 0xA659, 0xA659, 0xA659, 0xA659, 0xA659, 0xA659, 0xF79E, 0xF79E, 0xF79E, 0x256C, 0x256C,
        0xA659, 0xA659, 0xA659, 0xA659, 0xA659, 0xA659, 0xA659, 0xA659, 0xA659, 0xA659, 0xA659, 0xA659, 0xA659, 0x18C3, 0x18C3, 0x18C3, 0xF7BE, 0xF7BE, 0xF7BE, 0xA659, 0xA659, 0xA659, 0xA659, 0xA659, 0xA659, 0xA659, 0xA659, 0xF79E, 0xF79E, 0xF79E, 0x256C, 0x256C,
        0xA659, 0xA659, 0xA659, 0xA659, 0xA659, 0xA659, 0xA659, 0xA659, 0xA659, 0xA659, 0xA659, 0xA659, 0xA659, 0x18C3, 0x18C3, 0x18C3, 0xF7BE, 0xF7BE, 0xF7BE, 0xA659, 0xA659, 0xA659, 0xA659, 0xA659, 0xA659, 0xA659, 0xA659, 0xF79E, 0xF79E, 0xF79E, 0x256C, 0x256C,
        0xA659, 0xA659, 0xA659, 0xA659, 0xA659, 0xA659, 0xA659, 0xA659, 0xA659, 0xA659, 0xA659, 0xA659, 0xA659, 0xF7BE, 0xF7BE, 0xF7BE, 0x18C3, 0x18C3, 0x18C3, 0xA659, 0xA659, 0xA659, 0xA659, 0xA659, 0xA659, 0xA659, 0xA659, 0xD165, 0xD165, 0xD165, 0x256C, 0x256C,
        0xA659, 0xA659, 0xA659, 0xA659, 0xA659, 0xA659, 0xA659, 0xA659, 0xA659, 0xA659, 0xA659, 0xA659, 0xA659, 0xF7BE, 0xF7BE, 0xF7BE, 0x18C3, 0x18C3, 0x18C3, 0xA659, 0xA659, 0xA659, 0xA659, 0xA659, 0xA659, 0xA659, 0xA659, 0xD165, 0xD165, 0xD165, 0x256C, 0x256C,
        0xA659, 0xA659, 0xA659, 0xA659, 0xA659, 0xA659, 0xA659, 0xA659, 0xA659, 0xA659, 0xA659, 0xA659, 0xA659, 0xF7BE, 0xF7BE, 0xF7BE, 0x18C3, 0x18C3, 0x18C3, 0xA659, 0xA659, 0xA659, 0xA659, 0xA659, 0xA659, 0xA659, 0xA659, 0xD165, 0xD165, 0xD165, 0x256C, 0x256C,
        0xA659, 0xA659, 0xA659, 0xA659, 0xA659, 0xA659, 0xA659, 0xA659, 0xA659, 0xA659, 0xA659, 0xA659, 0xA659, 0xF7BE, 0xF7BE, 0xF7BE, 0x18C3, 0x18C3, 0x18C3, 0xA659, 0xA659, 0xA659, 0xA659, 0xA659, 0xA659, 0xA659, 0xA659, 0xD165, 0xD165, 0xD165, 0x256C, 0x256C,
        0xA659, 0xA659, 0xA659, 0xA659, 0xA659, 0xA659, 0xA659, 0xA659, 0xA659, 0xA659, 0xA659, 0xA659, 0xA659, 0x18C3, 0x18C3, 0x18C3, 0xF7BE, 0xF7BE, 0xF7BE, 0xA659, 0xA659, 0xA659, 0xA659, 0xA659, 0xA659, 0xA659, 0xA659, 0xD165, 0xD165, 0xD165, 0x256C, 0x256C,
        0xA659, 0xA659, 0xA659, 0xA659, 0xA659, 0xA659, 0xA659, 0xA659, 0xA659, 0xA659, 0xA659, 0xA659, 0xA659, 0x18C3, 0x18C3, 0x18C3, 0xF7BE, 0xF7BE, 0xF7BE, 0xA659, 0xA659, 0xA659, 0xA659, 0xA659, 0xA659, 0xA659, 0xA659, 0xD165, 0xD165, 0xD165, 0x256C, 0x256C,
        0xA659, 0xA659, 0xA659, 0xA659, 0xA659, 0xA659, 0xA659, 0xA659, 0xA659, 0xA659, 0xA659, 0xA659, 0xA659, 0x18C3, 0x18C3, 0x18C3, 0xF7BE, 0xF7BE, 0xF7BE, 0xA659, 0xA659, 0xA659, 0xA659, 0xA659, 0xA659, 0xA659, 0xA659, 0xD165, 0xD165, 0xD165, 0x256C, 0x256C,
        0xA659, 0xA659, 0xA659, 0xA659, 0xA659, 0xA659, 0xA659, 0xA659, 0xA659, 0xA659, 0xA659, 0xA659, 0xA659, 0x18C3, 0x18C3, 0x18C3, 0xF7BE, 0xF7BE, 0xF7BE, 0xA659, 0xA659, 0xA659, 0xA659, 0xA659, 0xA659, 0xA659, 0xA659, 0xD165, 0xD165, 0xD165, 0x256C, 0x256C,
        0xA659, 0xA659, 0xA659, 0xA659, 0xA659, 0xA659, 0xA659, 0xA659, 0xA659, 0xA659, 0xA659, 0xA659, 0xA659, 0xF7BE, 0xF7BE, 0xF7BE, 0x18C3, 0x18C3, 0x18C3, 0xA659, 0xA659, 0xA659, 0xA659, 0xA659, 0xA659, 0xA659, 0xA659, 0xF79E, 0xF79E, 0xF79E, 0x256C, 0x256C,
        0xA659, 0xA659, 0xA659, 0xA659, 0xA659, 0xA659, 0xA659, 0xA659, 0xA659, 0xA659, 0xA659, 0xA659, 0xA659, 0xF7BE, 0xF7BE, 0xF7BE, 0x18C3, 0x18C3, 0x18C3, 0xA659, 0xA659, 0xA659, 0xA659, 0xA659, 0xA659, 0xA659, 0xA659, 0xF79E, 0xF79E, 0xF79E, 0x256C, 0x256C,
        0xA659, 0xA659, 0xA659, 0xA659, 0xA659, 0xA659, 0xA659, 0xA659, 0xA659, 0xA659, 0xA659, 0xA659, 0xA659, 0xF7BE, 0xF7BE, 0xF7BE, 0x18C3, 0x18C3, 0x18C3, 0xA659, 0xA659, 0xA659, 0xA659, 0xA659, 0xA659, 0xA659, 0xA659, 0xF79E, 0xF79E, 0xF79E, 0x256C, 0x256C,
        0xA659, 0xA659, 0xA659, 0xA659, 0xA659, 0xA659, 0xA659, 0xA659, 0xA659, 0xA659, 0xA659, 0xA659, 0xA659, 0xF7BE, 0xF7BE, 0xF7BE, 0x18C3, 0x18C3, 0x18C3, 0xA659, 0xA659, 0xA659, 0xA659, 0xA659, 0xA659, 0xA659, 0xA659, 0xF79E, 0xF79E, 0xF79E, 0x256C, 0x256C,
        0xA659, 0xA659, 0xA659, 0xA659, 0xA659, 0xA659, 0xA659, 0xA659, 0xA659, 0xA659, 0xA659, 0xA659, 0xA659, 0x18C3, 0x18C3, 0x18C3, 0xF7BE, 0xF7BE, 0xF7BE, 0xA659, 0xA659, 0xA659, 0xA659, 0xA659, 0xA659, 0xA659, 0xA659, 0xF79E, 0xF79E, 0xF79E, 0x256C, 0x256C,
        0xA659, 0xA659, 0xA659, 0xA659, 0xA659, 0xA659, 0xA659, 0xA659, 0xA659, 0xA659, 0xA659, 0xA659, 0xA659, 0x18C3, 0x18C3, 0x18C3, 0xF7BE, 0xF7BE, 0xF7BE, 0xA659, 0xA659, 0xA659, 0xA659, 0xA659, 0xA659, 0xA659, 0xA659, 0xF79E, 0xF79E, 0xF79E, 0x256C, 0x256C,
        0xA659, 0xA659, 0xA659, 0xA659, 0xA659, 0xA659, 0xA659, 0xA659, 0xA659, 0xA659, 0xA659, 0xA659, 0xA659, 0x18C3, 0x18C3, 0x18C3, 0xF7BE, 0xF7BE, 0xF7BE, 0xA659, 0xA659, 0xA659, 0xA659, 0xA659, 0xA659, 0xA659, 0xA659, 0xF79E, 0xF79E, 0xF79E, 0x256C, 0x256C,
        0xA659, 0xA659, 0xA659, 0xA659, 0xA659, 0xA659, 0xA659, 0xA659, 0xA659, 0xA659, 0xA659, 0xA659, 0xA659, 0x18C3, 0x18C3, 0x18C3, 0xF7BE, 0xF7BE, 0xF7BE, 0xA659, 0xA659, 0xA659, 0xA659, 0xA659, 0xA659, 0xA659, 0xA659, 0xF79E, 0xF79E, 0xF79E, 0x256C, 0x256C,
        0xA659, 0xA659, 0xA659, 0xA659, 0xA659, 0xA659, 0xA659, 0xA659, 0xA659, 0xA659, 0xA659, 0xA659, 0xA659, 0xF7BE, 0xF7BE, 0xF7BE, 0x18C3, 0x18C3, 0x18C3, 0xA659, 0xA659, 0xA659, 0xA659, 0xA659, 0xA659, 0xA659, 0xA659, 0xD165, 0xD165, 0xD165, 0x256C, 0x256C,
        0xA659, 0xA659, 0xA659, 0xA659, 0xA659, 0xA659, 0xA659, 0xA659, 0xA659, 0xA659, 0xA659, 0xA659, 0xA659, 0xF7BE, 0xF7BE, 0xF7BE, 0x18C3, 0x18C3, 0x18C3, 0xA659, 0xA659, 0xA659, 0xA659, 0xA659, 0xA659, 0xA659, 0xA659, 0xD165, 0xD165, 0xD165, 0x256C, 0x256C,
        0xA659, 0xA659, 0xA659, 0xA659, 0xA659, 0xA659, 0xA659, 0xA659, 0xA659, 0xA659, 0xA659, 0xA659, 0xA659, 0xF7BE, 0xF7BE, 0xF7BE, 0x18C3, 0x18C3, 0x18C3, 0xA659, 0xA659, 0xA659, 0xA659, 0xA659, 0xA659, 0xA659, 0xA659, 0xD165, 0xD165, 0xD165, 0x256C, 0x256C,
        0xA659, 0xA659, 0xA659, 0xA659, 0xA659, 0xA659, 0xA659, 0xA659, 0xA659, 0xA659, 0xA659, 0xA659, 0xA659, 0xF7BE, 0xF7BE, 0xF7BE, 0x18C3, 0x18C3, 0x18C3, 0xA659, 0xA659, 0xA659, 0xA659, 0xA659, 0xA659, 0xA659, 0xA659, 0xD165, 0xD165, 0xD165, 0x256C, 0x256C,
        0xA659, 0xA659, 0xA659, 0xA659, 0xA659, 0xA659, 0xA659, 0xA659, 0xA659, 0xA659, 0xA659, 0xA659, 0xA659, 0x18C3, 0x18C3, 0x18C3, 0xF7BE, 0xF7BE, 0xF7BE, 0xA659, 0xA659, 0xA659, 0xA659, 0xA659, 0xA659, 0xA659, 0xA659, 0xD165, 0xD165, 0xD165, 0x256C, 0x256C,
        0xA659, 0xA659, 0xA659, 0xA659, 0xA659, 0xA659, 0xA659, 0xA659, 0xA659, 0xA659, 0xA659, 0xA659, 0xA659, 0x18C3, 0x18C3, 0x18C3, 0xF7BE, 0xF7BE, 0xF7BE, 0xA659, 0xA659, 0xA659, 0xA659, 0xA659, 0xA659, 0xA659, 0xA659, 0xD165, 0xD165, 0xD165, 0x256C, 0x256C,
        0xA659, 0xA659, 0xA659, 0xA659, 0xA659, 0xA659, 0xA659, 0xA659, 0xA659, 0xA659, 0xA659, 0xA659, 0xA659, 0x18C3, 0x18C3, 0x18C3, 0xF7BE, 0xF7BE, 0xF7BE, 0xA659, 0xA659, 0xA659, 0xA659, 0xA659, 0xA659, 0xA659, 0xA659, 0xD165, 0xD165, 0xD165, 0x256C, 0x256C,
        0xA659, 0xA659, 0xA659, 0xA659, 0xA659, 0xA659, 0xA659, 0xA659, 0xA659, 0xA659, 0xA659, 0xA659, 0xA659, 0x18C3, 0x18C3, 0x18C3, 0xF7BE, 0xF7BE, 0xF7BE, 0xA659, 0xA659, 0xA659, 0xA659, 0xA659, 0xA659, 0xA659, 0xA659, 0xD165, 0xD165, 0xD165, 0x256C, 0x256C
    },
    [TRACK_TILE_FINISH_0D] = {
        0xA659, 0xA659, 0xA659, 0xA659, 0xA659, 0xA659, 0xA659, 0xA659, 0xA659, 0xA659, 0xA659, 0xA659, 0xA659, 0xF7BE, 0xF7BE, 0xF7BE, 0x18C3, 0x18C3, 0x18C3, 0xA659, 0xA659, 0xA659, 0xA659, 0xA659, 0xA659, 0xA659, 0xA659, 0xF79E, 0xF79E, 0xF79E, 0x256C, 0x256C,
        0xA659, 0xA659, 0xA659, 0xA659, 0xA659, 0xA659, 0xA659, 0xA659, 0xA659, 0xA659, 0xA659, 0xA659, 0xA659, 0xF7BE, 0xF7BE, 0xF7BE, 0x18C3, 0x18C3, 0x18C3, 0xA659, 0xA659, 0xA659, 0xA659, 0xA659, 0xA659, 0xA659, 0xA659, 0xF79E, 0xF79E, 0xF79E, 0x256C, 0x256C,
        0xA659, 0xA659, 0xA659, 0xA659, 0xA659, 0xA659, 0xA659, 0xA659, 0xA659, 0xA659, 0xA659, 0xA659, 0xA659, 0xF7BE, 0xF7BE, 0xF7BE, 0x18C3, 0x18C3, 0x18C3, 0xA659, 0xA659, 0xA659, 0xA659, 0xA659, 0xA659, 0xA659, 0xA659, 0xF79E, 0xF79E, 0xF79E, 0x256C, 0x256C,
        0xA659, 0xA659, 0xA659, 0xA659, 0xA659, 0xA659, 0xA659, 0xA659, 0xA659, 0xA659, 0xA659, 0xA659, 0xA659, 0xF7BE, 0xF7BE, 0xF7BE, 0x18C3, 0x18C3, 0x18C3, 0xA659, 0xA659, 0xA659, 0xA659, 0xA659, 0xA659, 0xA659, 0xA659, 0xF79E, 0xF79E, 0xF79E, 0x256C, 0x256C,
        0xA659, 0xA659, 0xA659, 0xA659, 0xA659, 0xA659, 0xA659, 0xA659, 0xA659, 0xA659, 0xA659, 0xA659, 0xA659, 0x18C3, 0x18C3, 0x18C3, 0xF7BE, 0xF7BE, 0xF7BE, 0xA659, 0xA659, 0xA659, 0xA659, 0xA659, 0xA659, 0xA659, 0xA659, 0xF79E, 0xF79E, 0xF79E, 0x256C, 0x256C,
        0xA659, 0xA659, 0xA659, 0xA659, 0xA659, 0xA659, 0xA659, 0xA659, 0xA659, 0xA659, 0xA659, 0xA659, 0xA659, 0x18C3, 0x18C3, 0x18C3, 0xF7BE, 0xF7BE, 0xF7BE, 0xA659, 0xA659, 0xA659, 0xA659, 0xA659, 0xA659, 0xA659, 0xA659, 0xF79E, 0xF79E, 0xF79E, 0x256C, 0x256C,
        0xA659, 0xA659, 0xA659, 0xA659, 0xA659, 0xA659, 0xA659, 0xA659, 0xA659, 0xA659, 0xA659, 0xA659, 0xA659, 0x18C3, 0x18C3, 0x18C3, 0xF7BE, 0xF7BE, 0xF7BE, 0xA659, 0xA659, 0xA659, 0xA659, 0xA659, 0xA659, 0xA659, 0xA659, 0xF79E, 0xF79E, 0xF79E, 0x256C, 0x256C,
        0xA659, 0xA659, 0xA659, 0xA659, 0xA659, 0xA659, 0xA659, 0xA659, 0xA659, 0xA659, 0xA659, 0xA659, 0xA659, 0x18C3, 0x18C3, 0x18C3, 0xF7BE, 0xF7BE, 0xF7BE, 0xA659, 0xA659, 0xA659, 0xA659, 0xA659, 0xA659, 0xA659, 0xA659, 0xF79E, 0xF79E, 0xF79E, 0x256C, 0x256C,
        0xA659, 0xA659, 0xA659, 0xA659, 0xA659, 0xA659, 0xA659, 0xA659, 0xA659, 0xA659, 0xA659, 0xA659, 0xA659, 0xF7BE, 0xF7BE, 0xF7BE, 0x18C3, 0x18C3, 0x18C3, 0xA659, 0xA659, 0xA659, 0xA659, 0xA659, 0xA659, 0xA659, 0xA659, 0xD165, 0xD165, 0xD165, 0x256C, 0x256C,
        0xA659, 0xA659, 0xA659, 0xA659, 0xA659, 0xA659, 0xA659, 0xA659, 0xA659, 0xA659, 0xA659, 0xA659, 0xA659, 0xF7BE, 0xF7BE, 0xF7BE, 0x18C3, 0x18C3, 0x18C3, 0xA659, 0xA659, 0xA659, 0xA659, 0xA659, 0xA659, 0xA659, 0xA659, 0xD165, 0xD165, 0xD165, 0x256C, 0x256C,
        0xA659, 0xA659, 0xA659, 0xA659, 0xA659, 0xA659, 0xA659, 0xA659, 0xA659, 0xA659, 0xA659, 0xA659, 0xA659, 0xF7BE, 0xF7BE, 0xF7BE, 0x18C3, 0x18C3, 0x18C3, 0xA659, 0xA659, 0xA659, 0xA659, 0xA659, 0xA659, 0xA659, 0xA659, 0xD165, 0xD165, 0xD165, 0x256C, 0x256C,
        0xA659, 0xA659, 0xA659, 0xA659, 0xA659, 0xA659, 0xA659, 0xA659, 0xA659, 0xA659, 0xA659, 0xA659, 0xA659, 0xF7BE, 0xF7BE, 0xF7BE, 0x18C3, 0x18C3, 0x18C3, 0xA659, 0xA659, 0xA659, 0xA659, 0xA659, 0xA659, 0xA659, 0xA659, 0xD165, 0xD165, 0xD165, 0x256C, 0x256C,
        0xA659, 0xA659, 0xA659, 0xA659, 0xA659, 0xA659, 0xA659, 0xA659, 0xA659, 0xA659, 0xA659, 0xA659, 0xA659, 0x18C3, 0x18C3, 0x18C3, 0xF7BE, 0xF7BE, 0xF7BE, 0xA659, 0xA659, 0xA659, 0xA659, 0xA659, 0xA659, 0xA659, 0xA659, 0xD165, 0xD165, 0xD165, 0x256C, 0x256C,
        0xA659, 0xA659, 0xA659, 0xA659, 0xA659, 0xA659, 0xA659, 0xA659, 0xA659, 0xA659, 0xA659, 0xA659, 0xA659, 0x18C3, 0x18C3, 0x18C3, 0xF7BE, 0xF7BE, 0xF7BE, 0xA659, 0xA659, 0xA659, 0xA659, 0xA659, 0xA659, 0xA659, 0xA659, 0xD165, 0xD165, 0xD165, 0x256C, 0x256C,
        0xA659, 0xA659, 0xA659, 0xA659, 0xA659, 0xA659, 0xA659, 0xA659, 0xA659, 0xA659, 0xA659, 0xA659, 0xA659, 0x18C3, 0x18C3, 0x18C3, 0xF7BE, 0xF7BE, 0xF7BE, 0xA659, 0xA659, 0xA659, 0xA659, 0xA659, 0xA659, 0xA659, 0xA659, 0xD165, 0xD165, 0xD165, 0x256C, 0x256C,
        0xA659, 0xA659, 0xA659, 0xA659, 0xA659, 0xA659, 0xA659, 0xA659, 0xA659, 0xA659, 0xA659, 0xA659, 0xA659, 0x18C3, 0x18C3, 0x18C3, 0xF7BE, 0xF7BE, 0xF7BE, 0xA659, 0xA659, 0xA659, 0xA659, 0xA659, 0xA659, 0xA659, 0xA659, 0xD165, 0xD165, 0xD165, 0x256C, 0x256C,
        0xA659, 0xA659, 0xA659, 0xA659, 0xA659, 0xA659, 0xA659, 0xA659, 0xA659, 0xA659, 0xA659, 0xA659, 0xA659, 0xF7BE, 0xF7BE, 0xF7BE, 0x18C3, 0x18C3, 0x18C3, 0xA659, 0xA659, 0xA659, 0xA659, 0xA659, 0xA659, 0xA659, 0xA659, 0xF79E, 0xF79E, 0xF79E, 0x256C, 0x256C,
        0xA659, 0xA659, 0xA659, 0xA659, 0xA659, 0xA659, 0xA659, 0xA659, 0xA659, 0xA659, 0xA659, 0xA659, 0xA659, 0xF7BE, 0xF7BE, 0xF7BE, 0x18C3, 0x18C3, 0x18C3, 0xA659, 0xA659, 0xA659, 0xA659, 0xA659, 0xA659, 0xA659, 0xA659, 0xF79E, 0xF79E, 0xF79E, 0x256C, 0x256C,
        0xA659, 0xA659, 0xA659, 0xA659, 0xA659, 0xA659, 0xA659, 0xA659, 0xA659, 0xA659, 0xA659, 0xA659, 0xA659, 0xF7BE, 0xF7BE, 0xF7BE, 0x18C3, 0x18C3, 0x18C3, 0xA659, 0xA659, 0xA659, 0xA659, 0xA659, 0xA659, 0xA659, 0xA659, 0xF79E, 0xF79E, 0xF79E, 0x256C, 0x256C,
        0xA659, 0xA659, 0xA659, 0xA659, 0xA659, 0xA659, 0xA659, 0xA659, 0xA659, 0xA659, 0xA659, 0xA659, 0xA659, 0xF7BE, 0xF7BE, 0xF7BE, 0x18C3, 0x18C3, 0x18C3, 0xA659, 0xA659, 0xA659, 0xA659, 0xA659, 0xA659, 0xA659, 0xA659, 0xF79E, 0xF79E, 0xF79E, 0x256C, 0x256C,
        0xA659, 0xA659, 0xA659, 0xA659, 0xA659, 0xA659, 0xA659, 0xA659, 0xA659, 0xA659, 0xA659, 0xA659, 0xA659, 0x18C3, 0x18C3, 0x18C3, 0xF7BE, 0xF7BE, 0xF7BE, 0xA659, 0xA659, 0xA659, 0xA659, 0xA659, 0xA659, 0xA659, 0xA659, 0xF79E, 0xF79E, 0xF79E, 0x256C, 0x256C,
        0xA659, 0xA659, 0xA659, 0xA659, 0xA659, 0xA659, 0xA659, 0xA659, 0xA659, 0xA659, 0xA659, 0xA659, 0xA659, 0x18C3, 0x18C3, 0x18C3, 0xF7BE, 0xF7BE, 0xF7BE, 0xA659, 0xA659, 0xA659, 0xA659, 0xA659, 0xA659, 0xA659, 0xA659, 0xF79E, 0xF79E, 0xF79E, 0x256C, 0x256C,
        0xA659, 0xA659, 0xA659, 0xA659, 0xA659, 0xA659, 0xA659, 0xA659, 0xA659, 0xA659, 0xA659, 0xA659, 0xA659, 0x18C3, 0x18C3, 0x18C3, 0xF7BE, 0xF7BE, 0xF7BE, 0xA659, 0xA659, 0xA659, 0xA659, 0xA659, 0xA659, 0xA659, 0xA659, 0xF79E, 0xF79E, 0xF79E, 0x256C, 0x256C,
        0xA659, 0xA659, 0xA659, 0xA659, 0xA659, 0xA659, 0xA659, 0xA659, 0xA659, 0xA659, 0xA659, 0xA659, 0xA659, 0x18C3, 0x18C3, 0x18C3, 0xF7BE, 0xF7BE, 0xF7BE, 0xA659, 0xA659, 0xA659, 0xA659, 0xA659, 0xA659, 0xA659, 0xA659, 0xF79E, 0xF79E, 0xF79E, 0x256C, 0x256C,
        0xA659, 0xA659, 0xA659, 0xA659, 0xA659, 0xA659, 0xA659, 0xA659, 0xA659, 0xA659, 0xA659, 0xA659, 0xA659, 0xF7BE, 0xF7BE, 0xF7BE, 0x18C3, 0x18C3, 0x18C3, 0xA659, 0xA659, 0xA659, 0xA659, 0xA659, 0xA659, 0xA659, 0xA659, 0xD165, 0xD165, 0xD165, 0x256C, 0x256C,
        0xA659, 0xA659, 0xA659, 0xA659, 0xA659, 0xA659, 0xA659, 0xA659, 0xA659, 0xA659, 0xA659, 0xA659, 0xA659, 0xF7BE, 0xF7BE, 0xF7BE, 0x18C3, 0x18C3, 0x18C3, 0xA659, 0xA659, 0xA659, 0xA659, 0xA659, 0xA659, 0xA659, 0xA659, 0xD165, 0xD165, 0xD165, 0x256C, 0x256C,
        0xA659, 0xA659, 0xA659, 0xA659, 0xA659, 0xA659, 0xA659, 0xA659, 0xA659, 0xA659, 0xA659, 0xA659, 0xA659, 0xF7BE, 0xF7BE, 0xF7BE, 0x18C3, 0x18C3, 0x18C3, 0xA659, 0xA659, 0xA659, 0xA659, 0xA659, 0xA659, 0xA659, 0xA659, 0xD165, 0xD165, 0xD165, 0x256C, 0x256C,
        0xA659, 0xA659, 0xA659, 0xA659, 0xA659, 0xA659, 0xA659, 0xA659, 0xA659, 0xA659, 0xA659, 0xA659, 0xA659, 0xF7BE, 0xF7BE, 0xF7BE, 0x18C3, 0x18C3, 0x18C3, 0xA659, 0xA659, 0xA659, 0xA659, 0xA659, 0xA659, 0xA659, 0xA659, 0xD165, 0xD165, 0xD165, 0x256C, 0x256C,
        0xA659, 0xA659, 0xA659, 0xA659, 0xA659, 0xA659, 0xA659, 0xA659, 0xA659, 0xA659, 0xA659, 0xA659, 0xA659, 0x18C3, 0x18C3, 0x18C3, 0xF7BE, 0xF7BE, 0xF7BE, 0xA659, 0xA659, 0xA659, 0xA659, 0xA659, 0xA659, 0xA659, 0xA659, 0xD165, 0xD165, 0xD165, 0x256C, 0x256C,
        0xA659, 0xA659, 0xA659, 0xA659, 0xA659, 0xA659, 0xA659, 0xA659, 0xA659, 0xA659, 0xA659, 0xA659, 0xA659, 0x18C3, 0x18C3, 0x18C3, 0xF7BE, 0xF7BE, 0xF7BE, 0xA659, 0xA659, 0xA659, 0xA659, 0xA659, 0xA659, 0xA659, 0xA659, 0xD165, 0xD165, 0xD165, 0x256C, 0x256C,
        0xA659, 0xA659, 0xA659, 0xA659, 0xA659, 0xA659, 0xA659, 0xA659, 0xA659, 0xA659, 0xA659, 0xA659, 0xA659, 0x18C3, 0x18C3, 0x18C3, 0xF7BE, 0xF7BE, 0xF7BE, 0xA659, 0xA659, 0xA659, 0xA659, 0xA659, 0xA659, 0xA659, 0xA659, 0xD165, 0xD165, 0xD165, 0x256C, 0x256C,
        0xA659, 0xA659, 0xA659, 0xA659, 0xA659, 0xA659, 0xA659, 0xA659, 0xA659, 0xA659, 0xA659, 0xA659, 0xA659, 0x18C3, 0x18C3, 0x18C3, 0xF7BE, 0xF7BE, 0xF7BE, 0xA659, 0xA659, 0xA659, 0xA659, 0xA659, 0xA659, 0xA659, 0xA659, 0xD165, 0xD165, 0xD165, 0x256C, 0x256C
    },
    [TRACK_TILE_FINISH_0E] = {
        0x256C, 0x256C, 0x256C, 0x256C, 0x256C, 0x256C, 0x256C, 0x256C, 0x256C, 0x256C, 0x256C, 0x256C, 0x256C, 0xF7BE, 0xF7BE, 0xF7BE, 0x18C3, 0x18C3, 0x18C3, 0x256C, 0x256C, 0x256C, 0x256C, 0x256C, 0x256C, 0x256C, 0x256C, 0x256C, 0x256C, 0x256C, 0x256C, 0x256C,
        0x256C, 0x256C, 0x256C, 0x256C, 0x256C, 0x256C, 0x256C, 0x256C, 0x256C, 0x256C, 0x256C, 0x256C, 0x256C, 0xF7BE, 0xF7BE, 0xF7BE, 0x18C3, 0x18C3, 0x18C3, 0x256C, 0x256C, 0x256C, 0x256C, 0x256C, 0x256C, 0x256C, 0x256C, 0x256C, 0x256C, 0x256C, 0x256C, 0x256C,
        0xF79E, 0xF79E, 0xF79E, 0xF79E, 0xF79E, 0xF79E, 0xF79E, 0xF79E, 0xD165, 0xD165, 0xD165, 0xD165, 0xD165, 0xF7BE, 0xF7BE, 0xF7BE, 0x18C3, 0x18C3, 0x18C3, 0xF79E, 0xF79E, 0xF79E, 0xF79E, 0xF79E, 0xD165, 0xD165, 0xD165, 0xD165, 0xD165, 0xD165, 0xD165, 0xD165,
        0xF79E, 0xF79E, 0xF79E, 0xF79E, 0xF79E, 0xF79E, 0xF79E, 0xF79E, 0xD165, 0xD165, 0xD165, 0xD165, 0xD165, 0xF7BE, 0xF7BE, 0xF7BE, 0x18C3, 0x18C3, 0x18C3, 0xF79E, 0xF79E, 0xF79E, 0xF79E, 0xF79E, 0xD165, 0xD165, 0xD165, 0xD165, 0xD165, 0xD165, 0xD165, 0xD165,
        0xF79E, 0xF79E, 0xF79E, 0xF79E, 0xF79E, 0xF79E, 0xF79E, 0xF79E, 0xD165, 0xD165, 0xD165, 0xD165, 0xD165, 0x18C3, 0x18C3, 0x18C3, 0xF7BE, 0xF7BE, 0xF7BE, 0xF79E, 0xF79E, 0xF79E, 0xF79E, 0xF79E, 0xD165, 0xD165, 0xD165, 0xD165, 0xD165, 0xD165, 0xD165, 0xD165,
        0xA659, 0xA659, 0xA659, 0xA659, 0xA659, 0xA659, 0xA659, 0xA659, 0xA659, 0xA659, 0xA659, 0xA659, 0xA659, 0x18C3, 0x18C3, 0x18C3, 0xF7BE, 0xF7BE, 0xF7BE, 0xA659, 0xA659, 0xA659, 0xA659, 0xA659, 0xA659, 0xA659, 0xA659, 0xA659, 0xA659, 0xA659, 0xA659, 0xA659,
        0xA659, 0xA659, 0xA659, 0xA659, 0xA659, 0xA659, 0xA659, 0xA659, 0xA659, 0xA659, 0xA659, 0xA659, 0xA659, 0x18C3, 0x18C3, 0x18C3, 0xF7BE, 0xF7BE, 0xF7BE, 0xA659, 0xA659, 0xA659, 0xA659, 0xA659, 0xA659, 0xA659, 0xA659, 0xA659, 0xA659, 0xA659, 0xA659, 0xA659,
        0xA659, 0xA659, 0xA659, 0xA659, 0xA659, 0xA659, 0xA659, 0xA659, 0xA659, 0xA659, 0xA659, 0xA659, 0xA659, 0x18C3, 0x18C3, 0x18C3, 0xF7BE, 0xF7BE, 0xF7BE, 0xA659, 0xA659, 0xA659, 0xA659, 0xA659, 0xA659, 0xA659, 0xA659, 0xA659, 0xA659, 0xA659, 0xA659, 0xA659,
        0xA659, 0xA659, 0xA659, 0xA659, 0xA659, 0xA659, 0xA659, 0xA659, 0xA659, 0xA659, 0xA659, 0xA659, 0xA659, 0xF7BE, 0xF7BE, 0xF7BE, 0x18C3, 0x18C3, 0x18C3, 0xA659, 0xA659, 0xA659, 0xA659, 0xA659, 0xA659, 0xA659, 0xA659, 0xA659, 0xA659, 0xA659, 0xA659, 0xA659,
        0xA659, 0xA659, 0xA659, 0xA659, 0xA659, 0xA659, 0xA659, 0xA659, 0xA659, 0xA659, 0xA659, 0xA659, 0xA659, 0xF7BE, 0xF7BE, 0xF7BE, 0x18C3, 0x18C3, 0x18C3, 0xA659, 0xA659, 0xA659, 0xA659, 0xA659, 0xA659, 0xA659, 0xA659, 0xA659, 0xA659, 0xA659, 0xA659, 0xA659,
        0xA659, 0xA659, 0xA659, 0xA659, 0xA659, 0xA659, 0xA659, 0xA659, 0xA659, 0xA659, 0xA659, 0xA659, 0xA659, 0xF7BE, 0xF7BE, 0xF7BE, 0x18C3, 0x18C3, 0x18C3, 0xA659, 0xA659, 0xA659, 0xA659, 0xA659, 0xA659, 0xA659, 0xA659, 0xA659, 0xA659, 0xA659, 0xA659, 0xA659,
        0xA659, 0xA659, 0xA659, 0xA659, 0xA659, 0xA659, 0xA659, 0xA659, 0xA659, 0xA659, 0xA659, 0xA659, 0xA659, 0xF7BE, 0xF7BE, 0xF7BE, 0x18C3, 0x18C3, 0x18C3, 0xA659, 0xA659, 0xA659, 0xA659, 0xA659, 0xA659, 0xA659, 0xA659, 0xA659, 0xA659, 0xA659, 0xA659, 0xA659,
        0xA659, 0xA659, 0xA659, 0xA659, 0xA659, 0xA659, 0xA659, 0xA659, 0xA659, 0xA659, 0xA659, 0xA659, 0xA659, 0x18C3, 0x18C3, 0x18C3, 0xF7BE, 0xF7BE, 0xF7BE, 0xA659, 0xA659, 0xA659, 0xA659, 0xA659, 0xA659, 0xA659, 0xA659, 0xA659, 0xA659, 0xA659, 0xA659, 0xA659,
        0xA659, 0xA659, 0xA659, 0xA659, 0xA659, 0xA659, 0xA659, 0xA659, 0xA659, 0xA659, 0xA659, 0xA659, 0xA659, 0x18C3, 0x18C3, 0x18C3, 0xF7BE, 0xF7BE, 0xF7BE, 0xA659, 0xA659, 0xA659, 0xA659, 0xA659, 0xA659, 0xA659, 0xA659, 0xA659, 0xA659, 0xA659, 0xA659, 0xA659,
        0xA659, 0xA659, 0xA659, 0xA659, 0xA659, 0xA659, 0xA659, 0xA659, 0xA659, 0xA659, 0xA659, 0xA659, 0xA659, 0x18C3, 0x18C3, 0x18C3, 0xF7BE, 0xF7BE, 0xF7BE, 0xA659, 0xA659, 0xA659, 0xA659, 0xA659, 0xA659, 0xA659, 0xA659, 0xA659, 0xA659, 0xA659, 0xA659, 0xA659,
        0xA659, 0xA659, 0xA659, 0xA659, 0xA659, 0xA659, 0xA659, 0xA659, 0xA659, 0xA659, 0xA659, 0xA659, 0xA659, 0x18C3, 0x18C3, 0x18C3, 0xF7BE, 0xF7BE, 0xF7BE, 0xA659, 0xA659, 0xA659, 0xA659, 0xA659, 0xA659, 0xA659, 0xA659, 0xA659, 0xA659, 0xA659, 0xA659, 0xA659,
        0xA659, 0xA659, 0xA659, 0xA659, 0xA659, 0xA659, 0xA659, 0xA659, 0xA659, 0xA659, 0xA659, 0xA659, 0xA659, 0xF7BE, 0xF7BE, 0xF7BE, 0x18C3, 0x18C3, 0x18C3, 0xA659, 0xA659, 0xA659, 0xA659, 0xA659, 0xA659, 0xA659, 0xA659, 0xA659, 0xA659, 0xA659, 0xA659, 0xA659,
        0xA659, 0xA659, 0xA659, 0xA659, 0xA659, 0xA659, 0xA659, 0xA659, 0xA659, 0xA659, 0xA659, 0xA659, 0xA659, 0xF7BE, 0xF7BE, 0xF7BE, 0x18C3, 0x18C3, 0x18C3, 0xA659, 0xA659, 0xA659, 0xA659, 0xA659, 0xA659, 0xA659, 0xA659, 0xA659, 0xA659, 0xA659, 0xA659, 0xA659,
        0xA659, 0xA659, 0xA659, 0xA659, 0xA659, 0xA659, 0xA659, 0xA659, 0xA659, 0xA659, 0xA659, 0xA659, 0xA659, 0xF7BE, 0xF7BE, 0xF7BE, 0x18C3, 0x18C3, 0x18C3, 0xA659, 0xA659, 0xA659, 0xA659, 0xA659, 0xA659, 0xA659, 0xA659, 0xA659, 0xA659, 0xA659, 0xA659, 0xA659,
        0xA659, 0xA659, 0xA659, 0xA659, 0xA659, 0xA659, 0xA659, 0xA659, 0xA659, 0xA659, 0xA659, 0xA659, 0xA659, 0xF7BE, 0xF7BE, 0xF7BE, 0x18C3, 0x18C3, 0x18C3, 0xA659, 0xA659, 0xA659, 0xA659, 0xA659, 0xA659, 0xA659, 0xA659, 0xA659, 0xA659, 0xA659, 0xA659, 0xA659,
        0xA659, 0xA659, 0xA659, 0xA659, 0xA659, 0xA659, 0xA659, 0xA659, 0xA659, 0xA659, 0xA659, 0xA659, 0xA659, 0x18C3, 0x18C3, 0x18C3, 0xF7BE, 0xF7BE, 0xF7BE, 0xA659, 0xA659, 0xA659, 0xA659, 0xA659, 0xA659, 0xA659, 0xA659, 0xA659, 0xA659, 0xA659, 0xA659, 0xA659,
        0xA659, 0xA659, 0xA659, 0xA659, 0xA659, 0xA659, 0xA659, 0xA659, 0xA659, 0xA659, 0xA659, 0xA659, 0xA659, 0x18C3, 0x18C3, 0x18C3, 0xF7BE, 0xF7BE, 0xF7BE, 0xA659, 0xA659, 0xA659, 0xA659, 0xA659, 0xA659, 0xA659, 0xA659, 0xA659, 0xA659, 0xA659, 0xA659, 0xA659,
        0xA659, 0xA659, 0xA659, 0xA659, 0xA659, 0xA659, 0xA659, 0xA659, 0xA659, 0xA659, 0xA659, 0xA659, 0xA659, 0x18C3, 0x18C3, 0x18C3, 0xF7BE, 0xF7BE, 0xF7BE, 0xA659, 0xA659, 0xA659, 0xA659, 0xA659, 0xA659, 0xA659, 0xA659, 0xA659, 0xA659, 0xA659, 0xA659, 0xA659,
        0xA659, 0xA659, 0xA659, 0xA659, 0xA659, 0xA659, 0xA659, 0xA659, 0xA659, 0xA659, 0xA659, 0xA659, 0xA659, 0x18C3, 0x18C3, 0x18C3, 0xF7BE, 0xF7BE, 0xF7BE, 0xA659, 0xA659, 0xA659, 0xA659, 0xA659, 0xA659, 0xA659, 0xA659, 0xA659, 0xA659, 0xA659, 0xA659, 0xA659,
        0xA659, 0xA659, 0xA659, 0xA659, 0xA659, 0xA659, 0xA659, 0xA659, 0xA659, 0xA659, 0xA659, 0xA659, 0xA659, 0xF7BE, 0xF7BE, 0xF7BE, 0x18C3, 0x18C3, 0x18C3, 0xA659, 0xA659, 0xA659, 0xA659, 0xA659, 0xA659, 0xA659, 0xA659, 0xA659, 0xA659, 0xA659, 0xA659, 0xA659,
        0xA659, 0xA659, 0xA659, 0xA659, 0xA659, 0xA659, 0xA659, 0xA659, 0xA659, 0xA659, 0xA659, 0xA659, 0xA659, 0xF7BE, 0xF7BE, 0xF7BE, 0x18C3, 0x18C3, 0x18C3, 0xA659, 0xA659, 0xA659, 0xA659, 0xA659, 0xA659, 0xA659, 0xA659, 0xA659, 0xA659, 0xA659, 0xA659, 0xA659,
        0xA659, 0xA659, 0xA659, 0xA659, 0xA659, 0xA659, 0xA659, 0xA659, 0xA659, 0xA659, 0xA659, 0xA659, 0xA659, 0xF7BE, 0xF7BE, 0xF7BE, 0x18C3, 0x18C3, 0x18C3, 0xA659, 0xA659, 0xA659, 0xA659, 0xA659, 0xA659, 0xA659, 0xA659, 0xA659, 0xA659, 0xA659, 0xA659, 0xA659,
        0xA659, 0xA659, 0xA659, 0xA659, 0xA659, 0xA659, 0xA659, 0xA659, 0xA659, 0xA659, 0xA659, 0xA659, 0xA659, 0xF7BE, 0xF7BE, 0xF7BE, 0x18C3, 0x18C3, 0x18C3, 0xA659, 0xA659, 0xA659, 0xA659, 0xA659, 0xA659, 0xA659, 0xA659, 0xA659, 0xA659, 0xA659, 0xA659, 0xA659,
        0xA659, 0xA659, 0xA659, 0xA659, 0xA659, 0xA659, 0xA659, 0xA659, 0xA659, 0xA659, 0xA659, 0xA659, 0xA659, 0x18C3, 0x18C3, 0x18C3, 0xF7BE, 0xF7BE, 0xF7BE, 0xA659, 0xA659, 0xA659, 0xA659, 0xA659, 0xA659, 0xA659, 0xA659, 0xA659, 0xA659, 0xA659, 0xA659, 0xA659,
        0xA659, 0xA659, 0xA659, 0xA659, 0xA659, 0xA659, 0xA659, 0xA659, 0xA659, 0xA659, 0xA659, 0xA659, 0xA659, 0x18C3, 0x18C3, 0x18C3, 0xF7BE, 0xF7BE, 0xF7BE, 0xA659, 0xA659, 0xA659, 0xA659, 0xA659, 0xA659, 0xA659, 0xA659, 0xA659, 0xA659, 0xA659, 0xA659, 0xA659,
        0xA659, 0xA659, 0xA659, 0xA659, 0xA659, 0xA659, 0xA659, 0xA659, 0xA659, 0xA659, 0xA659, 0xA659, 0xA659, 0x18C3, 0x18C3, 0x18C3, 0xF7BE, 0xF7BE, 0xF7BE, 0xA659, 0xA659, 0xA659, 0xA659, 0xA659, 0xA659, 0xA659, 0xA659, 0xA659, 0xA659, 0xA659, 0xA659, 0xA659,
        0xA659, 0xA659, 0xA659, 0xA659, 0xA659, 0xA659, 0xA659, 0xA659, 0xA659, 0xA659, 0xA659, 0xA659, 0xA659, 0x18C3, 0x18C3, 0x18C3, 0xF7BE, 0xF7BE, 0xF7BE, 0xA659, 0xA659, 0xA659, 0xA659, 0xA659, 0xA659, 0xA659, 0xA659, 0xA659, 0xA659, 0xA659, 0xA659, 0xA659
    },
    [TRACK_TILE_FINISH_0F] = {
        0xA659, 0xA659, 0xA659, 0xA659, 0xA659, 0xA659, 0xA659, 0xA659, 0xA659, 0xA659, 0xA659, 0xA659, 0xA659, 0xF7BE, 0xF7BE, 0xF7BE, 0x18C3, 0x18C3, 0x18C3, 0xA659, 0xA659, 0xA659, 0xA659, 0xA659, 0xA659, 0xA659, 0xA659, 0xA659, 0xA659, 0xA659, 0xA659, 0xA659,
        0xA659, 0xA659, 0xA659, 0xA659, 0xA659, 0xA659, 0xA659, 0xA659, 0xA659, 0xA659, 0xA659, 0xA659, 0xA659, 0xF7BE, 0xF7BE, 0xF7BE, 0x18C3, 0x18C3, 0x18C3, 0xA659, 0xA659, 0xA659, 0xA659, 0xA659, 0xA659, 0xA659, 0xA659, 0xA659, 0xA659, 0xA659, 0xA659, 0xA659,
        0xA659, 0xA659, 0xA659, 0xA659, 0xA659, 0xA659, 0xA659, 0xA659, 0xA659, 0xA659, 0xA659, 0xA659, 0xA659, 0xF7BE, 0xF7BE, 0xF7BE, 0x18C3, 0x18C3, 0x18C3, 0xA659, 0xA659, 0xA659, 0xA659, 0xA659, 0xA659, 0xA659, 0xA659, 0xA659, 0xA659, 0xA659, 0xA659, 0xA659,
        0xA659, 0xA659, 0xA659, 0xA659, 0xA659, 0xA659, 0xA659, 0xA659, 0xA659, 0xA659, 0xA659, 0xA659, 0xA659, 0xF7BE, 0xF7BE, 0xF7BE, 0x18C3, 0x18C3, 0x18C3, 0xA659, 0xA659, 0xA659, 0xA659, 0xA659, 0xA659, 0xA659, 0xA659, 0xA659, 0xA659, 0xA659, 0xA659, 0xA659,
        0xA659, 0xA659, 0xA659, 0xA659, 0xA659, 0xA659, 0xA659, 0xA659, 0xA659, 0xA659, 0xA659, 0xA659, 0xA659, 0x18C3, 0x18C3, 0x18C3, 0xF7BE, 0xF7BE, 0xF7BE, 0xA659, 0xA659, 0xA659, 0xA659, 0xA659, 0xA659, 0xA659, 0xA659, 0xA659, 0xA659, 0xA659, 0xA659, 0xA659,
        0xA659, 0xA659, 0xA659, 0xA659, 0xA659, 0xA659, 0xA659, 0xA659, 0xA659, 0xA659, 0xA659, 0xA659, 0xA659, 0x18C3, 0x18C3, 0x18C3, 0xF7BE, 0xF7BE, 0xF7BE, 0xA659, 0xA659, 0xA659, 0xA659, 0xA659, 0xA659, 0xA659, 0xA659, 0xA659, 0xA659, 0xA659, 0xA659, 0xA659,
        0xA659, 0xA659, 0xA659, 0xA659, 0xA659, 0xA659, 0xA659, 0xA659, 0xA659, 0xA659, 0xA659, 0xA659, 0xA659, 0x18C3, 0x18C3, 0x18C3, 0xF7BE, 0xF7BE, 0xF7BE, 0xA659, 0xA659, 0xA659, 0xA659, 0xA659, 0xA659, 0xA659, 0xA659, 0xA659, 0xA659, 0xA659, 0xA659, 0xA659,
        0xA659, 0xA659, 0xA659, 0xA659, 0xA659, 0xA659, 0xA659, 0xA659, 0xA659, 0xA659, 0xA659, 0xA659, 0xA659, 0x18C3, 0x18C3, 0x18C3, 0xF7BE, 0xF7BE, 0xF7BE, 0xA659, 0xA659, 0xA659, 0xA659, 0xA659, 0xA659, 0xA659, 0xA659, 0xA659, 0xA659, 0xA659, 0xA659, 0xA659,
        0xA659, 0xA659, 0xA659, 0xA659, 0xA659, 0xA659, 0xA659, 0xA659, 0xA659, 0xA659, 0xA659, 0xA659, 0xA659, 0xF7BE, 0xF7BE, 0xF7BE, 0x18C3, 0x18C3, 0x18C3, 0xA659, 0xA659, 0xA659, 0xA659, 0xA659, 0xA659, 0xA659, 0xA659, 0xA659, 0xA659, 0xA659, 0xA659, 0xA659,
        0xA659, 0xA659, 0xA659, 0xA659, 0xA659, 0xA659, 0xA659, 0xA659, 0xA659, 0xA659, 0xA659, 0xA659, 0xA659, 0xF7BE, 0xF7BE, 0xF7BE, 0x18C3, 0x18C3, 0x18C3, 0xA659, 0xA659, 0xA659, 0xA659, 0xA659, 0xA659, 0xA659, 0xA659, 0xA659, 0xA659, 0xA659, 0xA659, 0xA659,
        0xA659, 0xA659, 0xA659, 0xA659, 0xA659, 0xA659, 0xA659, 0xA659, 0xA659, 0xA659, 0xA659, 0xA659, 0xA659, 0xF7BE, 0xF7BE, 0xF7BE, 0x18C3, 0x18C3, 0x18C3, 0xA659, 0xA659, 0xA659, 0xA659, 0xA659, 0xA659, 0xA659, 0xA659, 0xA659, 0xA659, 0xA659, 0xA659, 0xA659,
        0xA659, 0xA659, 0xA659, 0xA659, 0xA659, 0xA659, 0xA659, 0xA659, 0xA659, 0xA659, 0xA659, 0xA659, 0xA659, 0xF7BE, 0xF7BE, 0xF7BE, 0x18C3, 0x18C3, 0x18C3, 0xA659, 0xA659, 0xA659, 0xA659, 0xA659, 0xA659, 0xA659, 0xA659, 0xA659, 0xA659, 0xA659, 0xA659, 0xA659,
        0xA659, 0xA659, 0xA659, 0xA659, 0xA659, 0xA659, 0xA659, 0xA659, 0xA659, 0xA659, 0xA659, 0xA659, 0xA659, 0x18C3, 0x18C3, 0x18C3, 0xF7BE, 0xF7BE, 0xF7BE, 0xA659, 0xA659, 0xA659, 0xA659, 0xA659, 0xA659, 0xA659, 0xA659, 0xA659, 0xA659, 0xA659, 0xA659, 0xA659,
        0xA659, 0xA659, 0xA659, 0xA659, 0xA659, 0xA659, 0xA659, 0xA659, 0xA659, 0xA659, 0xA659, 0xA659, 0xA659, 0x18C3, 0x18C3, 0x18C3, 0xF7BE, 0xF7BE, 0xF7BE, 0xA659, 0xA659, 0xA659, 0xA659, 0xA659, 0xA659, 0xA659, 0xA659, 0xA659, 0xA659, 0xA659, 0xA659, 0xA659,
        0xA659, 0xA659, 0xA659, 0xA659, 0xA659, 0xA659, 0xA659, 0xA659, 0xA659, 0xA659, 0xA659, 0xA659, 0xA659, 0x18C3, 0x18C3, 0x18C3, 0xF7BE, 0xF7BE, 0xF7BE, 0xA659, 0xA659, 0xA659, 0xA659, 0xA659, 0xA659, 0xA659, 0xA659, 0xA659, 0xA659, 0xA659, 0xA659, 0xA659,
        0xA659, 0xA659, 0xA659, 0xA659, 0xA659, 0xA659, 0xA659, 0xA659, 0xA659, 0xA659, 0xA659, 0xA659, 0xA659, 0x18C3, 0x18C3, 0x18C3, 0xF7BE, 0xF7BE, 0xF7BE, 0xA659, 0xA659, 0xA659, 0xA659, 0xA659, 0xA659, 0xA659, 0xA659, 0xA659, 0xA659, 0xA659, 0xA659, 0xA659,
        0xA659, 0xA659, 0xA659, 0xA659, 0xA659, 0xA659, 0xA659, 0xA659, 0xA659, 0xA659, 0xA659, 0xA659, 0xA659, 0xF7BE, 0xF7BE, 0xF7BE, 0x18C3, 0x18C3, 0x18C3, 0xA659, 0xA659, 0xA659, 0xA659, 0xA659, 0xA659, 0xA659, 0xA659, 0xA659, 0xA659, 0xA659, 0xA659, 0xA659,
        0xA659, 0xA659, 0xA659, 0xA659, 0xA659, 0xA659, 0xA659, 0xA659, 0xA659, 0xA659, 0xA659, 0xA659, 0xA659, 0xF7BE, 0xF7BE, 0xF7BE, 0x18C3, 0x18C3, 0x18C3, 0xA659, 0xA659, 0xA659, 0xA659, 0xA659, 0xA659, 0xA659, 0xA659, 0xA659, 0xA659, 0xA659, 0xA659, 0xA659,
        0xA659, 0xA659, 0xA659, 0xA659, 0xA659, 0xA659, 0xA659, 0xA659, 0xA659, 0xA659, 0xA659, 0xA659, 0xA659, 0xF7BE, 0xF7BE, 0xF7BE, 0x18C3, 0x18C3, 0x18C3, 0xA659, 0xA659, 0xA659, 0xA659, 0xA659, 0xA659, 0xA659, 0xA659, 0xA659, 0xA659, 0xA659, 0xA659, 0xA659,
        0xA659, 0xA659, 0xA659, 0xA659, 0xA659, 0xA659, 0xA659, 0xA659, 0xA659, 0xA659, 0xA659, 0xA659, 0xA659, 0xF7BE, 0xF7BE, 0xF7BE, 0x18C3, 0x18C3, 0x18C3, 0xA659, 0xA659, 0xA659, 0xA659, 0xA659, 0xA659, 0xA659, 0xA659, 0xA659, 0xA659, 0xA659, 0xA659, 0xA659,
        0xA659, 0xA659, 0xA659, 0xA659, 0xA659, 0xA659, 0xA659, 0xA659, 0xA659, 0xA659, 0xA659, 0xA659, 0xA659, 0x18C3, 0x18C3, 0x18C3, 0xF7BE, 0xF7BE, 0xF7BE, 0xA659, 0xA659, 0xA659, 0xA659, 0xA659, 0xA659, 0xA659, 0xA659, 0xA659, 0xA659, 0xA659, 0xA659, 0xA659,
        0xA659, 0xA659, 0xA659, 0xA659, 0xA659, 0xA659, 0xA659, 0xA659, 0xA659, 0xA659, 0xA659, 0xA659, 0xA659, 0x18C3, 0x18C3, 0x18C3, 0xF7BE, 0xF7BE, 0xF7BE, 0xA659, 0xA659, 0xA659, 0xA659, 0xA659, 0xA659, 0xA659, 0xA659, 0xA659, 0xA659, 0xA659, 0xA659, 0xA659,
        0xA659, 0xA659, 0xA659, 0xA659, 0xA659, 0xA659, 0xA659, 0xA659, 0xA659, 0xA659, 0xA659, 0xA659, 0xA659, 0x18C3, 0x18C3, 0x18C3, 0xF7BE, 0xF7BE, 0xF7BE, 0xA659, 0xA659, 0xA659, 0xA659, 0xA659, 0xA659, 0xA659, 0xA659, 0xA659, 0xA659, 0xA659, 0xA659, 0xA659,
        0xA659, 0xA659, 0xA659, 0xA659, 0xA659, 0xA659, 0xA659, 0xA659, 0xA659, 0xA659, 0xA659, 0xA659, 0xA659, 0x18C3, 0x18C3, 0x18C3, 0xF7BE, 0xF7BE, 0xF7BE, 0xA659, 0xA659, 0xA659, 0xA659, 0xA659, 0xA659, 0xA659, 0xA659, 0xA659, 0xA659, 0xA659, 0xA659, 0xA659,
        0xA659, 0xA659, 0xA659, 0xA659, 0xA659, 0xA659, 0xA659, 0xA659, 0xA659, 0xA659, 0xA659, 0xA659, 0xA659, 0xF7BE, 0xF7BE, 0xF7BE, 0x18C3, 0x18C3, 0x18C3, 0xA659, 0xA659, 0xA659, 0xA659, 0xA659, 0xA659, 0xA659, 0xA659, 0xA659, 0xA659, 0xA659, 0xA659, 0xA659,
        0xA659, 0xA659, 0xA659, 0xA659, 0xA659, 0xA659, 0xA659, 0xA659, 0xA659, 0xA659, 0xA659, 0xA659, 0xA659, 0xF7BE, 0xF7BE, 0xF7BE, 0x18C3, 0x18C3, 0x18C3, 0xA659, 0xA659, 0xA659, 0xA659, 0xA659, 0xA659, 0xA659, 0xA659, 0xA659, 0xA659, 0xA659, 0xA659, 0xA659,
        0xA659, 0xA659, 0xA659, 0xA659, 0xA659, 0xA659, 0xA659, 0xA659, 0xA659, 0xA659, 0xA659, 0xA659, 0xA659, 0xF7BE, 0xF7BE, 0xF7BE, 0x18C3, 0x18C3, 0x18C3, 0xA659, 0xA659, 0xA659, 0xA659, 0xA659, 0xA659, 0xA659, 0xA659, 0xA659, 0xA659, 0xA659, 0xA659, 0xA659,
        0xA659, 0xA659, 0xA659, 0xA659, 0xA659, 0xA659, 0xA659, 0xA659, 0xA659, 0xA659, 0xA659, 0xA659, 0xA659, 0xF7BE, 0xF7BE, 0xF7BE, 0x18C3, 0x18C3, 0x18C3, 0xA659, 0xA659, 0xA659, 0xA659, 0xA659, 0xA659, 0xA659, 0xA659, 0xA659, 0xA659, 0xA659, 0xA659, 0xA659,
        0xA659, 0xA659, 0xA659, 0xA659, 0xA659, 0xA659, 0xA659, 0xA659, 0xA659, 0xA659, 0xA659, 0xA659, 0xA659, 0x18C3, 0x18C3, 0x18C3, 0xF7BE, 0xF7BE, 0xF7BE, 0xA659, 0xA659, 0xA659, 0xA659, 0xA659, 0xA659, 0xA659, 0xA659, 0xA659, 0xA659, 0xA659, 0xA659, 0xA659,
        0xA659, 0xA659, 0xA659, 0xA659, 0xA659, 0xA659, 0xA659, 0xA659, 0xA659, 0xA659, 0xA659, 0xA659, 0xA659, 0x18C3, 0x18C3, 0x18C3, 0xF7BE, 0xF7BE, 0xF7BE, 0xA659, 0xA659, 0xA659, 0xA659, 0xA659, 0xA659, 0xA659, 0xA659, 0xA659, 0xA659, 0xA659, 0xA659, 0xA659,
        0xA659, 0xA659, 0xA659, 0xA659, 0xA659, 0xA659, 0xA659, 0xA659, 0xA659, 0xA659, 0xA659, 0xA659, 0xA659, 0x18C3, 0x18C3, 0x18C3, 0xF7BE, 0xF7BE, 0xF7BE, 0xA659, 0xA659, 0xA659, 0xA659, 0xA659, 0xA659, 0xA659, 0xA659, 0xA659, 0xA659, 0xA659, 0xA659, 0xA659,
        0xA659, 0xA659, 0xA659, 0xA659, 0xA659, 0xA659, 0xA659, 0xA659, 0xA659, 0xA659, 0xA659, 0xA659, 0xA659, 0x18C3, 0x18C3, 0x18C3, 0xF7BE, 0xF7BE, 0xF7BE, 0xA659, 0xA659, 0xA659, 0xA659, 0xA659, 0xA659, 0xA659, 0xA659, 0xA659, 0xA659, 0xA659, 0xA659, 0xA659
    }
};
